PWD: /users/i/n/inserra/Tetris-EEG
LOGDIR: /users/i/n/inserra/Tetris-EEG/logs
GPUs: [PhysicalDevice(name='/physical_device:GPU:0', device_type='GPU')]
Starting EEGo LSTM CV script...
EEGo shape: (58628, 84)
Number of sessions: 20
affect_emotion
E    22092
A    15277
R    11950
B     9309
Name: count, dtype: int64
Arousal Baseline: 0.6373916899774852
Valence Baseline: 0.580644060858293
n_features: 126
['AF3_theta', 'AF3_alpha', 'AF3_betaL', 'AF3_betaH', 'AF3_gamma', 'F7_theta', 'F7_alpha', 'F7_betaL', 'F7_betaH', 'F7_gamma', 'F3_theta', 'F3_alpha', 'F3_betaL', 'F3_betaH', 'F3_gamma', 'FC5_theta', 'FC5_alpha', 'FC5_betaL', 'FC5_betaH', 'FC5_gamma', 'T7_theta', 'T7_alpha', 'T7_betaL', 'T7_betaH', 'T7_gamma', 'P7_theta', 'P7_alpha', 'P7_betaL', 'P7_betaH', 'P7_gamma', 'O1_theta', 'O1_alpha', 'O1_betaL', 'O1_betaH', 'O1_gamma', 'O2_theta', 'O2_alpha', 'O2_betaL', 'O2_betaH', 'O2_gamma', 'P8_theta', 'P8_alpha', 'P8_betaL', 'P8_betaH', 'P8_gamma', 'T8_theta', 'T8_alpha', 'T8_betaL', 'T8_betaH', 'T8_gamma', 'FC6_theta', 'FC6_alpha', 'FC6_betaL', 'FC6_betaH', 'FC6_gamma', 'F4_theta', 'F4_alpha', 'F4_betaL', 'F4_betaH', 'F4_gamma', 'F8_theta', 'F8_alpha', 'F8_betaL', 'F8_betaH', 'F8_gamma', 'AF4_theta', 'AF4_alpha', 'AF4_betaL', 'AF4_betaH', 'AF4_gamma', 'AF3_entropy', 'F7_entropy', 'F3_entropy', 'FC5_entropy', 'T7_entropy', 'P7_entropy', 'O1_entropy', 'O2_entropy', 'P8_entropy', 'T8_entropy', 'FC6_entropy', 'F4_entropy', 'F8_entropy', 'AF4_entropy', 'AF4_AF3_alpha_da', 'AF4_AF3_alpha_ra', 'AF4_AF3_gamma_da', 'AF4_AF3_gamma_ra', 'AF4_AF3_theta_da', 'AF4_AF3_theta_ra', 'F4_F3_alpha_da', 'F4_F3_alpha_ra', 'F4_F3_gamma_da', 'F4_F3_gamma_ra', 'F4_F3_theta_da', 'F4_F3_theta_ra', 'F8_F7_alpha_da', 'F8_F7_alpha_ra', 'F8_F7_gamma_da', 'F8_F7_gamma_ra', 'F8_F7_theta_da', 'F8_F7_theta_ra', 'FC6_FC5_alpha_da', 'FC6_FC5_alpha_ra', 'FC6_FC5_gamma_da', 'FC6_FC5_gamma_ra', 'FC6_FC5_theta_da', 'FC6_FC5_theta_ra', 'T8_T7_alpha_da', 'T8_T7_alpha_ra', 'T8_T7_gamma_da', 'T8_T7_gamma_ra', 'T8_T7_theta_da', 'T8_T7_theta_ra', 'P8_P7_alpha_da', 'P8_P7_alpha_ra', 'P8_P7_gamma_da', 'P8_P7_gamma_ra', 'P8_P7_theta_da', 'P8_P7_theta_ra', 'O2_O1_alpha_da', 'O2_O1_alpha_ra', 'O2_O1_gamma_da', 'O2_O1_gamma_ra', 'O2_O1_theta_da', 'O2_O1_theta_ra']
Fold 0: test(k=5)=['133132cd-3fbf-47ba-9aae-904dd09ae86b', '1ac3973c-c080-42f8-a702-2842bfacdcee', '67ea0706-a879-4f3e-9ccb-eee88e55dc4d', '902f0696-60e6-48b2-a23d-c64d8116eb2a', 'cb55e9c5-de1f-4b23-891e-1fab91ecde5d']
Fold 1: test(k=5)=['0deaeb12-dc13-4d16-878e-ec134b330bf6', 'c1d73b99-82e6-47ff-b4a8-20ea634f7ca4', 'd8d72365-c7fe-494a-8504-0b268331e66e', 'e58ee8e6-b15d-43a3-ac58-56c4fb11d86e', 'ed5a3e23-9e05-4bbc-a998-7d1403a54191']
Fold 2: test(k=5)=['96f6a467-9ef5-4c1d-a1f2-e219137a7ac1', 'b8175a99-c266-447b-bffa-b0490a5c337f', 'cc79c8ee-48e4-4d7b-8dc0-54ed771a05c7', 'cd30d8fb-98e0-4379-954f-0bf9b2b76e76', 'fbaf41fe-0895-4dc9-988a-59eb3effa7be']
Fold 3: test(k=5)=['47dc2ddb-2356-4f11-9143-6a42e93ed3ca', '4c9623ea-ce9b-455d-97c8-e8d87ef7eaad', '9ad396af-4129-4092-a06d-e4080ca1df0b', '9f0f8a7a-edd9-4d35-bba4-72029cd2ec56', 'ca488455-71e2-4298-ac54-abb022fdd720']

#############################################
HP COMBO: lr=0.0001, epochs=100, units=256, batch=64, patience=20, fixed_T=1200
#############################################

==============================
Fold 0 | LEFT OUT SESSIONS: [np.str_('902f0696-60e6-48b2-a23d-c64d8116eb2a'), np.str_('cb55e9c5-de1f-4b23-891e-1fab91ecde5d'), np.str_('67ea0706-a879-4f3e-9ccb-eee88e55dc4d'), np.str_('1ac3973c-c080-42f8-a702-2842bfacdcee'), np.str_('133132cd-3fbf-47ba-9aae-904dd09ae86b')]
==============================

--- Target: affect_valence ---
Train label counts:
affect_valence
4.0    22575
2.0    21245
Name: count, dtype: int64
Test label counts:
affect_valence
4.0    11467
2.0     3341
Name: count, dtype: int64
Epoch 1/100
2/2 - 23s - 11s/step - accuracy: 0.5238 - auc: 0.5564 - loss: 0.6964 - val_accuracy: 0.4667 - val_auc: 0.4500 - val_loss: 0.6844 - learning_rate: 1.0000e-04
Epoch 2/100
2/2 - 0s - 138ms/step - accuracy: 0.4643 - auc: 0.4903 - loss: 0.7005 - val_accuracy: 0.5333 - val_auc: 0.4300 - val_loss: 0.6738 - learning_rate: 1.0000e-04
Epoch 3/100
2/2 - 0s - 127ms/step - accuracy: 0.5595 - auc: 0.5506 - loss: 0.6897 - val_accuracy: 0.6667 - val_auc: 0.4700 - val_loss: 0.6648 - learning_rate: 1.0000e-04
Epoch 4/100
2/2 - 0s - 126ms/step - accuracy: 0.5000 - auc: 0.5715 - loss: 0.6920 - val_accuracy: 0.6667 - val_auc: 0.4800 - val_loss: 0.6582 - learning_rate: 1.0000e-04
Epoch 5/100
2/2 - 0s - 125ms/step - accuracy: 0.5238 - auc: 0.5973 - loss: 0.6917 - val_accuracy: 0.6667 - val_auc: 0.4800 - val_loss: 0.6537 - learning_rate: 1.0000e-04
Epoch 6/100
2/2 - 0s - 125ms/step - accuracy: 0.5714 - auc: 0.6919 - loss: 0.6678 - val_accuracy: 0.6667 - val_auc: 0.4700 - val_loss: 0.6516 - learning_rate: 1.0000e-04
Epoch 7/100
2/2 - 0s - 125ms/step - accuracy: 0.5714 - auc: 0.6605 - loss: 0.6699 - val_accuracy: 0.6667 - val_auc: 0.4600 - val_loss: 0.6509 - learning_rate: 1.0000e-04
Epoch 8/100
2/2 - 0s - 124ms/step - accuracy: 0.5357 - auc: 0.7251 - loss: 0.6654 - val_accuracy: 0.6667 - val_auc: 0.4800 - val_loss: 0.6513 - learning_rate: 1.0000e-04
Epoch 9/100
2/2 - 0s - 124ms/step - accuracy: 0.5357 - auc: 0.6585 - loss: 0.6804 - val_accuracy: 0.6667 - val_auc: 0.4800 - val_loss: 0.6523 - learning_rate: 1.0000e-04
Epoch 10/100
2/2 - 0s - 124ms/step - accuracy: 0.6548 - auc: 0.7440 - loss: 0.6443 - val_accuracy: 0.6667 - val_auc: 0.4900 - val_loss: 0.6533 - learning_rate: 1.0000e-04
Epoch 11/100
2/2 - 0s - 125ms/step - accuracy: 0.5952 - auc: 0.6982 - loss: 0.6571 - val_accuracy: 0.6667 - val_auc: 0.4800 - val_loss: 0.6544 - learning_rate: 1.0000e-04
Epoch 12/100
2/2 - 0s - 126ms/step - accuracy: 0.6071 - auc: 0.7265 - loss: 0.6410 - val_accuracy: 0.6667 - val_auc: 0.4500 - val_loss: 0.6557 - learning_rate: 1.0000e-04
Epoch 13/100
2/2 - 0s - 125ms/step - accuracy: 0.6548 - auc: 0.7297 - loss: 0.6352 - val_accuracy: 0.6667 - val_auc: 0.4600 - val_loss: 0.6571 - learning_rate: 1.0000e-04
Epoch 14/100
2/2 - 0s - 127ms/step - accuracy: 0.5238 - auc: 0.6333 - loss: 0.6726 - val_accuracy: 0.6667 - val_auc: 0.4800 - val_loss: 0.6578 - learning_rate: 5.0000e-05
Epoch 15/100
2/2 - 0s - 128ms/step - accuracy: 0.6310 - auc: 0.7182 - loss: 0.6453 - val_accuracy: 0.6667 - val_auc: 0.4600 - val_loss: 0.6586 - learning_rate: 5.0000e-05
Epoch 16/100
2/2 - 0s - 134ms/step - accuracy: 0.6548 - auc: 0.7326 - loss: 0.6328 - val_accuracy: 0.6667 - val_auc: 0.4600 - val_loss: 0.6592 - learning_rate: 5.0000e-05
Epoch 17/100
2/2 - 0s - 131ms/step - accuracy: 0.6429 - auc: 0.7380 - loss: 0.6292 - val_accuracy: 0.6667 - val_auc: 0.4600 - val_loss: 0.6598 - learning_rate: 5.0000e-05
Epoch 18/100
2/2 - 0s - 125ms/step - accuracy: 0.6190 - auc: 0.6773 - loss: 0.6549 - val_accuracy: 0.6667 - val_auc: 0.4600 - val_loss: 0.6605 - learning_rate: 5.0000e-05
Epoch 19/100
2/2 - 0s - 126ms/step - accuracy: 0.6786 - auc: 0.7557 - loss: 0.6224 - val_accuracy: 0.6667 - val_auc: 0.4700 - val_loss: 0.6612 - learning_rate: 5.0000e-05
Epoch 20/100
2/2 - 0s - 124ms/step - accuracy: 0.6429 - auc: 0.7162 - loss: 0.6270 - val_accuracy: 0.6667 - val_auc: 0.4400 - val_loss: 0.6617 - learning_rate: 5.0000e-05
Epoch 21/100
2/2 - 0s - 126ms/step - accuracy: 0.6310 - auc: 0.7243 - loss: 0.6284 - val_accuracy: 0.6667 - val_auc: 0.4800 - val_loss: 0.6624 - learning_rate: 5.0000e-05
Epoch 22/100
2/2 - 0s - 126ms/step - accuracy: 0.6310 - auc: 0.7214 - loss: 0.6222 - val_accuracy: 0.6667 - val_auc: 0.4900 - val_loss: 0.6632 - learning_rate: 5.0000e-05
Epoch 23/100
2/2 - 0s - 127ms/step - accuracy: 0.5952 - auc: 0.7500 - loss: 0.6166 - val_accuracy: 0.6667 - val_auc: 0.4500 - val_loss: 0.6639 - learning_rate: 5.0000e-05

Fold metrics (affect_valence):
  acc: 0.6364
  bal_acc: 0.4375
  precision: 0.7000
  recall: 0.8750
  f1: 0.7778
  mcc: -0.1936
  auc: 0.5278
Confusion matrix:
 [[ 0  9]
 [ 3 21]]
Classification report:
              precision    recall  f1-score   support

           0     0.0000    0.0000    0.0000         9
           1     0.7000    0.8750    0.7778        24

    accuracy                         0.6364        33
   macro avg     0.3500    0.4375    0.3889        33
weighted avg     0.5091    0.6364    0.5657        33


--- Target: affect_arousal ---
Train label counts:
affect_arousal
4.0    29230
2.0    14590
Name: count, dtype: int64
Test label counts:
affect_arousal
4.0    8139
2.0    6669
Name: count, dtype: int64
Epoch 1/100
2/2 - 2s - 1s/step - accuracy: 0.5357 - auc: 0.5523 - loss: 0.6747 - val_accuracy: 1.0000 - val_auc: 0.0000e+00 - val_loss: 0.5295 - learning_rate: 1.0000e-04
Epoch 2/100
2/2 - 0s - 132ms/step - accuracy: 0.5833 - auc: 0.5073 - loss: 0.6716 - val_accuracy: 1.0000 - val_auc: 0.0000e+00 - val_loss: 0.4371 - learning_rate: 1.0000e-04
Epoch 3/100
2/2 - 0s - 129ms/step - accuracy: 0.6548 - auc: 0.6360 - loss: 0.6300 - val_accuracy: 1.0000 - val_auc: 0.0000e+00 - val_loss: 0.3631 - learning_rate: 1.0000e-04
Epoch 4/100
2/2 - 0s - 131ms/step - accuracy: 0.6786 - auc: 0.6948 - loss: 0.6102 - val_accuracy: 1.0000 - val_auc: 0.0000e+00 - val_loss: 0.3049 - learning_rate: 1.0000e-04
Epoch 5/100
2/2 - 0s - 134ms/step - accuracy: 0.6786 - auc: 0.7002 - loss: 0.6074 - val_accuracy: 1.0000 - val_auc: 0.0000e+00 - val_loss: 0.2591 - learning_rate: 1.0000e-04
Epoch 6/100
2/2 - 0s - 132ms/step - accuracy: 0.6429 - auc: 0.7599 - loss: 0.6034 - val_accuracy: 1.0000 - val_auc: 0.0000e+00 - val_loss: 0.2249 - learning_rate: 1.0000e-04
Epoch 7/100
2/2 - 0s - 135ms/step - accuracy: 0.6548 - auc: 0.8049 - loss: 0.5912 - val_accuracy: 1.0000 - val_auc: 0.0000e+00 - val_loss: 0.1989 - learning_rate: 1.0000e-04
Epoch 8/100
2/2 - 0s - 130ms/step - accuracy: 0.6667 - auc: 0.6942 - loss: 0.6399 - val_accuracy: 1.0000 - val_auc: 0.0000e+00 - val_loss: 0.1806 - learning_rate: 1.0000e-04
Epoch 9/100
2/2 - 0s - 131ms/step - accuracy: 0.6548 - auc: 0.7404 - loss: 0.6283 - val_accuracy: 1.0000 - val_auc: 0.0000e+00 - val_loss: 0.1676 - learning_rate: 1.0000e-04
Epoch 10/100
2/2 - 0s - 127ms/step - accuracy: 0.6548 - auc: 0.7845 - loss: 0.6019 - val_accuracy: 1.0000 - val_auc: 0.0000e+00 - val_loss: 0.1586 - learning_rate: 1.0000e-04
Epoch 11/100
2/2 - 0s - 131ms/step - accuracy: 0.6667 - auc: 0.8615 - loss: 0.5717 - val_accuracy: 1.0000 - val_auc: 0.0000e+00 - val_loss: 0.1522 - learning_rate: 1.0000e-04
Epoch 12/100
2/2 - 0s - 130ms/step - accuracy: 0.6548 - auc: 0.7961 - loss: 0.5942 - val_accuracy: 1.0000 - val_auc: 0.0000e+00 - val_loss: 0.1502 - learning_rate: 5.0000e-05
Epoch 13/100
2/2 - 0s - 129ms/step - accuracy: 0.6667 - auc: 0.7909 - loss: 0.5930 - val_accuracy: 1.0000 - val_auc: 0.0000e+00 - val_loss: 0.1488 - learning_rate: 5.0000e-05
Epoch 14/100
2/2 - 0s - 128ms/step - accuracy: 0.6429 - auc: 0.7955 - loss: 0.5965 - val_accuracy: 1.0000 - val_auc: 0.0000e+00 - val_loss: 0.1486 - learning_rate: 5.0000e-05
Epoch 15/100
2/2 - 0s - 130ms/step - accuracy: 0.6667 - auc: 0.7970 - loss: 0.5876 - val_accuracy: 1.0000 - val_auc: 0.0000e+00 - val_loss: 0.1488 - learning_rate: 5.0000e-05
Epoch 16/100
2/2 - 0s - 138ms/step - accuracy: 0.6429 - auc: 0.7812 - loss: 0.5919 - val_accuracy: 1.0000 - val_auc: 0.0000e+00 - val_loss: 0.1495 - learning_rate: 5.0000e-05
Epoch 17/100
2/2 - 0s - 133ms/step - accuracy: 0.6786 - auc: 0.7712 - loss: 0.5933 - val_accuracy: 1.0000 - val_auc: 0.0000e+00 - val_loss: 0.1506 - learning_rate: 5.0000e-05
Epoch 18/100
2/2 - 0s - 135ms/step - accuracy: 0.7024 - auc: 0.8198 - loss: 0.5539 - val_accuracy: 1.0000 - val_auc: 0.0000e+00 - val_loss: 0.1518 - learning_rate: 5.0000e-05
Epoch 19/100
2/2 - 0s - 128ms/step - accuracy: 0.6548 - auc: 0.8156 - loss: 0.5719 - val_accuracy: 1.0000 - val_auc: 0.0000e+00 - val_loss: 0.1531 - learning_rate: 5.0000e-05
Epoch 20/100
2/2 - 0s - 128ms/step - accuracy: 0.6786 - auc: 0.8071 - loss: 0.5591 - val_accuracy: 1.0000 - val_auc: 0.0000e+00 - val_loss: 0.1543 - learning_rate: 5.0000e-05
Epoch 21/100
2/2 - 0s - 128ms/step - accuracy: 0.6548 - auc: 0.7982 - loss: 0.5695 - val_accuracy: 1.0000 - val_auc: 0.0000e+00 - val_loss: 0.1556 - learning_rate: 5.0000e-05

Fold metrics (affect_arousal):
  acc: 0.5152
  bal_acc: 0.4474
  precision: 0.5484
  recall: 0.8947
  f1: 0.6800
  mcc: -0.2180
  auc: 0.4925
Confusion matrix:
 [[ 0 14]
 [ 2 17]]
Classification report:
              precision    recall  f1-score   support

           0     0.0000    0.0000    0.0000        14
           1     0.5484    0.8947    0.6800        19

    accuracy                         0.5152        33
   macro avg     0.2742    0.4474    0.3400        33
weighted avg     0.3157    0.5152    0.3915        33


==============================
Fold 1 | LEFT OUT SESSIONS: [np.str_('d8d72365-c7fe-494a-8504-0b268331e66e'), np.str_('e58ee8e6-b15d-43a3-ac58-56c4fb11d86e'), np.str_('ed5a3e23-9e05-4bbc-a998-7d1403a54191'), np.str_('c1d73b99-82e6-47ff-b4a8-20ea634f7ca4'), np.str_('0deaeb12-dc13-4d16-878e-ec134b330bf6')]
==============================

--- Target: affect_valence ---
Train label counts:
affect_valence
4.0    25284
2.0    18777
Name: count, dtype: int64
Test label counts:
affect_valence
4.0    8758
2.0    5809
Name: count, dtype: int64
Epoch 1/100
2/2 - 3s - 1s/step - accuracy: 0.4048 - auc: 0.4336 - loss: 0.7181 - val_accuracy: 0.6000 - val_auc: 0.4900 - val_loss: 0.6718 - learning_rate: 1.0000e-04
Epoch 2/100
2/2 - 0s - 128ms/step - accuracy: 0.5000 - auc: 0.5303 - loss: 0.7003 - val_accuracy: 0.6667 - val_auc: 0.5200 - val_loss: 0.6579 - learning_rate: 1.0000e-04
Epoch 3/100
2/2 - 0s - 128ms/step - accuracy: 0.5833 - auc: 0.6200 - loss: 0.6775 - val_accuracy: 0.6667 - val_auc: 0.5000 - val_loss: 0.6478 - learning_rate: 1.0000e-04
Epoch 4/100
2/2 - 0s - 130ms/step - accuracy: 0.5714 - auc: 0.6994 - loss: 0.6578 - val_accuracy: 0.6667 - val_auc: 0.5000 - val_loss: 0.6423 - learning_rate: 1.0000e-04
Epoch 5/100
2/2 - 0s - 131ms/step - accuracy: 0.5357 - auc: 0.6395 - loss: 0.6827 - val_accuracy: 0.6667 - val_auc: 0.5000 - val_loss: 0.6411 - learning_rate: 1.0000e-04
Epoch 6/100
2/2 - 0s - 125ms/step - accuracy: 0.5476 - auc: 0.6520 - loss: 0.6853 - val_accuracy: 0.6667 - val_auc: 0.4400 - val_loss: 0.6429 - learning_rate: 1.0000e-04
Epoch 7/100
2/2 - 0s - 132ms/step - accuracy: 0.5714 - auc: 0.6092 - loss: 0.6928 - val_accuracy: 0.6667 - val_auc: 0.4000 - val_loss: 0.6456 - learning_rate: 1.0000e-04
Epoch 8/100
2/2 - 0s - 128ms/step - accuracy: 0.5595 - auc: 0.7272 - loss: 0.6581 - val_accuracy: 0.6667 - val_auc: 0.3800 - val_loss: 0.6486 - learning_rate: 1.0000e-04
Epoch 9/100
2/2 - 0s - 128ms/step - accuracy: 0.5595 - auc: 0.7104 - loss: 0.6774 - val_accuracy: 0.6667 - val_auc: 0.3500 - val_loss: 0.6515 - learning_rate: 1.0000e-04
Epoch 10/100
2/2 - 0s - 130ms/step - accuracy: 0.5833 - auc: 0.7362 - loss: 0.6571 - val_accuracy: 0.6667 - val_auc: 0.3000 - val_loss: 0.6541 - learning_rate: 1.0000e-04
Epoch 11/100
2/2 - 0s - 141ms/step - accuracy: 0.5952 - auc: 0.6753 - loss: 0.6751 - val_accuracy: 0.6667 - val_auc: 0.3600 - val_loss: 0.6562 - learning_rate: 1.0000e-04
Epoch 12/100
2/2 - 0s - 127ms/step - accuracy: 0.5952 - auc: 0.8185 - loss: 0.6230 - val_accuracy: 0.6667 - val_auc: 0.3000 - val_loss: 0.6577 - learning_rate: 1.0000e-04
Epoch 13/100
2/2 - 0s - 126ms/step - accuracy: 0.6071 - auc: 0.7150 - loss: 0.6661 - val_accuracy: 0.6667 - val_auc: 0.3100 - val_loss: 0.6584 - learning_rate: 5.0000e-05
Epoch 14/100
2/2 - 0s - 131ms/step - accuracy: 0.5952 - auc: 0.8324 - loss: 0.6121 - val_accuracy: 0.6667 - val_auc: 0.3100 - val_loss: 0.6588 - learning_rate: 5.0000e-05
Epoch 15/100
2/2 - 0s - 126ms/step - accuracy: 0.6786 - auc: 0.7459 - loss: 0.6369 - val_accuracy: 0.6667 - val_auc: 0.3100 - val_loss: 0.6592 - learning_rate: 5.0000e-05
Epoch 16/100
2/2 - 0s - 128ms/step - accuracy: 0.6429 - auc: 0.8074 - loss: 0.6186 - val_accuracy: 0.6667 - val_auc: 0.2900 - val_loss: 0.6596 - learning_rate: 5.0000e-05
Epoch 17/100
2/2 - 0s - 126ms/step - accuracy: 0.5714 - auc: 0.7541 - loss: 0.6349 - val_accuracy: 0.6667 - val_auc: 0.2900 - val_loss: 0.6602 - learning_rate: 5.0000e-05
Epoch 18/100
2/2 - 0s - 131ms/step - accuracy: 0.6786 - auc: 0.8758 - loss: 0.5886 - val_accuracy: 0.6667 - val_auc: 0.3200 - val_loss: 0.6610 - learning_rate: 5.0000e-05
Epoch 19/100
2/2 - 0s - 130ms/step - accuracy: 0.6310 - auc: 0.7422 - loss: 0.6324 - val_accuracy: 0.6667 - val_auc: 0.3100 - val_loss: 0.6621 - learning_rate: 5.0000e-05
Epoch 20/100
2/2 - 0s - 127ms/step - accuracy: 0.6190 - auc: 0.7853 - loss: 0.6193 - val_accuracy: 0.6667 - val_auc: 0.3000 - val_loss: 0.6630 - learning_rate: 5.0000e-05
Epoch 21/100
2/2 - 0s - 130ms/step - accuracy: 0.6190 - auc: 0.7771 - loss: 0.6217 - val_accuracy: 0.6667 - val_auc: 0.3100 - val_loss: 0.6641 - learning_rate: 5.0000e-05
Epoch 22/100
2/2 - 0s - 131ms/step - accuracy: 0.6786 - auc: 0.7689 - loss: 0.6226 - val_accuracy: 0.6667 - val_auc: 0.2900 - val_loss: 0.6653 - learning_rate: 5.0000e-05

Fold metrics (affect_valence):
  acc: 0.5152
  bal_acc: 0.4568
  precision: 0.5517
  recall: 0.8421
  f1: 0.6667
  mcc: -0.1309
  auc: 0.5226
Confusion matrix:
 [[ 1 13]
 [ 3 16]]
Classification report:
              precision    recall  f1-score   support

           0     0.2500    0.0714    0.1111        14
           1     0.5517    0.8421    0.6667        19

    accuracy                         0.5152        33
   macro avg     0.4009    0.4568    0.3889        33
weighted avg     0.4237    0.5152    0.4310        33


--- Target: affect_arousal ---
Train label counts:
affect_arousal
4.0    26641
2.0    17420
Name: count, dtype: int64
Test label counts:
affect_arousal
4.0    10728
2.0     3839
Name: count, dtype: int64
Epoch 1/100
2/2 - 2s - 1s/step - accuracy: 0.5595 - auc: 0.5422 - loss: 0.6820 - val_accuracy: 0.9333 - val_auc: 0.5714 - val_loss: 0.5739 - learning_rate: 1.0000e-04
Epoch 2/100
2/2 - 0s - 128ms/step - accuracy: 0.5476 - auc: 0.5761 - loss: 0.6704 - val_accuracy: 0.9333 - val_auc: 0.5000 - val_loss: 0.5657 - learning_rate: 1.0000e-04
Epoch 3/100
2/2 - 0s - 131ms/step - accuracy: 0.6429 - auc: 0.7008 - loss: 0.6432 - val_accuracy: 0.9333 - val_auc: 0.3571 - val_loss: 0.5699 - learning_rate: 1.0000e-04
Epoch 4/100
2/2 - 0s - 132ms/step - accuracy: 0.6071 - auc: 0.5619 - loss: 0.6800 - val_accuracy: 0.9333 - val_auc: 0.3214 - val_loss: 0.5745 - learning_rate: 1.0000e-04
Epoch 5/100
2/2 - 0s - 132ms/step - accuracy: 0.6310 - auc: 0.6733 - loss: 0.6567 - val_accuracy: 0.9333 - val_auc: 0.3214 - val_loss: 0.5802 - learning_rate: 1.0000e-04
Epoch 6/100
2/2 - 0s - 132ms/step - accuracy: 0.6071 - auc: 0.6725 - loss: 0.6466 - val_accuracy: 0.9333 - val_auc: 0.2857 - val_loss: 0.5870 - learning_rate: 1.0000e-04
Epoch 7/100
2/2 - 0s - 131ms/step - accuracy: 0.6905 - auc: 0.7436 - loss: 0.6266 - val_accuracy: 0.9333 - val_auc: 0.2857 - val_loss: 0.5919 - learning_rate: 1.0000e-04
Epoch 8/100
2/2 - 0s - 127ms/step - accuracy: 0.6548 - auc: 0.6765 - loss: 0.6511 - val_accuracy: 0.8667 - val_auc: 0.3214 - val_loss: 0.5963 - learning_rate: 1.0000e-04
Epoch 9/100
2/2 - 0s - 129ms/step - accuracy: 0.7381 - auc: 0.8371 - loss: 0.5931 - val_accuracy: 0.8667 - val_auc: 0.2857 - val_loss: 0.6041 - learning_rate: 1.0000e-04
Epoch 10/100
2/2 - 0s - 127ms/step - accuracy: 0.7024 - auc: 0.7607 - loss: 0.6218 - val_accuracy: 0.8000 - val_auc: 0.3571 - val_loss: 0.6110 - learning_rate: 1.0000e-04
Epoch 11/100
2/2 - 0s - 129ms/step - accuracy: 0.6786 - auc: 0.7543 - loss: 0.6323 - val_accuracy: 0.8000 - val_auc: 0.3929 - val_loss: 0.6122 - learning_rate: 1.0000e-04
Epoch 12/100
2/2 - 0s - 132ms/step - accuracy: 0.7143 - auc: 0.7584 - loss: 0.6138 - val_accuracy: 0.8000 - val_auc: 0.3929 - val_loss: 0.6109 - learning_rate: 5.0000e-05
Epoch 13/100
2/2 - 0s - 129ms/step - accuracy: 0.7976 - auc: 0.8898 - loss: 0.5686 - val_accuracy: 0.8000 - val_auc: 0.4286 - val_loss: 0.6086 - learning_rate: 5.0000e-05
Epoch 14/100
2/2 - 0s - 131ms/step - accuracy: 0.6905 - auc: 0.7138 - loss: 0.6310 - val_accuracy: 0.8000 - val_auc: 0.3929 - val_loss: 0.6054 - learning_rate: 5.0000e-05
Epoch 15/100
2/2 - 0s - 134ms/step - accuracy: 0.7619 - auc: 0.7922 - loss: 0.5962 - val_accuracy: 0.8000 - val_auc: 0.4286 - val_loss: 0.6020 - learning_rate: 5.0000e-05
Epoch 16/100
2/2 - 0s - 127ms/step - accuracy: 0.7500 - auc: 0.8267 - loss: 0.5878 - val_accuracy: 0.8000 - val_auc: 0.4286 - val_loss: 0.5988 - learning_rate: 5.0000e-05
Epoch 17/100
2/2 - 0s - 129ms/step - accuracy: 0.7738 - auc: 0.7876 - loss: 0.5938 - val_accuracy: 0.8000 - val_auc: 0.4286 - val_loss: 0.5963 - learning_rate: 5.0000e-05
Epoch 18/100
2/2 - 0s - 131ms/step - accuracy: 0.7381 - auc: 0.7920 - loss: 0.6006 - val_accuracy: 0.8000 - val_auc: 0.4286 - val_loss: 0.5941 - learning_rate: 5.0000e-05
Epoch 19/100
2/2 - 0s - 127ms/step - accuracy: 0.7024 - auc: 0.7717 - loss: 0.5932 - val_accuracy: 0.8000 - val_auc: 0.4286 - val_loss: 0.5931 - learning_rate: 5.0000e-05
Epoch 20/100
2/2 - 0s - 126ms/step - accuracy: 0.7619 - auc: 0.8354 - loss: 0.5736 - val_accuracy: 0.8000 - val_auc: 0.4286 - val_loss: 0.5926 - learning_rate: 5.0000e-05
Epoch 21/100
2/2 - 0s - 126ms/step - accuracy: 0.7143 - auc: 0.7853 - loss: 0.5888 - val_accuracy: 0.7333 - val_auc: 0.4286 - val_loss: 0.5933 - learning_rate: 5.0000e-05

Fold metrics (affect_arousal):
  acc: 0.6667
  bal_acc: 0.4400
  precision: 0.7333
  recall: 0.8800
  f1: 0.8000
  mcc: -0.1789
  auc: 0.4150
Confusion matrix:
 [[ 0  8]
 [ 3 22]]
Classification report:
              precision    recall  f1-score   support

           0     0.0000    0.0000    0.0000         8
           1     0.7333    0.8800    0.8000        25

    accuracy                         0.6667        33
   macro avg     0.3667    0.4400    0.4000        33
weighted avg     0.5556    0.6667    0.6061        33


==============================
Fold 2 | LEFT OUT SESSIONS: [np.str_('96f6a467-9ef5-4c1d-a1f2-e219137a7ac1'), np.str_('cd30d8fb-98e0-4379-954f-0bf9b2b76e76'), np.str_('fbaf41fe-0895-4dc9-988a-59eb3effa7be'), np.str_('cc79c8ee-48e4-4d7b-8dc0-54ed771a05c7'), np.str_('b8175a99-c266-447b-bffa-b0490a5c337f')]
==============================

--- Target: affect_valence ---
Train label counts:
affect_valence
4.0    27900
2.0    15935
Name: count, dtype: int64
Test label counts:
affect_valence
2.0    8651
4.0    6142
Name: count, dtype: int64
Epoch 1/100
2/2 - 2s - 1s/step - accuracy: 0.4881 - auc: 0.4631 - loss: 0.7120 - val_accuracy: 0.8000 - val_auc: 0.3462 - val_loss: 0.6376 - learning_rate: 1.0000e-04
Epoch 2/100
2/2 - 0s - 127ms/step - accuracy: 0.5595 - auc: 0.5475 - loss: 0.6891 - val_accuracy: 0.8000 - val_auc: 0.3269 - val_loss: 0.6010 - learning_rate: 1.0000e-04
Epoch 3/100
2/2 - 0s - 127ms/step - accuracy: 0.6310 - auc: 0.6161 - loss: 0.6778 - val_accuracy: 0.8667 - val_auc: 0.3077 - val_loss: 0.5671 - learning_rate: 1.0000e-04
Epoch 4/100
2/2 - 0s - 126ms/step - accuracy: 0.5357 - auc: 0.5686 - loss: 0.6871 - val_accuracy: 0.8667 - val_auc: 0.3077 - val_loss: 0.5404 - learning_rate: 1.0000e-04
Epoch 5/100
2/2 - 0s - 127ms/step - accuracy: 0.5714 - auc: 0.5661 - loss: 0.6894 - val_accuracy: 0.8667 - val_auc: 0.3077 - val_loss: 0.5194 - learning_rate: 1.0000e-04
Epoch 6/100
2/2 - 0s - 126ms/step - accuracy: 0.5119 - auc: 0.5529 - loss: 0.6998 - val_accuracy: 0.8667 - val_auc: 0.3077 - val_loss: 0.5046 - learning_rate: 1.0000e-04
Epoch 7/100
2/2 - 0s - 129ms/step - accuracy: 0.5476 - auc: 0.5129 - loss: 0.7163 - val_accuracy: 0.8667 - val_auc: 0.2692 - val_loss: 0.4940 - learning_rate: 1.0000e-04
Epoch 8/100
2/2 - 0s - 126ms/step - accuracy: 0.5595 - auc: 0.7366 - loss: 0.6522 - val_accuracy: 0.8667 - val_auc: 0.2500 - val_loss: 0.4869 - learning_rate: 1.0000e-04
Epoch 9/100
2/2 - 0s - 128ms/step - accuracy: 0.5357 - auc: 0.6608 - loss: 0.6732 - val_accuracy: 0.8667 - val_auc: 0.2308 - val_loss: 0.4817 - learning_rate: 1.0000e-04
Epoch 10/100
2/2 - 0s - 128ms/step - accuracy: 0.5714 - auc: 0.6848 - loss: 0.6625 - val_accuracy: 0.8667 - val_auc: 0.2115 - val_loss: 0.4780 - learning_rate: 1.0000e-04
Epoch 11/100
2/2 - 0s - 133ms/step - accuracy: 0.5119 - auc: 0.6393 - loss: 0.6818 - val_accuracy: 0.8667 - val_auc: 0.2692 - val_loss: 0.4757 - learning_rate: 1.0000e-04
Epoch 12/100
2/2 - 0s - 134ms/step - accuracy: 0.5952 - auc: 0.6067 - loss: 0.6814 - val_accuracy: 0.8667 - val_auc: 0.3269 - val_loss: 0.4751 - learning_rate: 1.0000e-04
Epoch 13/100
2/2 - 0s - 133ms/step - accuracy: 0.6310 - auc: 0.7589 - loss: 0.6317 - val_accuracy: 0.8667 - val_auc: 0.3077 - val_loss: 0.4762 - learning_rate: 1.0000e-04
Epoch 14/100
2/2 - 0s - 124ms/step - accuracy: 0.6190 - auc: 0.7180 - loss: 0.6394 - val_accuracy: 0.8667 - val_auc: 0.3077 - val_loss: 0.4768 - learning_rate: 5.0000e-05
Epoch 15/100
2/2 - 0s - 124ms/step - accuracy: 0.6429 - auc: 0.7569 - loss: 0.6186 - val_accuracy: 0.8667 - val_auc: 0.3269 - val_loss: 0.4774 - learning_rate: 5.0000e-05
Epoch 16/100
2/2 - 0s - 125ms/step - accuracy: 0.6429 - auc: 0.7137 - loss: 0.6391 - val_accuracy: 0.8667 - val_auc: 0.3269 - val_loss: 0.4779 - learning_rate: 5.0000e-05
Epoch 17/100
2/2 - 0s - 130ms/step - accuracy: 0.6429 - auc: 0.7160 - loss: 0.6345 - val_accuracy: 0.8667 - val_auc: 0.3654 - val_loss: 0.4781 - learning_rate: 5.0000e-05
Epoch 18/100
2/2 - 0s - 126ms/step - accuracy: 0.5714 - auc: 0.6645 - loss: 0.6587 - val_accuracy: 0.8667 - val_auc: 0.3654 - val_loss: 0.4781 - learning_rate: 5.0000e-05
Epoch 19/100
2/2 - 0s - 125ms/step - accuracy: 0.6429 - auc: 0.6785 - loss: 0.6516 - val_accuracy: 0.8667 - val_auc: 0.3654 - val_loss: 0.4782 - learning_rate: 5.0000e-05
Epoch 20/100
2/2 - 0s - 131ms/step - accuracy: 0.6667 - auc: 0.7348 - loss: 0.6211 - val_accuracy: 0.8667 - val_auc: 0.3654 - val_loss: 0.4780 - learning_rate: 5.0000e-05
Epoch 21/100
2/2 - 0s - 127ms/step - accuracy: 0.6667 - auc: 0.7606 - loss: 0.6191 - val_accuracy: 0.8667 - val_auc: 0.3654 - val_loss: 0.4773 - learning_rate: 5.0000e-05
Epoch 22/100
2/2 - 0s - 134ms/step - accuracy: 0.6905 - auc: 0.7569 - loss: 0.6102 - val_accuracy: 0.8667 - val_auc: 0.3654 - val_loss: 0.4762 - learning_rate: 5.0000e-05
Epoch 23/100
2/2 - 0s - 136ms/step - accuracy: 0.6429 - auc: 0.7406 - loss: 0.6166 - val_accuracy: 0.8667 - val_auc: 0.3846 - val_loss: 0.4753 - learning_rate: 5.0000e-05

Fold metrics (affect_valence):
  acc: 0.5455
  bal_acc: 0.6250
  precision: 0.4643
  recall: 1.0000
  f1: 0.6341
  mcc: 0.3407
  auc: 0.7885
Confusion matrix:
 [[ 5 15]
 [ 0 13]]
Classification report:
              precision    recall  f1-score   support

           0     1.0000    0.2500    0.4000        20
           1     0.4643    1.0000    0.6341        13

    accuracy                         0.5455        33
   macro avg     0.7321    0.6250    0.5171        33
weighted avg     0.7890    0.5455    0.4922        33


--- Target: affect_arousal ---
Train label counts:
affect_arousal
4.0    26606
2.0    17229
Name: count, dtype: int64
Test label counts:
affect_arousal
4.0    10763
2.0     4030
Name: count, dtype: int64
Epoch 1/100
2/2 - 2s - 1s/step - accuracy: 0.4762 - auc: 0.4714 - loss: 0.7048 - val_accuracy: 0.8667 - val_auc: 0.0357 - val_loss: 0.5886 - learning_rate: 1.0000e-04
Epoch 2/100
2/2 - 0s - 125ms/step - accuracy: 0.5476 - auc: 0.6318 - loss: 0.6602 - val_accuracy: 0.8667 - val_auc: 0.0357 - val_loss: 0.5743 - learning_rate: 1.0000e-04
Epoch 3/100
2/2 - 0s - 129ms/step - accuracy: 0.6310 - auc: 0.6493 - loss: 0.6481 - val_accuracy: 0.8667 - val_auc: 0.0000e+00 - val_loss: 0.5712 - learning_rate: 1.0000e-04
Epoch 4/100
2/2 - 0s - 128ms/step - accuracy: 0.6310 - auc: 0.6784 - loss: 0.6456 - val_accuracy: 0.8667 - val_auc: 0.0000e+00 - val_loss: 0.5691 - learning_rate: 1.0000e-04
Epoch 5/100
2/2 - 0s - 125ms/step - accuracy: 0.6310 - auc: 0.6496 - loss: 0.6469 - val_accuracy: 0.8667 - val_auc: 0.0000e+00 - val_loss: 0.5695 - learning_rate: 1.0000e-04
Epoch 6/100
2/2 - 0s - 130ms/step - accuracy: 0.6429 - auc: 0.6461 - loss: 0.6512 - val_accuracy: 0.8000 - val_auc: 0.0000e+00 - val_loss: 0.5746 - learning_rate: 1.0000e-04
Epoch 7/100
2/2 - 0s - 127ms/step - accuracy: 0.6548 - auc: 0.6918 - loss: 0.6249 - val_accuracy: 0.8000 - val_auc: 0.0000e+00 - val_loss: 0.5831 - learning_rate: 1.0000e-04
Epoch 8/100
2/2 - 0s - 125ms/step - accuracy: 0.5952 - auc: 0.6306 - loss: 0.6582 - val_accuracy: 0.8000 - val_auc: 0.0000e+00 - val_loss: 0.5962 - learning_rate: 1.0000e-04
Epoch 9/100
2/2 - 0s - 126ms/step - accuracy: 0.7619 - auc: 0.7863 - loss: 0.5930 - val_accuracy: 0.7333 - val_auc: 0.0000e+00 - val_loss: 0.6105 - learning_rate: 1.0000e-04
Epoch 10/100
2/2 - 0s - 129ms/step - accuracy: 0.6905 - auc: 0.7044 - loss: 0.6318 - val_accuracy: 0.7333 - val_auc: 0.0000e+00 - val_loss: 0.6229 - learning_rate: 1.0000e-04
Epoch 11/100
2/2 - 0s - 127ms/step - accuracy: 0.7262 - auc: 0.7878 - loss: 0.5900 - val_accuracy: 0.7333 - val_auc: 0.0000e+00 - val_loss: 0.6331 - learning_rate: 1.0000e-04
Epoch 12/100
2/2 - 0s - 127ms/step - accuracy: 0.7857 - auc: 0.7746 - loss: 0.5965 - val_accuracy: 0.7333 - val_auc: 0.0000e+00 - val_loss: 0.6363 - learning_rate: 5.0000e-05
Epoch 13/100
2/2 - 0s - 129ms/step - accuracy: 0.7262 - auc: 0.7420 - loss: 0.6006 - val_accuracy: 0.7333 - val_auc: 0.0000e+00 - val_loss: 0.6377 - learning_rate: 5.0000e-05
Epoch 14/100
2/2 - 0s - 133ms/step - accuracy: 0.7500 - auc: 0.8003 - loss: 0.5720 - val_accuracy: 0.7333 - val_auc: 0.0000e+00 - val_loss: 0.6384 - learning_rate: 5.0000e-05
Epoch 15/100
2/2 - 0s - 132ms/step - accuracy: 0.7143 - auc: 0.7542 - loss: 0.5967 - val_accuracy: 0.7333 - val_auc: 0.0000e+00 - val_loss: 0.6375 - learning_rate: 5.0000e-05
Epoch 16/100
2/2 - 0s - 128ms/step - accuracy: 0.7500 - auc: 0.8245 - loss: 0.5649 - val_accuracy: 0.6667 - val_auc: 0.0000e+00 - val_loss: 0.6376 - learning_rate: 5.0000e-05
Epoch 17/100
2/2 - 0s - 129ms/step - accuracy: 0.7619 - auc: 0.7843 - loss: 0.5840 - val_accuracy: 0.6667 - val_auc: 0.0000e+00 - val_loss: 0.6381 - learning_rate: 5.0000e-05
Epoch 18/100
2/2 - 0s - 139ms/step - accuracy: 0.7738 - auc: 0.8580 - loss: 0.5575 - val_accuracy: 0.6667 - val_auc: 0.0000e+00 - val_loss: 0.6377 - learning_rate: 5.0000e-05
Epoch 19/100
2/2 - 0s - 131ms/step - accuracy: 0.7143 - auc: 0.7778 - loss: 0.5790 - val_accuracy: 0.6667 - val_auc: 0.0000e+00 - val_loss: 0.6387 - learning_rate: 5.0000e-05
Epoch 20/100
2/2 - 0s - 127ms/step - accuracy: 0.7262 - auc: 0.7767 - loss: 0.5744 - val_accuracy: 0.6667 - val_auc: 0.0000e+00 - val_loss: 0.6413 - learning_rate: 5.0000e-05
Epoch 21/100
2/2 - 0s - 128ms/step - accuracy: 0.7500 - auc: 0.7854 - loss: 0.5675 - val_accuracy: 0.6667 - val_auc: 0.0714 - val_loss: 0.6452 - learning_rate: 5.0000e-05

Fold metrics (affect_arousal):
  acc: 0.8182
  bal_acc: 0.7014
  precision: 0.8214
  recall: 0.9583
  f1: 0.8846
  mcc: 0.5003
  auc: 0.6944
Confusion matrix:
 [[ 4  5]
 [ 1 23]]
Classification report:
              precision    recall  f1-score   support

           0     0.8000    0.4444    0.5714         9
           1     0.8214    0.9583    0.8846        24

    accuracy                         0.8182        33
   macro avg     0.8107    0.7014    0.7280        33
weighted avg     0.8156    0.8182    0.7992        33


==============================
Fold 3 | LEFT OUT SESSIONS: [np.str_('ca488455-71e2-4298-ac54-abb022fdd720'), np.str_('9f0f8a7a-edd9-4d35-bba4-72029cd2ec56'), np.str_('47dc2ddb-2356-4f11-9143-6a42e93ed3ca'), np.str_('4c9623ea-ce9b-455d-97c8-e8d87ef7eaad'), np.str_('9ad396af-4129-4092-a06d-e4080ca1df0b')]
==============================

--- Target: affect_valence ---
Train label counts:
affect_valence
4.0    26367
2.0    17801
Name: count, dtype: int64
Test label counts:
affect_valence
4.0    7675
2.0    6785
Name: count, dtype: int64
Epoch 1/100
2/2 - 2s - 1s/step - accuracy: 0.4643 - auc: 0.4379 - loss: 0.7190 - val_accuracy: 0.5333 - val_auc: 0.6023 - val_loss: 0.6497 - learning_rate: 1.0000e-04
Epoch 2/100
2/2 - 0s - 130ms/step - accuracy: 0.6071 - auc: 0.6225 - loss: 0.6751 - val_accuracy: 0.7333 - val_auc: 0.6023 - val_loss: 0.6260 - learning_rate: 1.0000e-04
Epoch 3/100
2/2 - 0s - 133ms/step - accuracy: 0.5833 - auc: 0.5581 - loss: 0.6927 - val_accuracy: 0.7333 - val_auc: 0.5568 - val_loss: 0.6093 - learning_rate: 1.0000e-04
Epoch 4/100
2/2 - 0s - 129ms/step - accuracy: 0.5476 - auc: 0.5305 - loss: 0.6994 - val_accuracy: 0.7333 - val_auc: 0.5341 - val_loss: 0.5981 - learning_rate: 1.0000e-04
Epoch 5/100
2/2 - 0s - 130ms/step - accuracy: 0.5119 - auc: 0.6570 - loss: 0.6737 - val_accuracy: 0.7333 - val_auc: 0.5114 - val_loss: 0.5912 - learning_rate: 1.0000e-04
Epoch 6/100
2/2 - 0s - 129ms/step - accuracy: 0.5833 - auc: 0.6652 - loss: 0.6739 - val_accuracy: 0.7333 - val_auc: 0.5114 - val_loss: 0.5884 - learning_rate: 1.0000e-04
Epoch 7/100
2/2 - 0s - 132ms/step - accuracy: 0.5476 - auc: 0.6330 - loss: 0.6822 - val_accuracy: 0.7333 - val_auc: 0.4886 - val_loss: 0.5875 - learning_rate: 1.0000e-04
Epoch 8/100
2/2 - 0s - 129ms/step - accuracy: 0.5833 - auc: 0.6735 - loss: 0.6612 - val_accuracy: 0.7333 - val_auc: 0.4659 - val_loss: 0.5873 - learning_rate: 1.0000e-04
Epoch 9/100
2/2 - 0s - 126ms/step - accuracy: 0.5595 - auc: 0.6499 - loss: 0.6835 - val_accuracy: 0.7333 - val_auc: 0.4545 - val_loss: 0.5882 - learning_rate: 1.0000e-04
Epoch 10/100
2/2 - 0s - 126ms/step - accuracy: 0.5595 - auc: 0.7217 - loss: 0.6562 - val_accuracy: 0.7333 - val_auc: 0.4545 - val_loss: 0.5891 - learning_rate: 1.0000e-04
Epoch 11/100
2/2 - 0s - 125ms/step - accuracy: 0.5476 - auc: 0.6900 - loss: 0.6734 - val_accuracy: 0.7333 - val_auc: 0.4432 - val_loss: 0.5900 - learning_rate: 1.0000e-04
Epoch 12/100
2/2 - 0s - 126ms/step - accuracy: 0.5714 - auc: 0.6519 - loss: 0.6750 - val_accuracy: 0.7333 - val_auc: 0.4432 - val_loss: 0.5905 - learning_rate: 1.0000e-04
Epoch 13/100
2/2 - 0s - 129ms/step - accuracy: 0.5714 - auc: 0.7595 - loss: 0.6350 - val_accuracy: 0.7333 - val_auc: 0.4432 - val_loss: 0.5907 - learning_rate: 5.0000e-05
Epoch 14/100
2/2 - 0s - 128ms/step - accuracy: 0.6071 - auc: 0.7593 - loss: 0.6295 - val_accuracy: 0.7333 - val_auc: 0.4432 - val_loss: 0.5908 - learning_rate: 5.0000e-05
Epoch 15/100
2/2 - 0s - 130ms/step - accuracy: 0.5952 - auc: 0.7205 - loss: 0.6385 - val_accuracy: 0.7333 - val_auc: 0.4432 - val_loss: 0.5910 - learning_rate: 5.0000e-05
Epoch 16/100
2/2 - 0s - 130ms/step - accuracy: 0.5714 - auc: 0.7695 - loss: 0.6369 - val_accuracy: 0.7333 - val_auc: 0.4545 - val_loss: 0.5913 - learning_rate: 5.0000e-05
Epoch 17/100
2/2 - 0s - 130ms/step - accuracy: 0.5476 - auc: 0.6476 - loss: 0.6678 - val_accuracy: 0.7333 - val_auc: 0.4432 - val_loss: 0.5917 - learning_rate: 5.0000e-05
Epoch 18/100
2/2 - 0s - 131ms/step - accuracy: 0.5833 - auc: 0.7390 - loss: 0.6340 - val_accuracy: 0.7333 - val_auc: 0.4432 - val_loss: 0.5923 - learning_rate: 5.0000e-05
Epoch 19/100
2/2 - 0s - 134ms/step - accuracy: 0.5595 - auc: 0.7368 - loss: 0.6300 - val_accuracy: 0.7333 - val_auc: 0.4432 - val_loss: 0.5930 - learning_rate: 5.0000e-05
Epoch 20/100
2/2 - 0s - 129ms/step - accuracy: 0.5595 - auc: 0.6869 - loss: 0.6539 - val_accuracy: 0.7333 - val_auc: 0.4318 - val_loss: 0.5937 - learning_rate: 5.0000e-05
Epoch 21/100
2/2 - 0s - 132ms/step - accuracy: 0.6071 - auc: 0.7764 - loss: 0.6152 - val_accuracy: 0.7333 - val_auc: 0.4432 - val_loss: 0.5944 - learning_rate: 5.0000e-05
Epoch 22/100
2/2 - 0s - 132ms/step - accuracy: 0.6548 - auc: 0.8459 - loss: 0.5882 - val_accuracy: 0.7333 - val_auc: 0.4318 - val_loss: 0.5950 - learning_rate: 5.0000e-05

Fold metrics (affect_valence):
  acc: 0.4545
  bal_acc: 0.4651
  precision: 0.4643
  recall: 0.8125
  f1: 0.5909
  mcc: -0.0974
  auc: 0.2868
Confusion matrix:
 [[ 2 15]
 [ 3 13]]
Classification report:
              precision    recall  f1-score   support

           0     0.4000    0.1176    0.1818        17
           1     0.4643    0.8125    0.5909        16

    accuracy                         0.4545        33
   macro avg     0.4321    0.4651    0.3864        33
weighted avg     0.4312    0.4545    0.3802        33


--- Target: affect_arousal ---
Train label counts:
affect_arousal
4.0    29630
2.0    14538
Name: count, dtype: int64
Test label counts:
affect_arousal
4.0    7739
2.0    6721
Name: count, dtype: int64
Epoch 1/100
2/2 - 2s - 1s/step - accuracy: 0.5833 - auc: 0.5543 - loss: 0.6719 - val_accuracy: 0.9333 - val_auc: 0.4286 - val_loss: 0.5621 - learning_rate: 1.0000e-04
Epoch 2/100
2/2 - 0s - 136ms/step - accuracy: 0.6429 - auc: 0.5299 - loss: 0.6621 - val_accuracy: 0.9333 - val_auc: 0.2857 - val_loss: 0.5447 - learning_rate: 1.0000e-04
Epoch 3/100
2/2 - 0s - 132ms/step - accuracy: 0.5952 - auc: 0.6565 - loss: 0.6408 - val_accuracy: 0.9333 - val_auc: 0.2143 - val_loss: 0.5422 - learning_rate: 1.0000e-04
Epoch 4/100
2/2 - 0s - 132ms/step - accuracy: 0.6667 - auc: 0.5941 - loss: 0.6412 - val_accuracy: 0.9333 - val_auc: 0.2143 - val_loss: 0.5456 - learning_rate: 1.0000e-04
Epoch 5/100
2/2 - 0s - 131ms/step - accuracy: 0.5595 - auc: 0.5108 - loss: 0.6702 - val_accuracy: 0.9333 - val_auc: 0.2143 - val_loss: 0.5540 - learning_rate: 1.0000e-04
Epoch 6/100
2/2 - 0s - 132ms/step - accuracy: 0.6548 - auc: 0.6497 - loss: 0.6319 - val_accuracy: 0.9333 - val_auc: 0.2143 - val_loss: 0.5658 - learning_rate: 1.0000e-04
Epoch 7/100
2/2 - 0s - 126ms/step - accuracy: 0.6667 - auc: 0.6123 - loss: 0.6367 - val_accuracy: 0.9333 - val_auc: 0.2143 - val_loss: 0.5790 - learning_rate: 1.0000e-04
Epoch 8/100
2/2 - 0s - 127ms/step - accuracy: 0.6310 - auc: 0.6426 - loss: 0.6319 - val_accuracy: 0.9333 - val_auc: 0.2143 - val_loss: 0.5911 - learning_rate: 1.0000e-04
Epoch 9/100
2/2 - 0s - 133ms/step - accuracy: 0.7262 - auc: 0.8068 - loss: 0.5775 - val_accuracy: 0.8667 - val_auc: 0.2143 - val_loss: 0.6037 - learning_rate: 1.0000e-04
Epoch 10/100
2/2 - 0s - 128ms/step - accuracy: 0.6667 - auc: 0.6775 - loss: 0.6216 - val_accuracy: 0.8667 - val_auc: 0.2143 - val_loss: 0.6162 - learning_rate: 1.0000e-04
Epoch 11/100
2/2 - 0s - 126ms/step - accuracy: 0.6667 - auc: 0.6852 - loss: 0.6181 - val_accuracy: 0.8000 - val_auc: 0.2500 - val_loss: 0.6242 - learning_rate: 1.0000e-04
Epoch 12/100
2/2 - 0s - 125ms/step - accuracy: 0.6786 - auc: 0.6747 - loss: 0.6191 - val_accuracy: 0.7333 - val_auc: 0.2857 - val_loss: 0.6261 - learning_rate: 5.0000e-05
Epoch 13/100
2/2 - 0s - 125ms/step - accuracy: 0.8095 - auc: 0.8454 - loss: 0.5689 - val_accuracy: 0.6667 - val_auc: 0.2857 - val_loss: 0.6273 - learning_rate: 5.0000e-05
Epoch 14/100
2/2 - 0s - 126ms/step - accuracy: 0.6548 - auc: 0.6935 - loss: 0.6099 - val_accuracy: 0.6667 - val_auc: 0.2857 - val_loss: 0.6275 - learning_rate: 5.0000e-05
Epoch 15/100
2/2 - 0s - 125ms/step - accuracy: 0.7381 - auc: 0.7327 - loss: 0.5947 - val_accuracy: 0.6667 - val_auc: 0.2857 - val_loss: 0.6271 - learning_rate: 5.0000e-05
Epoch 16/100
2/2 - 0s - 131ms/step - accuracy: 0.6786 - auc: 0.7120 - loss: 0.6019 - val_accuracy: 0.6667 - val_auc: 0.2857 - val_loss: 0.6268 - learning_rate: 5.0000e-05
Epoch 17/100
2/2 - 0s - 135ms/step - accuracy: 0.6548 - auc: 0.7216 - loss: 0.6030 - val_accuracy: 0.6667 - val_auc: 0.2857 - val_loss: 0.6269 - learning_rate: 5.0000e-05
Epoch 18/100
2/2 - 0s - 131ms/step - accuracy: 0.7619 - auc: 0.7864 - loss: 0.5738 - val_accuracy: 0.6000 - val_auc: 0.2857 - val_loss: 0.6268 - learning_rate: 5.0000e-05
Epoch 19/100
2/2 - 0s - 135ms/step - accuracy: 0.7143 - auc: 0.7478 - loss: 0.5818 - val_accuracy: 0.6000 - val_auc: 0.2857 - val_loss: 0.6277 - learning_rate: 5.0000e-05
Epoch 20/100
2/2 - 0s - 129ms/step - accuracy: 0.7500 - auc: 0.7250 - loss: 0.5917 - val_accuracy: 0.6000 - val_auc: 0.2857 - val_loss: 0.6296 - learning_rate: 5.0000e-05
Epoch 21/100
2/2 - 0s - 132ms/step - accuracy: 0.7262 - auc: 0.6907 - loss: 0.6031 - val_accuracy: 0.6667 - val_auc: 0.2857 - val_loss: 0.6318 - learning_rate: 5.0000e-05

Fold metrics (affect_arousal):
  acc: 0.6667
  bal_acc: 0.6071
  precision: 0.6333
  recall: 1.0000
  f1: 0.7755
  mcc: 0.3684
  auc: 0.6353
Confusion matrix:
 [[ 3 11]
 [ 0 19]]
Classification report:
              precision    recall  f1-score   support

           0     1.0000    0.2143    0.3529        14
           1     0.6333    1.0000    0.7755        19

    accuracy                         0.6667        33
   macro avg     0.8167    0.6071    0.5642        33
weighted avg     0.7889    0.6667    0.5962        33


=============================================
HP SUMMARY: lr=0.0001, epochs=100, units=256, batch=64, patience=20, fixed_T=1200
Optimizing combined mean of metric: acc
Combo runtime: 1.5 minutes
  Valence (mean/std):
    acc: 0.5379 (std=0.0656)
    bal_acc: 0.4961 (std=0.0751)
    precision: 0.5451 (std=0.0963)
    recall: 0.8824 (std=0.0714)
    f1: 0.6674 (std=0.0692)
    mcc: -0.0203 (std=0.2113)
    auc: 0.5314 (std=0.1775)
  Arousal (mean/std):
    acc: 0.6667 (std=0.1071)
    bal_acc: 0.5490 (std=0.1105)
    precision: 0.6841 (std=0.1028)
    recall: 0.9333 (std=0.0485)
    f1: 0.7850 (std=0.0729)
    mcc: 0.1179 (std=0.3201)
    auc: 0.5593 (std=0.1111)
  Combined mean acc score = 0.6023
=============================================

>>> NEW BEST HP FOUND <<<
Best combined score so far: 0.6023
Best params: {'lr': 0.0001, 'epochs': 100, 'units': 256, 'batch_size': 64, 'patience': 20, 'fixed_T': 1200, 'opt_metric': 'acc', 'mean_valence_metric': 0.5378787878787878, 'mean_arousal_metric': 0.6666666666666666, 'combined_mean_score': 0.6022727272727273, 'valence_summary': {'acc': {'mean': 0.5378787878787878, 'std': 0.06560798513518475}, 'bal_acc': {'mean': 0.4960851116762494, 'std': 0.07509810647701322}, 'precision': {'mean': 0.5450738916256158, 'std': 0.09630652110288393}, 'recall': {'mean': 0.8824013157894737, 'std': 0.07140412419855262}, 'f1': {'mean': 0.6673749692042374, 'std': 0.06917451495745536}, 'mcc': {'mean': -0.020314446811535148, 'std': 0.2112728786891296}, 'auc': {'mean': 0.5313901032747781, 'std': 0.17749534585928656}}, 'arousal_summary': {'acc': {'mean': 0.6666666666666666, 'std': 0.10713739108887085}, 'bal_acc': {'mean': 0.5489750417710944, 'std': 0.11046825408370407}, 'precision': {'mean': 0.684120583717358, 'std': 0.10280844140121377}, 'recall': {'mean': 0.9332675438596492, 'std': 0.048485979187255765}, 'f1': {'mean': 0.7850313971742543, 'std': 0.07290966522950343}, 'mcc': {'mean': 0.1179434309940493, 'std': 0.32012009209157394}, 'auc': {'mean': 0.5593159983291562, 'std': 0.1110552694762474}}}

#############################################
HP COMBO: lr=0.0001, epochs=100, units=256, batch=64, patience=20, fixed_T=2500
#############################################

==============================
Fold 0 | LEFT OUT SESSIONS: [np.str_('902f0696-60e6-48b2-a23d-c64d8116eb2a'), np.str_('cb55e9c5-de1f-4b23-891e-1fab91ecde5d'), np.str_('67ea0706-a879-4f3e-9ccb-eee88e55dc4d'), np.str_('1ac3973c-c080-42f8-a702-2842bfacdcee'), np.str_('133132cd-3fbf-47ba-9aae-904dd09ae86b')]
==============================

--- Target: affect_valence ---
Train label counts:
affect_valence
4.0    22575
2.0    21245
Name: count, dtype: int64
Test label counts:
affect_valence
4.0    11467
2.0     3341
Name: count, dtype: int64
Epoch 1/100
2/2 - 3s - 1s/step - accuracy: 0.5238 - auc: 0.5566 - loss: 0.6964 - val_accuracy: 0.4667 - val_auc: 0.4500 - val_loss: 0.6845 - learning_rate: 1.0000e-04
Epoch 2/100
2/2 - 0s - 224ms/step - accuracy: 0.4643 - auc: 0.4903 - loss: 0.7005 - val_accuracy: 0.5333 - val_auc: 0.4300 - val_loss: 0.6739 - learning_rate: 1.0000e-04
Epoch 3/100
2/2 - 0s - 224ms/step - accuracy: 0.5595 - auc: 0.5506 - loss: 0.6897 - val_accuracy: 0.6667 - val_auc: 0.4700 - val_loss: 0.6648 - learning_rate: 1.0000e-04
Epoch 4/100
2/2 - 0s - 222ms/step - accuracy: 0.5000 - auc: 0.5715 - loss: 0.6920 - val_accuracy: 0.6667 - val_auc: 0.4800 - val_loss: 0.6582 - learning_rate: 1.0000e-04
Epoch 5/100
2/2 - 0s - 221ms/step - accuracy: 0.5238 - auc: 0.5973 - loss: 0.6917 - val_accuracy: 0.6667 - val_auc: 0.4800 - val_loss: 0.6537 - learning_rate: 1.0000e-04
Epoch 6/100
2/2 - 0s - 218ms/step - accuracy: 0.5714 - auc: 0.6911 - loss: 0.6678 - val_accuracy: 0.6667 - val_auc: 0.4700 - val_loss: 0.6516 - learning_rate: 1.0000e-04
Epoch 7/100
2/2 - 0s - 224ms/step - accuracy: 0.5714 - auc: 0.6599 - loss: 0.6699 - val_accuracy: 0.6667 - val_auc: 0.4600 - val_loss: 0.6510 - learning_rate: 1.0000e-04
Epoch 8/100
2/2 - 0s - 223ms/step - accuracy: 0.5357 - auc: 0.7254 - loss: 0.6654 - val_accuracy: 0.6667 - val_auc: 0.4700 - val_loss: 0.6513 - learning_rate: 1.0000e-04
Epoch 9/100
2/2 - 0s - 222ms/step - accuracy: 0.5357 - auc: 0.6585 - loss: 0.6804 - val_accuracy: 0.6667 - val_auc: 0.4800 - val_loss: 0.6524 - learning_rate: 1.0000e-04
Epoch 10/100
2/2 - 0s - 219ms/step - accuracy: 0.6548 - auc: 0.7440 - loss: 0.6444 - val_accuracy: 0.6667 - val_auc: 0.4900 - val_loss: 0.6534 - learning_rate: 1.0000e-04
Epoch 11/100
2/2 - 0s - 223ms/step - accuracy: 0.5952 - auc: 0.6974 - loss: 0.6571 - val_accuracy: 0.6667 - val_auc: 0.4800 - val_loss: 0.6545 - learning_rate: 1.0000e-04
Epoch 12/100
2/2 - 0s - 224ms/step - accuracy: 0.6071 - auc: 0.7271 - loss: 0.6410 - val_accuracy: 0.6667 - val_auc: 0.4500 - val_loss: 0.6558 - learning_rate: 1.0000e-04
Epoch 13/100
2/2 - 0s - 221ms/step - accuracy: 0.6548 - auc: 0.7303 - loss: 0.6353 - val_accuracy: 0.6667 - val_auc: 0.4600 - val_loss: 0.6571 - learning_rate: 1.0000e-04
Epoch 14/100
2/2 - 0s - 222ms/step - accuracy: 0.5238 - auc: 0.6333 - loss: 0.6726 - val_accuracy: 0.6667 - val_auc: 0.4800 - val_loss: 0.6579 - learning_rate: 5.0000e-05
Epoch 15/100
2/2 - 0s - 219ms/step - accuracy: 0.6310 - auc: 0.7182 - loss: 0.6453 - val_accuracy: 0.6667 - val_auc: 0.4600 - val_loss: 0.6586 - learning_rate: 5.0000e-05
Epoch 16/100
2/2 - 0s - 219ms/step - accuracy: 0.6548 - auc: 0.7326 - loss: 0.6328 - val_accuracy: 0.6667 - val_auc: 0.4600 - val_loss: 0.6593 - learning_rate: 5.0000e-05
Epoch 17/100
2/2 - 0s - 222ms/step - accuracy: 0.6429 - auc: 0.7374 - loss: 0.6293 - val_accuracy: 0.6667 - val_auc: 0.4600 - val_loss: 0.6599 - learning_rate: 5.0000e-05
Epoch 18/100
2/2 - 0s - 220ms/step - accuracy: 0.6190 - auc: 0.6771 - loss: 0.6549 - val_accuracy: 0.6667 - val_auc: 0.4600 - val_loss: 0.6605 - learning_rate: 5.0000e-05
Epoch 19/100
2/2 - 0s - 220ms/step - accuracy: 0.6786 - auc: 0.7557 - loss: 0.6224 - val_accuracy: 0.6667 - val_auc: 0.4700 - val_loss: 0.6612 - learning_rate: 5.0000e-05
Epoch 20/100
2/2 - 0s - 224ms/step - accuracy: 0.6429 - auc: 0.7160 - loss: 0.6270 - val_accuracy: 0.6667 - val_auc: 0.4400 - val_loss: 0.6618 - learning_rate: 5.0000e-05
Epoch 21/100
2/2 - 0s - 222ms/step - accuracy: 0.6310 - auc: 0.7243 - loss: 0.6284 - val_accuracy: 0.6667 - val_auc: 0.4700 - val_loss: 0.6624 - learning_rate: 5.0000e-05
Epoch 22/100
2/2 - 0s - 223ms/step - accuracy: 0.6310 - auc: 0.7220 - loss: 0.6223 - val_accuracy: 0.6667 - val_auc: 0.4900 - val_loss: 0.6632 - learning_rate: 5.0000e-05
Epoch 23/100
2/2 - 0s - 225ms/step - accuracy: 0.5952 - auc: 0.7503 - loss: 0.6166 - val_accuracy: 0.6667 - val_auc: 0.4700 - val_loss: 0.6638 - learning_rate: 5.0000e-05

Fold metrics (affect_valence):
  acc: 0.6364
  bal_acc: 0.4375
  precision: 0.7000
  recall: 0.8750
  f1: 0.7778
  mcc: -0.1936
  auc: 0.5278
Confusion matrix:
 [[ 0  9]
 [ 3 21]]
Classification report:
              precision    recall  f1-score   support

           0     0.0000    0.0000    0.0000         9
           1     0.7000    0.8750    0.7778        24

    accuracy                         0.6364        33
   macro avg     0.3500    0.4375    0.3889        33
weighted avg     0.5091    0.6364    0.5657        33


--- Target: affect_arousal ---
Train label counts:
affect_arousal
4.0    29230
2.0    14590
Name: count, dtype: int64
Test label counts:
affect_arousal
4.0    8139
2.0    6669
Name: count, dtype: int64
Epoch 1/100
2/2 - 2s - 1s/step - accuracy: 0.5357 - auc: 0.5530 - loss: 0.6747 - val_accuracy: 1.0000 - val_auc: 0.0000e+00 - val_loss: 0.5295 - learning_rate: 1.0000e-04
Epoch 2/100
2/2 - 1s - 282ms/step - accuracy: 0.5833 - auc: 0.5073 - loss: 0.6716 - val_accuracy: 1.0000 - val_auc: 0.0000e+00 - val_loss: 0.4370 - learning_rate: 1.0000e-04
Epoch 3/100
2/2 - 0s - 225ms/step - accuracy: 0.6548 - auc: 0.6360 - loss: 0.6299 - val_accuracy: 1.0000 - val_auc: 0.0000e+00 - val_loss: 0.3631 - learning_rate: 1.0000e-04
Epoch 4/100
2/2 - 0s - 224ms/step - accuracy: 0.6786 - auc: 0.6951 - loss: 0.6102 - val_accuracy: 1.0000 - val_auc: 0.0000e+00 - val_loss: 0.3048 - learning_rate: 1.0000e-04
Epoch 5/100
2/2 - 0s - 226ms/step - accuracy: 0.6786 - auc: 0.7002 - loss: 0.6074 - val_accuracy: 1.0000 - val_auc: 0.0000e+00 - val_loss: 0.2591 - learning_rate: 1.0000e-04
Epoch 6/100
2/2 - 0s - 223ms/step - accuracy: 0.6429 - auc: 0.7599 - loss: 0.6034 - val_accuracy: 1.0000 - val_auc: 0.0000e+00 - val_loss: 0.2248 - learning_rate: 1.0000e-04
Epoch 7/100
2/2 - 0s - 223ms/step - accuracy: 0.6548 - auc: 0.8049 - loss: 0.5913 - val_accuracy: 1.0000 - val_auc: 0.0000e+00 - val_loss: 0.1989 - learning_rate: 1.0000e-04
Epoch 8/100
2/2 - 0s - 223ms/step - accuracy: 0.6667 - auc: 0.6942 - loss: 0.6399 - val_accuracy: 1.0000 - val_auc: 0.0000e+00 - val_loss: 0.1805 - learning_rate: 1.0000e-04
Epoch 9/100
2/2 - 0s - 229ms/step - accuracy: 0.6548 - auc: 0.7410 - loss: 0.6284 - val_accuracy: 1.0000 - val_auc: 0.0000e+00 - val_loss: 0.1676 - learning_rate: 1.0000e-04
Epoch 10/100
2/2 - 0s - 219ms/step - accuracy: 0.6548 - auc: 0.7845 - loss: 0.6020 - val_accuracy: 1.0000 - val_auc: 0.0000e+00 - val_loss: 0.1586 - learning_rate: 1.0000e-04
Epoch 11/100
2/2 - 0s - 229ms/step - accuracy: 0.6667 - auc: 0.8615 - loss: 0.5717 - val_accuracy: 1.0000 - val_auc: 0.0000e+00 - val_loss: 0.1522 - learning_rate: 1.0000e-04
Epoch 12/100
2/2 - 0s - 225ms/step - accuracy: 0.6548 - auc: 0.7958 - loss: 0.5943 - val_accuracy: 1.0000 - val_auc: 0.0000e+00 - val_loss: 0.1501 - learning_rate: 5.0000e-05
Epoch 13/100
2/2 - 0s - 221ms/step - accuracy: 0.6667 - auc: 0.7909 - loss: 0.5930 - val_accuracy: 1.0000 - val_auc: 0.0000e+00 - val_loss: 0.1489 - learning_rate: 5.0000e-05
Epoch 14/100
2/2 - 0s - 219ms/step - accuracy: 0.6429 - auc: 0.7955 - loss: 0.5966 - val_accuracy: 1.0000 - val_auc: 0.0000e+00 - val_loss: 0.1486 - learning_rate: 5.0000e-05
Epoch 15/100
2/2 - 0s - 217ms/step - accuracy: 0.6667 - auc: 0.7970 - loss: 0.5876 - val_accuracy: 1.0000 - val_auc: 0.0000e+00 - val_loss: 0.1488 - learning_rate: 5.0000e-05
Epoch 16/100
2/2 - 0s - 219ms/step - accuracy: 0.6429 - auc: 0.7809 - loss: 0.5919 - val_accuracy: 1.0000 - val_auc: 0.0000e+00 - val_loss: 0.1495 - learning_rate: 5.0000e-05
Epoch 17/100
2/2 - 0s - 226ms/step - accuracy: 0.6786 - auc: 0.7708 - loss: 0.5933 - val_accuracy: 1.0000 - val_auc: 0.0000e+00 - val_loss: 0.1507 - learning_rate: 5.0000e-05
Epoch 18/100
2/2 - 0s - 222ms/step - accuracy: 0.7024 - auc: 0.8198 - loss: 0.5539 - val_accuracy: 1.0000 - val_auc: 0.0000e+00 - val_loss: 0.1518 - learning_rate: 5.0000e-05
Epoch 19/100
2/2 - 0s - 221ms/step - accuracy: 0.6548 - auc: 0.8150 - loss: 0.5719 - val_accuracy: 1.0000 - val_auc: 0.0000e+00 - val_loss: 0.1531 - learning_rate: 5.0000e-05
Epoch 20/100
2/2 - 0s - 222ms/step - accuracy: 0.6786 - auc: 0.8077 - loss: 0.5591 - val_accuracy: 1.0000 - val_auc: 0.0000e+00 - val_loss: 0.1544 - learning_rate: 5.0000e-05
Epoch 21/100
2/2 - 0s - 220ms/step - accuracy: 0.6548 - auc: 0.7985 - loss: 0.5695 - val_accuracy: 1.0000 - val_auc: 0.0000e+00 - val_loss: 0.1557 - learning_rate: 5.0000e-05

Fold metrics (affect_arousal):
  acc: 0.5152
  bal_acc: 0.4474
  precision: 0.5484
  recall: 0.8947
  f1: 0.6800
  mcc: -0.2180
  auc: 0.4925
Confusion matrix:
 [[ 0 14]
 [ 2 17]]
Classification report:
              precision    recall  f1-score   support

           0     0.0000    0.0000    0.0000        14
           1     0.5484    0.8947    0.6800        19

    accuracy                         0.5152        33
   macro avg     0.2742    0.4474    0.3400        33
weighted avg     0.3157    0.5152    0.3915        33


==============================
Fold 1 | LEFT OUT SESSIONS: [np.str_('d8d72365-c7fe-494a-8504-0b268331e66e'), np.str_('e58ee8e6-b15d-43a3-ac58-56c4fb11d86e'), np.str_('ed5a3e23-9e05-4bbc-a998-7d1403a54191'), np.str_('c1d73b99-82e6-47ff-b4a8-20ea634f7ca4'), np.str_('0deaeb12-dc13-4d16-878e-ec134b330bf6')]
==============================

--- Target: affect_valence ---
Train label counts:
affect_valence
4.0    25284
2.0    18777
Name: count, dtype: int64
Test label counts:
affect_valence
4.0    8758
2.0    5809
Name: count, dtype: int64
Epoch 1/100
2/2 - 2s - 1s/step - accuracy: 0.4048 - auc: 0.4339 - loss: 0.7181 - val_accuracy: 0.6000 - val_auc: 0.4900 - val_loss: 0.6718 - learning_rate: 1.0000e-04
Epoch 2/100
2/2 - 0s - 221ms/step - accuracy: 0.5000 - auc: 0.5306 - loss: 0.7001 - val_accuracy: 0.6667 - val_auc: 0.5200 - val_loss: 0.6578 - learning_rate: 1.0000e-04
Epoch 3/100
2/2 - 0s - 224ms/step - accuracy: 0.5833 - auc: 0.6200 - loss: 0.6775 - val_accuracy: 0.6667 - val_auc: 0.5000 - val_loss: 0.6477 - learning_rate: 1.0000e-04
Epoch 4/100
2/2 - 0s - 223ms/step - accuracy: 0.5714 - auc: 0.6994 - loss: 0.6578 - val_accuracy: 0.6667 - val_auc: 0.5000 - val_loss: 0.6422 - learning_rate: 1.0000e-04
Epoch 5/100
2/2 - 0s - 227ms/step - accuracy: 0.5357 - auc: 0.6393 - loss: 0.6826 - val_accuracy: 0.6667 - val_auc: 0.5000 - val_loss: 0.6410 - learning_rate: 1.0000e-04
Epoch 6/100
2/2 - 0s - 222ms/step - accuracy: 0.5476 - auc: 0.6512 - loss: 0.6853 - val_accuracy: 0.6667 - val_auc: 0.4400 - val_loss: 0.6428 - learning_rate: 1.0000e-04
Epoch 7/100
2/2 - 0s - 232ms/step - accuracy: 0.5714 - auc: 0.6103 - loss: 0.6929 - val_accuracy: 0.6667 - val_auc: 0.4100 - val_loss: 0.6454 - learning_rate: 1.0000e-04
Epoch 8/100
2/2 - 0s - 224ms/step - accuracy: 0.5595 - auc: 0.7269 - loss: 0.6580 - val_accuracy: 0.6667 - val_auc: 0.3800 - val_loss: 0.6485 - learning_rate: 1.0000e-04
Epoch 9/100
2/2 - 0s - 219ms/step - accuracy: 0.5595 - auc: 0.7113 - loss: 0.6774 - val_accuracy: 0.6667 - val_auc: 0.3500 - val_loss: 0.6513 - learning_rate: 1.0000e-04
Epoch 10/100
2/2 - 0s - 221ms/step - accuracy: 0.5833 - auc: 0.7360 - loss: 0.6570 - val_accuracy: 0.6667 - val_auc: 0.3000 - val_loss: 0.6540 - learning_rate: 1.0000e-04
Epoch 11/100
2/2 - 0s - 218ms/step - accuracy: 0.5952 - auc: 0.6741 - loss: 0.6752 - val_accuracy: 0.6667 - val_auc: 0.3600 - val_loss: 0.6560 - learning_rate: 1.0000e-04
Epoch 12/100
2/2 - 0s - 221ms/step - accuracy: 0.5952 - auc: 0.8191 - loss: 0.6231 - val_accuracy: 0.6667 - val_auc: 0.3000 - val_loss: 0.6576 - learning_rate: 1.0000e-04
Epoch 13/100
2/2 - 0s - 222ms/step - accuracy: 0.6071 - auc: 0.7150 - loss: 0.6662 - val_accuracy: 0.6667 - val_auc: 0.3000 - val_loss: 0.6582 - learning_rate: 5.0000e-05
Epoch 14/100
2/2 - 0s - 223ms/step - accuracy: 0.5952 - auc: 0.8324 - loss: 0.6122 - val_accuracy: 0.6667 - val_auc: 0.3100 - val_loss: 0.6587 - learning_rate: 5.0000e-05
Epoch 15/100
2/2 - 0s - 220ms/step - accuracy: 0.6786 - auc: 0.7465 - loss: 0.6370 - val_accuracy: 0.6667 - val_auc: 0.3100 - val_loss: 0.6591 - learning_rate: 5.0000e-05
Epoch 16/100
2/2 - 0s - 224ms/step - accuracy: 0.6429 - auc: 0.8083 - loss: 0.6187 - val_accuracy: 0.6667 - val_auc: 0.2900 - val_loss: 0.6595 - learning_rate: 5.0000e-05
Epoch 17/100
2/2 - 0s - 221ms/step - accuracy: 0.5833 - auc: 0.7541 - loss: 0.6349 - val_accuracy: 0.6667 - val_auc: 0.2900 - val_loss: 0.6601 - learning_rate: 5.0000e-05
Epoch 18/100
2/2 - 0s - 224ms/step - accuracy: 0.6786 - auc: 0.8761 - loss: 0.5887 - val_accuracy: 0.6667 - val_auc: 0.3200 - val_loss: 0.6609 - learning_rate: 5.0000e-05
Epoch 19/100
2/2 - 0s - 222ms/step - accuracy: 0.6310 - auc: 0.7425 - loss: 0.6325 - val_accuracy: 0.6667 - val_auc: 0.3100 - val_loss: 0.6619 - learning_rate: 5.0000e-05
Epoch 20/100
2/2 - 0s - 224ms/step - accuracy: 0.6190 - auc: 0.7850 - loss: 0.6193 - val_accuracy: 0.6667 - val_auc: 0.3000 - val_loss: 0.6629 - learning_rate: 5.0000e-05
Epoch 21/100
2/2 - 0s - 223ms/step - accuracy: 0.6190 - auc: 0.7771 - loss: 0.6217 - val_accuracy: 0.6667 - val_auc: 0.3100 - val_loss: 0.6640 - learning_rate: 5.0000e-05
Epoch 22/100
2/2 - 0s - 226ms/step - accuracy: 0.6786 - auc: 0.7689 - loss: 0.6226 - val_accuracy: 0.6667 - val_auc: 0.2900 - val_loss: 0.6651 - learning_rate: 5.0000e-05

Fold metrics (affect_valence):
  acc: 0.5152
  bal_acc: 0.4568
  precision: 0.5517
  recall: 0.8421
  f1: 0.6667
  mcc: -0.1309
  auc: 0.5226
Confusion matrix:
 [[ 1 13]
 [ 3 16]]
Classification report:
              precision    recall  f1-score   support

           0     0.2500    0.0714    0.1111        14
           1     0.5517    0.8421    0.6667        19

    accuracy                         0.5152        33
   macro avg     0.4009    0.4568    0.3889        33
weighted avg     0.4237    0.5152    0.4310        33


--- Target: affect_arousal ---
Train label counts:
affect_arousal
4.0    26641
2.0    17420
Name: count, dtype: int64
Test label counts:
affect_arousal
4.0    10728
2.0     3839
Name: count, dtype: int64
Epoch 1/100
2/2 - 3s - 1s/step - accuracy: 0.5595 - auc: 0.5428 - loss: 0.6820 - val_accuracy: 0.9333 - val_auc: 0.5714 - val_loss: 0.5739 - learning_rate: 1.0000e-04
Epoch 2/100
2/2 - 0s - 228ms/step - accuracy: 0.5476 - auc: 0.5758 - loss: 0.6704 - val_accuracy: 0.9333 - val_auc: 0.5000 - val_loss: 0.5657 - learning_rate: 1.0000e-04
Epoch 3/100
2/2 - 0s - 224ms/step - accuracy: 0.6429 - auc: 0.7014 - loss: 0.6433 - val_accuracy: 0.9333 - val_auc: 0.3571 - val_loss: 0.5699 - learning_rate: 1.0000e-04
Epoch 4/100
2/2 - 0s - 226ms/step - accuracy: 0.6071 - auc: 0.5619 - loss: 0.6800 - val_accuracy: 0.9333 - val_auc: 0.3214 - val_loss: 0.5743 - learning_rate: 1.0000e-04
Epoch 5/100
2/2 - 0s - 222ms/step - accuracy: 0.6310 - auc: 0.6710 - loss: 0.6568 - val_accuracy: 0.9333 - val_auc: 0.2857 - val_loss: 0.5799 - learning_rate: 1.0000e-04
Epoch 6/100
2/2 - 0s - 230ms/step - accuracy: 0.6071 - auc: 0.6725 - loss: 0.6465 - val_accuracy: 0.9333 - val_auc: 0.2857 - val_loss: 0.5864 - learning_rate: 1.0000e-04
Epoch 7/100
2/2 - 0s - 223ms/step - accuracy: 0.6905 - auc: 0.7436 - loss: 0.6267 - val_accuracy: 0.9333 - val_auc: 0.2857 - val_loss: 0.5910 - learning_rate: 1.0000e-04
Epoch 8/100
2/2 - 0s - 227ms/step - accuracy: 0.6548 - auc: 0.6762 - loss: 0.6510 - val_accuracy: 0.8667 - val_auc: 0.3214 - val_loss: 0.5952 - learning_rate: 1.0000e-04
Epoch 9/100
2/2 - 0s - 224ms/step - accuracy: 0.7381 - auc: 0.8371 - loss: 0.5932 - val_accuracy: 0.8667 - val_auc: 0.3214 - val_loss: 0.6031 - learning_rate: 1.0000e-04
Epoch 10/100
2/2 - 0s - 220ms/step - accuracy: 0.7024 - auc: 0.7622 - loss: 0.6218 - val_accuracy: 0.8000 - val_auc: 0.3214 - val_loss: 0.6101 - learning_rate: 1.0000e-04
Epoch 11/100
2/2 - 0s - 221ms/step - accuracy: 0.6786 - auc: 0.7555 - loss: 0.6323 - val_accuracy: 0.8000 - val_auc: 0.3214 - val_loss: 0.6116 - learning_rate: 1.0000e-04
Epoch 12/100
2/2 - 0s - 216ms/step - accuracy: 0.7143 - auc: 0.7607 - loss: 0.6138 - val_accuracy: 0.8000 - val_auc: 0.3929 - val_loss: 0.6106 - learning_rate: 5.0000e-05
Epoch 13/100
2/2 - 0s - 218ms/step - accuracy: 0.7857 - auc: 0.8898 - loss: 0.5686 - val_accuracy: 0.8000 - val_auc: 0.4286 - val_loss: 0.6085 - learning_rate: 5.0000e-05
Epoch 14/100
2/2 - 0s - 219ms/step - accuracy: 0.6905 - auc: 0.7127 - loss: 0.6309 - val_accuracy: 0.8000 - val_auc: 0.3929 - val_loss: 0.6053 - learning_rate: 5.0000e-05
Epoch 15/100
2/2 - 0s - 221ms/step - accuracy: 0.7619 - auc: 0.7925 - loss: 0.5962 - val_accuracy: 0.8000 - val_auc: 0.4286 - val_loss: 0.6021 - learning_rate: 5.0000e-05
Epoch 16/100
2/2 - 0s - 219ms/step - accuracy: 0.7619 - auc: 0.8275 - loss: 0.5878 - val_accuracy: 0.8000 - val_auc: 0.4286 - val_loss: 0.5990 - learning_rate: 5.0000e-05
Epoch 17/100
2/2 - 0s - 219ms/step - accuracy: 0.7738 - auc: 0.7885 - loss: 0.5938 - val_accuracy: 0.8000 - val_auc: 0.4286 - val_loss: 0.5964 - learning_rate: 5.0000e-05
Epoch 18/100
2/2 - 0s - 222ms/step - accuracy: 0.7381 - auc: 0.7908 - loss: 0.6006 - val_accuracy: 0.8000 - val_auc: 0.4286 - val_loss: 0.5942 - learning_rate: 5.0000e-05
Epoch 19/100
2/2 - 0s - 217ms/step - accuracy: 0.7024 - auc: 0.7708 - loss: 0.5933 - val_accuracy: 0.8000 - val_auc: 0.4286 - val_loss: 0.5932 - learning_rate: 5.0000e-05
Epoch 20/100
2/2 - 0s - 221ms/step - accuracy: 0.7619 - auc: 0.8351 - loss: 0.5736 - val_accuracy: 0.8000 - val_auc: 0.4286 - val_loss: 0.5925 - learning_rate: 5.0000e-05
Epoch 21/100
2/2 - 0s - 225ms/step - accuracy: 0.7143 - auc: 0.7847 - loss: 0.5888 - val_accuracy: 0.7333 - val_auc: 0.4286 - val_loss: 0.5933 - learning_rate: 5.0000e-05

Fold metrics (affect_arousal):
  acc: 0.6667
  bal_acc: 0.4400
  precision: 0.7333
  recall: 0.8800
  f1: 0.8000
  mcc: -0.1789
  auc: 0.4150
Confusion matrix:
 [[ 0  8]
 [ 3 22]]
Classification report:
              precision    recall  f1-score   support

           0     0.0000    0.0000    0.0000         8
           1     0.7333    0.8800    0.8000        25

    accuracy                         0.6667        33
   macro avg     0.3667    0.4400    0.4000        33
weighted avg     0.5556    0.6667    0.6061        33


==============================
Fold 2 | LEFT OUT SESSIONS: [np.str_('96f6a467-9ef5-4c1d-a1f2-e219137a7ac1'), np.str_('cd30d8fb-98e0-4379-954f-0bf9b2b76e76'), np.str_('fbaf41fe-0895-4dc9-988a-59eb3effa7be'), np.str_('cc79c8ee-48e4-4d7b-8dc0-54ed771a05c7'), np.str_('b8175a99-c266-447b-bffa-b0490a5c337f')]
==============================

--- Target: affect_valence ---
Train label counts:
affect_valence
4.0    27900
2.0    15935
Name: count, dtype: int64
Test label counts:
affect_valence
2.0    8651
4.0    6142
Name: count, dtype: int64
Epoch 1/100
2/2 - 2s - 1s/step - accuracy: 0.4881 - auc: 0.4634 - loss: 0.7120 - val_accuracy: 0.8000 - val_auc: 0.3462 - val_loss: 0.6374 - learning_rate: 1.0000e-04
Epoch 2/100
2/2 - 0s - 226ms/step - accuracy: 0.5595 - auc: 0.5475 - loss: 0.6891 - val_accuracy: 0.8000 - val_auc: 0.3269 - val_loss: 0.6008 - learning_rate: 1.0000e-04
Epoch 3/100
2/2 - 0s - 230ms/step - accuracy: 0.6310 - auc: 0.6164 - loss: 0.6778 - val_accuracy: 0.8667 - val_auc: 0.3077 - val_loss: 0.5668 - learning_rate: 1.0000e-04
Epoch 4/100
2/2 - 0s - 227ms/step - accuracy: 0.5357 - auc: 0.5704 - loss: 0.6871 - val_accuracy: 0.8667 - val_auc: 0.3077 - val_loss: 0.5400 - learning_rate: 1.0000e-04
Epoch 5/100
2/2 - 0s - 225ms/step - accuracy: 0.5714 - auc: 0.5646 - loss: 0.6895 - val_accuracy: 0.8667 - val_auc: 0.3077 - val_loss: 0.5191 - learning_rate: 1.0000e-04
Epoch 6/100
2/2 - 0s - 226ms/step - accuracy: 0.5119 - auc: 0.5535 - loss: 0.7000 - val_accuracy: 0.8667 - val_auc: 0.3077 - val_loss: 0.5044 - learning_rate: 1.0000e-04
Epoch 7/100
2/2 - 0s - 218ms/step - accuracy: 0.5476 - auc: 0.5149 - loss: 0.7162 - val_accuracy: 0.8667 - val_auc: 0.2692 - val_loss: 0.4939 - learning_rate: 1.0000e-04
Epoch 8/100
2/2 - 0s - 222ms/step - accuracy: 0.5595 - auc: 0.7371 - loss: 0.6523 - val_accuracy: 0.8667 - val_auc: 0.2885 - val_loss: 0.4868 - learning_rate: 1.0000e-04
Epoch 9/100
2/2 - 0s - 220ms/step - accuracy: 0.5357 - auc: 0.6605 - loss: 0.6731 - val_accuracy: 0.8667 - val_auc: 0.2308 - val_loss: 0.4816 - learning_rate: 1.0000e-04
Epoch 10/100
2/2 - 0s - 217ms/step - accuracy: 0.5714 - auc: 0.6851 - loss: 0.6626 - val_accuracy: 0.8667 - val_auc: 0.2115 - val_loss: 0.4780 - learning_rate: 1.0000e-04
Epoch 11/100
2/2 - 0s - 222ms/step - accuracy: 0.5119 - auc: 0.6390 - loss: 0.6818 - val_accuracy: 0.8667 - val_auc: 0.2692 - val_loss: 0.4757 - learning_rate: 1.0000e-04
Epoch 12/100
2/2 - 0s - 226ms/step - accuracy: 0.5952 - auc: 0.6061 - loss: 0.6817 - val_accuracy: 0.8667 - val_auc: 0.3462 - val_loss: 0.4752 - learning_rate: 1.0000e-04
Epoch 13/100
2/2 - 0s - 231ms/step - accuracy: 0.6310 - auc: 0.7551 - loss: 0.6318 - val_accuracy: 0.8667 - val_auc: 0.3077 - val_loss: 0.4763 - learning_rate: 1.0000e-04
Epoch 14/100
2/2 - 0s - 223ms/step - accuracy: 0.6190 - auc: 0.7191 - loss: 0.6393 - val_accuracy: 0.8667 - val_auc: 0.3077 - val_loss: 0.4769 - learning_rate: 5.0000e-05
Epoch 15/100
2/2 - 0s - 223ms/step - accuracy: 0.6429 - auc: 0.7549 - loss: 0.6186 - val_accuracy: 0.8667 - val_auc: 0.3269 - val_loss: 0.4777 - learning_rate: 5.0000e-05
Epoch 16/100
2/2 - 0s - 221ms/step - accuracy: 0.6429 - auc: 0.7137 - loss: 0.6390 - val_accuracy: 0.8667 - val_auc: 0.3269 - val_loss: 0.4782 - learning_rate: 5.0000e-05
Epoch 17/100
2/2 - 0s - 222ms/step - accuracy: 0.6429 - auc: 0.7154 - loss: 0.6346 - val_accuracy: 0.8667 - val_auc: 0.3654 - val_loss: 0.4784 - learning_rate: 5.0000e-05
Epoch 18/100
2/2 - 0s - 223ms/step - accuracy: 0.5833 - auc: 0.6633 - loss: 0.6585 - val_accuracy: 0.8667 - val_auc: 0.3654 - val_loss: 0.4785 - learning_rate: 5.0000e-05
Epoch 19/100
2/2 - 0s - 226ms/step - accuracy: 0.6429 - auc: 0.6768 - loss: 0.6519 - val_accuracy: 0.8667 - val_auc: 0.3462 - val_loss: 0.4787 - learning_rate: 5.0000e-05
Epoch 20/100
2/2 - 0s - 219ms/step - accuracy: 0.6667 - auc: 0.7346 - loss: 0.6209 - val_accuracy: 0.8667 - val_auc: 0.3654 - val_loss: 0.4786 - learning_rate: 5.0000e-05
Epoch 21/100
2/2 - 0s - 219ms/step - accuracy: 0.6667 - auc: 0.7594 - loss: 0.6193 - val_accuracy: 0.8667 - val_auc: 0.3654 - val_loss: 0.4779 - learning_rate: 5.0000e-05
Epoch 22/100
2/2 - 0s - 219ms/step - accuracy: 0.6905 - auc: 0.7580 - loss: 0.6101 - val_accuracy: 0.8667 - val_auc: 0.3654 - val_loss: 0.4768 - learning_rate: 5.0000e-05
Epoch 23/100
2/2 - 0s - 218ms/step - accuracy: 0.6429 - auc: 0.7434 - loss: 0.6166 - val_accuracy: 0.8667 - val_auc: 0.3654 - val_loss: 0.4759 - learning_rate: 5.0000e-05

Fold metrics (affect_valence):
  acc: 0.5455
  bal_acc: 0.6250
  precision: 0.4643
  recall: 1.0000
  f1: 0.6341
  mcc: 0.3407
  auc: 0.7885
Confusion matrix:
 [[ 5 15]
 [ 0 13]]
Classification report:
              precision    recall  f1-score   support

           0     1.0000    0.2500    0.4000        20
           1     0.4643    1.0000    0.6341        13

    accuracy                         0.5455        33
   macro avg     0.7321    0.6250    0.5171        33
weighted avg     0.7890    0.5455    0.4922        33


--- Target: affect_arousal ---
Train label counts:
affect_arousal
4.0    26606
2.0    17229
Name: count, dtype: int64
Test label counts:
affect_arousal
4.0    10763
2.0     4030
Name: count, dtype: int64
Epoch 1/100
2/2 - 2s - 1s/step - accuracy: 0.4762 - auc: 0.4714 - loss: 0.7048 - val_accuracy: 0.8667 - val_auc: 0.0357 - val_loss: 0.5883 - learning_rate: 1.0000e-04
Epoch 2/100
2/2 - 0s - 218ms/step - accuracy: 0.5476 - auc: 0.6344 - loss: 0.6601 - val_accuracy: 0.8667 - val_auc: 0.0357 - val_loss: 0.5738 - learning_rate: 1.0000e-04
Epoch 3/100
2/2 - 0s - 217ms/step - accuracy: 0.6310 - auc: 0.6504 - loss: 0.6481 - val_accuracy: 0.8667 - val_auc: 0.0000e+00 - val_loss: 0.5708 - learning_rate: 1.0000e-04
Epoch 4/100
2/2 - 0s - 219ms/step - accuracy: 0.6310 - auc: 0.6805 - loss: 0.6455 - val_accuracy: 0.8667 - val_auc: 0.0000e+00 - val_loss: 0.5685 - learning_rate: 1.0000e-04
Epoch 5/100
2/2 - 0s - 218ms/step - accuracy: 0.6310 - auc: 0.6481 - loss: 0.6468 - val_accuracy: 0.8667 - val_auc: 0.0000e+00 - val_loss: 0.5690 - learning_rate: 1.0000e-04
Epoch 6/100
2/2 - 0s - 217ms/step - accuracy: 0.6429 - auc: 0.6472 - loss: 0.6512 - val_accuracy: 0.8000 - val_auc: 0.0000e+00 - val_loss: 0.5741 - learning_rate: 1.0000e-04
Epoch 7/100
2/2 - 0s - 219ms/step - accuracy: 0.6548 - auc: 0.6913 - loss: 0.6249 - val_accuracy: 0.8000 - val_auc: 0.0000e+00 - val_loss: 0.5828 - learning_rate: 1.0000e-04
Epoch 8/100
2/2 - 0s - 219ms/step - accuracy: 0.5952 - auc: 0.6286 - loss: 0.6581 - val_accuracy: 0.8000 - val_auc: 0.0000e+00 - val_loss: 0.5961 - learning_rate: 1.0000e-04
Epoch 9/100
2/2 - 0s - 221ms/step - accuracy: 0.7619 - auc: 0.7880 - loss: 0.5930 - val_accuracy: 0.7333 - val_auc: 0.0000e+00 - val_loss: 0.6105 - learning_rate: 1.0000e-04
Epoch 10/100
2/2 - 0s - 220ms/step - accuracy: 0.6905 - auc: 0.7026 - loss: 0.6317 - val_accuracy: 0.7333 - val_auc: 0.0000e+00 - val_loss: 0.6230 - learning_rate: 1.0000e-04
Epoch 11/100
2/2 - 0s - 225ms/step - accuracy: 0.7262 - auc: 0.7851 - loss: 0.5900 - val_accuracy: 0.7333 - val_auc: 0.0000e+00 - val_loss: 0.6330 - learning_rate: 1.0000e-04
Epoch 12/100
2/2 - 0s - 221ms/step - accuracy: 0.7857 - auc: 0.7749 - loss: 0.5964 - val_accuracy: 0.7333 - val_auc: 0.0000e+00 - val_loss: 0.6361 - learning_rate: 5.0000e-05
Epoch 13/100
2/2 - 0s - 220ms/step - accuracy: 0.7143 - auc: 0.7405 - loss: 0.6006 - val_accuracy: 0.7333 - val_auc: 0.0000e+00 - val_loss: 0.6376 - learning_rate: 5.0000e-05
Epoch 14/100
2/2 - 0s - 225ms/step - accuracy: 0.7500 - auc: 0.8006 - loss: 0.5719 - val_accuracy: 0.7333 - val_auc: 0.0000e+00 - val_loss: 0.6383 - learning_rate: 5.0000e-05
Epoch 15/100
2/2 - 0s - 219ms/step - accuracy: 0.7143 - auc: 0.7551 - loss: 0.5966 - val_accuracy: 0.7333 - val_auc: 0.0000e+00 - val_loss: 0.6374 - learning_rate: 5.0000e-05
Epoch 16/100
2/2 - 0s - 220ms/step - accuracy: 0.7381 - auc: 0.8248 - loss: 0.5648 - val_accuracy: 0.6667 - val_auc: 0.0000e+00 - val_loss: 0.6373 - learning_rate: 5.0000e-05
Epoch 17/100
2/2 - 0s - 219ms/step - accuracy: 0.7619 - auc: 0.7857 - loss: 0.5840 - val_accuracy: 0.6667 - val_auc: 0.0000e+00 - val_loss: 0.6378 - learning_rate: 5.0000e-05
Epoch 18/100
2/2 - 0s - 218ms/step - accuracy: 0.7738 - auc: 0.8601 - loss: 0.5574 - val_accuracy: 0.6667 - val_auc: 0.0000e+00 - val_loss: 0.6371 - learning_rate: 5.0000e-05
Epoch 19/100
2/2 - 0s - 218ms/step - accuracy: 0.7262 - auc: 0.7790 - loss: 0.5787 - val_accuracy: 0.6667 - val_auc: 0.0000e+00 - val_loss: 0.6379 - learning_rate: 5.0000e-05
Epoch 20/100
2/2 - 0s - 217ms/step - accuracy: 0.7262 - auc: 0.7770 - loss: 0.5744 - val_accuracy: 0.6667 - val_auc: 0.0357 - val_loss: 0.6405 - learning_rate: 5.0000e-05
Epoch 21/100
2/2 - 0s - 218ms/step - accuracy: 0.7500 - auc: 0.7848 - loss: 0.5675 - val_accuracy: 0.6667 - val_auc: 0.0714 - val_loss: 0.6444 - learning_rate: 5.0000e-05

Fold metrics (affect_arousal):
  acc: 0.8182
  bal_acc: 0.7014
  precision: 0.8214
  recall: 0.9583
  f1: 0.8846
  mcc: 0.5003
  auc: 0.6944
Confusion matrix:
 [[ 4  5]
 [ 1 23]]
Classification report:
              precision    recall  f1-score   support

           0     0.8000    0.4444    0.5714         9
           1     0.8214    0.9583    0.8846        24

    accuracy                         0.8182        33
   macro avg     0.8107    0.7014    0.7280        33
weighted avg     0.8156    0.8182    0.7992        33


==============================
Fold 3 | LEFT OUT SESSIONS: [np.str_('ca488455-71e2-4298-ac54-abb022fdd720'), np.str_('9f0f8a7a-edd9-4d35-bba4-72029cd2ec56'), np.str_('47dc2ddb-2356-4f11-9143-6a42e93ed3ca'), np.str_('4c9623ea-ce9b-455d-97c8-e8d87ef7eaad'), np.str_('9ad396af-4129-4092-a06d-e4080ca1df0b')]
==============================

--- Target: affect_valence ---
Train label counts:
affect_valence
4.0    26367
2.0    17801
Name: count, dtype: int64
Test label counts:
affect_valence
4.0    7675
2.0    6785
Name: count, dtype: int64
Epoch 1/100
2/2 - 3s - 1s/step - accuracy: 0.4643 - auc: 0.4387 - loss: 0.7190 - val_accuracy: 0.5333 - val_auc: 0.6023 - val_loss: 0.6498 - learning_rate: 1.0000e-04
Epoch 2/100
2/2 - 0s - 223ms/step - accuracy: 0.6071 - auc: 0.6219 - loss: 0.6751 - val_accuracy: 0.7333 - val_auc: 0.6023 - val_loss: 0.6260 - learning_rate: 1.0000e-04
Epoch 3/100
2/2 - 0s - 223ms/step - accuracy: 0.5833 - auc: 0.5550 - loss: 0.6928 - val_accuracy: 0.7333 - val_auc: 0.5568 - val_loss: 0.6093 - learning_rate: 1.0000e-04
Epoch 4/100
2/2 - 0s - 224ms/step - accuracy: 0.5476 - auc: 0.5302 - loss: 0.6994 - val_accuracy: 0.7333 - val_auc: 0.5341 - val_loss: 0.5981 - learning_rate: 1.0000e-04
Epoch 5/100
2/2 - 0s - 222ms/step - accuracy: 0.5119 - auc: 0.6547 - loss: 0.6737 - val_accuracy: 0.7333 - val_auc: 0.5114 - val_loss: 0.5912 - learning_rate: 1.0000e-04
Epoch 6/100
2/2 - 0s - 222ms/step - accuracy: 0.5833 - auc: 0.6661 - loss: 0.6739 - val_accuracy: 0.7333 - val_auc: 0.5114 - val_loss: 0.5884 - learning_rate: 1.0000e-04
Epoch 7/100
2/2 - 0s - 227ms/step - accuracy: 0.5476 - auc: 0.6325 - loss: 0.6821 - val_accuracy: 0.7333 - val_auc: 0.4886 - val_loss: 0.5875 - learning_rate: 1.0000e-04
Epoch 8/100
2/2 - 0s - 220ms/step - accuracy: 0.5833 - auc: 0.6735 - loss: 0.6611 - val_accuracy: 0.7333 - val_auc: 0.4659 - val_loss: 0.5873 - learning_rate: 1.0000e-04
Epoch 9/100
2/2 - 0s - 221ms/step - accuracy: 0.5595 - auc: 0.6484 - loss: 0.6834 - val_accuracy: 0.7333 - val_auc: 0.4545 - val_loss: 0.5882 - learning_rate: 1.0000e-04
Epoch 10/100
2/2 - 0s - 230ms/step - accuracy: 0.5595 - auc: 0.7205 - loss: 0.6562 - val_accuracy: 0.7333 - val_auc: 0.4545 - val_loss: 0.5891 - learning_rate: 1.0000e-04
Epoch 11/100
2/2 - 0s - 220ms/step - accuracy: 0.5476 - auc: 0.6897 - loss: 0.6734 - val_accuracy: 0.7333 - val_auc: 0.4432 - val_loss: 0.5900 - learning_rate: 1.0000e-04
Epoch 12/100
2/2 - 0s - 222ms/step - accuracy: 0.5714 - auc: 0.6521 - loss: 0.6750 - val_accuracy: 0.7333 - val_auc: 0.4432 - val_loss: 0.5905 - learning_rate: 1.0000e-04
Epoch 13/100
2/2 - 0s - 222ms/step - accuracy: 0.5714 - auc: 0.7590 - loss: 0.6350 - val_accuracy: 0.7333 - val_auc: 0.4545 - val_loss: 0.5907 - learning_rate: 5.0000e-05
Epoch 14/100
2/2 - 0s - 221ms/step - accuracy: 0.6071 - auc: 0.7595 - loss: 0.6295 - val_accuracy: 0.7333 - val_auc: 0.4432 - val_loss: 0.5908 - learning_rate: 5.0000e-05
Epoch 15/100
2/2 - 0s - 221ms/step - accuracy: 0.5952 - auc: 0.7205 - loss: 0.6384 - val_accuracy: 0.7333 - val_auc: 0.4432 - val_loss: 0.5911 - learning_rate: 5.0000e-05
Epoch 16/100
2/2 - 0s - 221ms/step - accuracy: 0.5714 - auc: 0.7692 - loss: 0.6369 - val_accuracy: 0.7333 - val_auc: 0.4545 - val_loss: 0.5914 - learning_rate: 5.0000e-05
Epoch 17/100
2/2 - 0s - 221ms/step - accuracy: 0.5476 - auc: 0.6470 - loss: 0.6678 - val_accuracy: 0.7333 - val_auc: 0.4432 - val_loss: 0.5918 - learning_rate: 5.0000e-05
Epoch 18/100
2/2 - 0s - 224ms/step - accuracy: 0.5833 - auc: 0.7399 - loss: 0.6341 - val_accuracy: 0.7333 - val_auc: 0.4432 - val_loss: 0.5923 - learning_rate: 5.0000e-05
Epoch 19/100
2/2 - 0s - 226ms/step - accuracy: 0.5595 - auc: 0.7368 - loss: 0.6299 - val_accuracy: 0.7333 - val_auc: 0.4432 - val_loss: 0.5930 - learning_rate: 5.0000e-05
Epoch 20/100
2/2 - 0s - 222ms/step - accuracy: 0.5595 - auc: 0.6863 - loss: 0.6539 - val_accuracy: 0.7333 - val_auc: 0.4318 - val_loss: 0.5937 - learning_rate: 5.0000e-05
Epoch 21/100
2/2 - 0s - 222ms/step - accuracy: 0.6071 - auc: 0.7766 - loss: 0.6152 - val_accuracy: 0.7333 - val_auc: 0.4432 - val_loss: 0.5944 - learning_rate: 5.0000e-05
Epoch 22/100
2/2 - 0s - 225ms/step - accuracy: 0.6548 - auc: 0.8453 - loss: 0.5883 - val_accuracy: 0.7333 - val_auc: 0.4318 - val_loss: 0.5950 - learning_rate: 5.0000e-05

Fold metrics (affect_valence):
  acc: 0.4545
  bal_acc: 0.4651
  precision: 0.4643
  recall: 0.8125
  f1: 0.5909
  mcc: -0.0974
  auc: 0.2868
Confusion matrix:
 [[ 2 15]
 [ 3 13]]
Classification report:
              precision    recall  f1-score   support

           0     0.4000    0.1176    0.1818        17
           1     0.4643    0.8125    0.5909        16

    accuracy                         0.4545        33
   macro avg     0.4321    0.4651    0.3864        33
weighted avg     0.4312    0.4545    0.3802        33


--- Target: affect_arousal ---
Train label counts:
affect_arousal
4.0    29630
2.0    14538
Name: count, dtype: int64
Test label counts:
affect_arousal
4.0    7739
2.0    6721
Name: count, dtype: int64
Epoch 1/100
2/2 - 2s - 1s/step - accuracy: 0.5833 - auc: 0.5546 - loss: 0.6719 - val_accuracy: 0.9333 - val_auc: 0.4286 - val_loss: 0.5620 - learning_rate: 1.0000e-04
Epoch 2/100
2/2 - 0s - 232ms/step - accuracy: 0.6429 - auc: 0.5299 - loss: 0.6621 - val_accuracy: 0.9333 - val_auc: 0.2857 - val_loss: 0.5447 - learning_rate: 1.0000e-04
Epoch 3/100
2/2 - 0s - 225ms/step - accuracy: 0.5952 - auc: 0.6565 - loss: 0.6408 - val_accuracy: 0.9333 - val_auc: 0.2143 - val_loss: 0.5422 - learning_rate: 1.0000e-04
Epoch 4/100
2/2 - 0s - 226ms/step - accuracy: 0.6667 - auc: 0.5941 - loss: 0.6412 - val_accuracy: 0.9333 - val_auc: 0.2143 - val_loss: 0.5455 - learning_rate: 1.0000e-04
Epoch 5/100
2/2 - 0s - 225ms/step - accuracy: 0.5595 - auc: 0.5093 - loss: 0.6702 - val_accuracy: 0.9333 - val_auc: 0.2143 - val_loss: 0.5539 - learning_rate: 1.0000e-04
Epoch 6/100
2/2 - 0s - 221ms/step - accuracy: 0.6548 - auc: 0.6500 - loss: 0.6319 - val_accuracy: 0.9333 - val_auc: 0.2143 - val_loss: 0.5656 - learning_rate: 1.0000e-04
Epoch 7/100
2/2 - 0s - 226ms/step - accuracy: 0.6548 - auc: 0.6133 - loss: 0.6367 - val_accuracy: 0.9333 - val_auc: 0.2143 - val_loss: 0.5787 - learning_rate: 1.0000e-04
Epoch 8/100
2/2 - 0s - 222ms/step - accuracy: 0.6310 - auc: 0.6423 - loss: 0.6319 - val_accuracy: 0.9333 - val_auc: 0.2143 - val_loss: 0.5908 - learning_rate: 1.0000e-04
Epoch 9/100
2/2 - 0s - 217ms/step - accuracy: 0.7262 - auc: 0.8068 - loss: 0.5776 - val_accuracy: 0.8667 - val_auc: 0.2143 - val_loss: 0.6034 - learning_rate: 1.0000e-04
Epoch 10/100
2/2 - 0s - 222ms/step - accuracy: 0.6667 - auc: 0.6775 - loss: 0.6216 - val_accuracy: 0.8667 - val_auc: 0.2143 - val_loss: 0.6157 - learning_rate: 1.0000e-04
Epoch 11/100
2/2 - 0s - 219ms/step - accuracy: 0.6667 - auc: 0.6846 - loss: 0.6180 - val_accuracy: 0.8000 - val_auc: 0.2500 - val_loss: 0.6234 - learning_rate: 1.0000e-04
Epoch 12/100
2/2 - 0s - 224ms/step - accuracy: 0.6786 - auc: 0.6753 - loss: 0.6190 - val_accuracy: 0.7333 - val_auc: 0.2500 - val_loss: 0.6253 - learning_rate: 5.0000e-05
Epoch 13/100
2/2 - 0s - 219ms/step - accuracy: 0.8095 - auc: 0.8451 - loss: 0.5688 - val_accuracy: 0.7333 - val_auc: 0.2857 - val_loss: 0.6263 - learning_rate: 5.0000e-05
Epoch 14/100
2/2 - 0s - 221ms/step - accuracy: 0.6548 - auc: 0.6935 - loss: 0.6100 - val_accuracy: 0.6667 - val_auc: 0.2857 - val_loss: 0.6265 - learning_rate: 5.0000e-05
Epoch 15/100
2/2 - 0s - 220ms/step - accuracy: 0.7381 - auc: 0.7318 - loss: 0.5946 - val_accuracy: 0.6667 - val_auc: 0.2857 - val_loss: 0.6261 - learning_rate: 5.0000e-05
Epoch 16/100
2/2 - 0s - 219ms/step - accuracy: 0.6786 - auc: 0.7157 - loss: 0.6019 - val_accuracy: 0.6667 - val_auc: 0.2857 - val_loss: 0.6258 - learning_rate: 5.0000e-05
Epoch 17/100
2/2 - 0s - 224ms/step - accuracy: 0.6548 - auc: 0.7194 - loss: 0.6031 - val_accuracy: 0.6667 - val_auc: 0.2857 - val_loss: 0.6260 - learning_rate: 5.0000e-05
Epoch 18/100
2/2 - 0s - 222ms/step - accuracy: 0.7619 - auc: 0.7873 - loss: 0.5737 - val_accuracy: 0.6000 - val_auc: 0.2857 - val_loss: 0.6259 - learning_rate: 5.0000e-05
Epoch 19/100
2/2 - 0s - 220ms/step - accuracy: 0.7143 - auc: 0.7494 - loss: 0.5816 - val_accuracy: 0.6000 - val_auc: 0.2857 - val_loss: 0.6269 - learning_rate: 5.0000e-05
Epoch 20/100
2/2 - 0s - 219ms/step - accuracy: 0.7500 - auc: 0.7265 - loss: 0.5916 - val_accuracy: 0.6000 - val_auc: 0.2857 - val_loss: 0.6289 - learning_rate: 5.0000e-05
Epoch 21/100
2/2 - 0s - 219ms/step - accuracy: 0.7262 - auc: 0.6907 - loss: 0.6032 - val_accuracy: 0.6667 - val_auc: 0.2857 - val_loss: 0.6313 - learning_rate: 5.0000e-05

Fold metrics (affect_arousal):
  acc: 0.6667
  bal_acc: 0.6071
  precision: 0.6333
  recall: 1.0000
  f1: 0.7755
  mcc: 0.3684
  auc: 0.6353
Confusion matrix:
 [[ 3 11]
 [ 0 19]]
Classification report:
              precision    recall  f1-score   support

           0     1.0000    0.2143    0.3529        14
           1     0.6333    1.0000    0.7755        19

    accuracy                         0.6667        33
   macro avg     0.8167    0.6071    0.5642        33
weighted avg     0.7889    0.6667    0.5962        33


=============================================
HP SUMMARY: lr=0.0001, epochs=100, units=256, batch=64, patience=20, fixed_T=2500
Optimizing combined mean of metric: acc
Combo runtime: 1.7 minutes
  Valence (mean/std):
    acc: 0.5379 (std=0.0656)
    bal_acc: 0.4961 (std=0.0751)
    precision: 0.5451 (std=0.0963)
    recall: 0.8824 (std=0.0714)
    f1: 0.6674 (std=0.0692)
    mcc: -0.0203 (std=0.2113)
    auc: 0.5314 (std=0.1775)
  Arousal (mean/std):
    acc: 0.6667 (std=0.1071)
    bal_acc: 0.5490 (std=0.1105)
    precision: 0.6841 (std=0.1028)
    recall: 0.9333 (std=0.0485)
    f1: 0.7850 (std=0.0729)
    mcc: 0.1179 (std=0.3201)
    auc: 0.5593 (std=0.1111)
  Combined mean acc score = 0.6023
=============================================


#############################################
HP COMBO: lr=0.0001, epochs=100, units=256, batch=256, patience=20, fixed_T=1200
#############################################

==============================
Fold 0 | LEFT OUT SESSIONS: [np.str_('902f0696-60e6-48b2-a23d-c64d8116eb2a'), np.str_('cb55e9c5-de1f-4b23-891e-1fab91ecde5d'), np.str_('67ea0706-a879-4f3e-9ccb-eee88e55dc4d'), np.str_('1ac3973c-c080-42f8-a702-2842bfacdcee'), np.str_('133132cd-3fbf-47ba-9aae-904dd09ae86b')]
==============================

--- Target: affect_valence ---
Train label counts:
affect_valence
4.0    22575
2.0    21245
Name: count, dtype: int64
Test label counts:
affect_valence
4.0    11467
2.0     3341
Name: count, dtype: int64
Epoch 1/100
1/1 - 2s - 2s/step - accuracy: 0.5357 - auc: 0.6279 - loss: 0.6877 - val_accuracy: 0.4667 - val_auc: 0.4400 - val_loss: 0.6852 - learning_rate: 1.0000e-04
Epoch 2/100
1/1 - 0s - 201ms/step - accuracy: 0.4762 - auc: 0.4791 - loss: 0.7114 - val_accuracy: 0.5333 - val_auc: 0.4600 - val_loss: 0.6947 - learning_rate: 1.0000e-04
Epoch 3/100
1/1 - 0s - 188ms/step - accuracy: 0.5238 - auc: 0.5712 - loss: 0.6825 - val_accuracy: 0.4667 - val_auc: 0.4800 - val_loss: 0.7020 - learning_rate: 1.0000e-04
Epoch 4/100
1/1 - 0s - 188ms/step - accuracy: 0.6190 - auc: 0.6530 - loss: 0.6572 - val_accuracy: 0.4000 - val_auc: 0.5000 - val_loss: 0.7083 - learning_rate: 1.0000e-04
Epoch 5/100
1/1 - 0s - 191ms/step - accuracy: 0.5119 - auc: 0.4771 - loss: 0.6990 - val_accuracy: 0.4000 - val_auc: 0.5100 - val_loss: 0.7121 - learning_rate: 1.0000e-04
Epoch 6/100
1/1 - 0s - 192ms/step - accuracy: 0.6071 - auc: 0.6459 - loss: 0.6649 - val_accuracy: 0.4000 - val_auc: 0.4700 - val_loss: 0.7141 - learning_rate: 1.0000e-04
Epoch 7/100
1/1 - 0s - 192ms/step - accuracy: 0.5714 - auc: 0.6241 - loss: 0.6694 - val_accuracy: 0.4000 - val_auc: 0.4700 - val_loss: 0.7149 - learning_rate: 1.0000e-04
Epoch 8/100
1/1 - 0s - 190ms/step - accuracy: 0.6190 - auc: 0.6868 - loss: 0.6558 - val_accuracy: 0.4000 - val_auc: 0.4700 - val_loss: 0.7143 - learning_rate: 1.0000e-04
Epoch 9/100
1/1 - 0s - 187ms/step - accuracy: 0.6429 - auc: 0.7131 - loss: 0.6406 - val_accuracy: 0.4667 - val_auc: 0.4700 - val_loss: 0.7123 - learning_rate: 1.0000e-04
Epoch 10/100
1/1 - 0s - 189ms/step - accuracy: 0.6190 - auc: 0.7037 - loss: 0.6407 - val_accuracy: 0.5333 - val_auc: 0.4700 - val_loss: 0.7092 - learning_rate: 1.0000e-04
Epoch 11/100
1/1 - 0s - 194ms/step - accuracy: 0.6429 - auc: 0.6985 - loss: 0.6513 - val_accuracy: 0.6000 - val_auc: 0.4800 - val_loss: 0.7048 - learning_rate: 1.0000e-04
Epoch 12/100
1/1 - 0s - 182ms/step - accuracy: 0.6310 - auc: 0.7057 - loss: 0.6396 - val_accuracy: 0.6000 - val_auc: 0.5100 - val_loss: 0.7000 - learning_rate: 1.0000e-04
Epoch 13/100
1/1 - 0s - 198ms/step - accuracy: 0.5833 - auc: 0.6899 - loss: 0.6418 - val_accuracy: 0.6000 - val_auc: 0.5000 - val_loss: 0.6954 - learning_rate: 1.0000e-04
Epoch 14/100
1/1 - 0s - 185ms/step - accuracy: 0.6905 - auc: 0.7818 - loss: 0.6107 - val_accuracy: 0.5333 - val_auc: 0.5300 - val_loss: 0.6910 - learning_rate: 1.0000e-04
Epoch 15/100
1/1 - 0s - 184ms/step - accuracy: 0.7262 - auc: 0.7958 - loss: 0.6153 - val_accuracy: 0.5333 - val_auc: 0.5400 - val_loss: 0.6868 - learning_rate: 1.0000e-04
Epoch 16/100
1/1 - 0s - 184ms/step - accuracy: 0.6429 - auc: 0.7077 - loss: 0.6353 - val_accuracy: 0.6000 - val_auc: 0.5400 - val_loss: 0.6825 - learning_rate: 1.0000e-04
Epoch 17/100
1/1 - 0s - 184ms/step - accuracy: 0.7262 - auc: 0.7586 - loss: 0.6186 - val_accuracy: 0.5333 - val_auc: 0.5300 - val_loss: 0.6780 - learning_rate: 1.0000e-04
Epoch 18/100
1/1 - 0s - 182ms/step - accuracy: 0.7381 - auc: 0.8370 - loss: 0.5842 - val_accuracy: 0.4667 - val_auc: 0.5000 - val_loss: 0.6739 - learning_rate: 1.0000e-04
Epoch 19/100
1/1 - 0s - 182ms/step - accuracy: 0.6071 - auc: 0.7386 - loss: 0.6166 - val_accuracy: 0.5333 - val_auc: 0.4800 - val_loss: 0.6712 - learning_rate: 1.0000e-04
Epoch 20/100
1/1 - 0s - 191ms/step - accuracy: 0.6905 - auc: 0.7726 - loss: 0.6112 - val_accuracy: 0.6000 - val_auc: 0.4800 - val_loss: 0.6686 - learning_rate: 1.0000e-04
Epoch 21/100
1/1 - 0s - 191ms/step - accuracy: 0.6190 - auc: 0.6979 - loss: 0.6367 - val_accuracy: 0.6000 - val_auc: 0.4800 - val_loss: 0.6674 - learning_rate: 1.0000e-04
Epoch 22/100
1/1 - 0s - 191ms/step - accuracy: 0.6786 - auc: 0.7366 - loss: 0.6130 - val_accuracy: 0.6000 - val_auc: 0.4800 - val_loss: 0.6669 - learning_rate: 5.0000e-05
Epoch 23/100
1/1 - 0s - 193ms/step - accuracy: 0.7381 - auc: 0.8218 - loss: 0.5801 - val_accuracy: 0.6000 - val_auc: 0.4800 - val_loss: 0.6667 - learning_rate: 5.0000e-05
Epoch 24/100
1/1 - 0s - 199ms/step - accuracy: 0.7024 - auc: 0.7975 - loss: 0.5924 - val_accuracy: 0.6000 - val_auc: 0.4600 - val_loss: 0.6667 - learning_rate: 5.0000e-05
Epoch 25/100
1/1 - 0s - 204ms/step - accuracy: 0.7738 - auc: 0.8321 - loss: 0.5821 - val_accuracy: 0.6000 - val_auc: 0.4800 - val_loss: 0.6669 - learning_rate: 5.0000e-05
Epoch 26/100
1/1 - 0s - 200ms/step - accuracy: 0.6905 - auc: 0.7972 - loss: 0.5912 - val_accuracy: 0.6000 - val_auc: 0.4600 - val_loss: 0.6674 - learning_rate: 5.0000e-05
Epoch 27/100
1/1 - 0s - 193ms/step - accuracy: 0.7500 - auc: 0.7943 - loss: 0.5902 - val_accuracy: 0.6000 - val_auc: 0.4600 - val_loss: 0.6677 - learning_rate: 5.0000e-05
Epoch 28/100
1/1 - 0s - 185ms/step - accuracy: 0.7738 - auc: 0.8238 - loss: 0.5760 - val_accuracy: 0.6000 - val_auc: 0.4400 - val_loss: 0.6683 - learning_rate: 5.0000e-05
Epoch 29/100
1/1 - 0s - 191ms/step - accuracy: 0.7262 - auc: 0.7554 - loss: 0.6016 - val_accuracy: 0.6000 - val_auc: 0.4500 - val_loss: 0.6690 - learning_rate: 5.0000e-05
Epoch 30/100
1/1 - 0s - 184ms/step - accuracy: 0.7619 - auc: 0.8166 - loss: 0.5752 - val_accuracy: 0.6000 - val_auc: 0.4400 - val_loss: 0.6698 - learning_rate: 5.0000e-05
Epoch 31/100
1/1 - 0s - 183ms/step - accuracy: 0.7024 - auc: 0.8106 - loss: 0.5771 - val_accuracy: 0.6000 - val_auc: 0.4300 - val_loss: 0.6705 - learning_rate: 5.0000e-05

Fold metrics (affect_valence):
  acc: 0.3939
  bal_acc: 0.4444
  precision: 0.6667
  recall: 0.3333
  f1: 0.4444
  mcc: -0.1029
  auc: 0.3843
Confusion matrix:
 [[ 5  4]
 [16  8]]
Classification report:
              precision    recall  f1-score   support

           0     0.2381    0.5556    0.3333         9
           1     0.6667    0.3333    0.4444        24

    accuracy                         0.3939        33
   macro avg     0.4524    0.4444    0.3889        33
weighted avg     0.5498    0.3939    0.4141        33


--- Target: affect_arousal ---
Train label counts:
affect_arousal
4.0    29230
2.0    14590
Name: count, dtype: int64
Test label counts:
affect_arousal
4.0    8139
2.0    6669
Name: count, dtype: int64
Epoch 1/100
1/1 - 2s - 2s/step - accuracy: 0.5952 - auc: 0.5946 - loss: 0.6624 - val_accuracy: 1.0000 - val_auc: 0.0000e+00 - val_loss: 0.5467 - learning_rate: 1.0000e-04
Epoch 2/100
1/1 - 0s - 190ms/step - accuracy: 0.5952 - auc: 0.5177 - loss: 0.6763 - val_accuracy: 1.0000 - val_auc: 0.0000e+00 - val_loss: 0.4891 - learning_rate: 1.0000e-04
Epoch 3/100
1/1 - 0s - 182ms/step - accuracy: 0.6310 - auc: 0.5822 - loss: 0.6566 - val_accuracy: 1.0000 - val_auc: 0.0000e+00 - val_loss: 0.4397 - learning_rate: 1.0000e-04
Epoch 4/100
1/1 - 0s - 184ms/step - accuracy: 0.6905 - auc: 0.6476 - loss: 0.6230 - val_accuracy: 1.0000 - val_auc: 0.0000e+00 - val_loss: 0.3976 - learning_rate: 1.0000e-04
Epoch 5/100
1/1 - 0s - 182ms/step - accuracy: 0.6429 - auc: 0.5590 - loss: 0.6547 - val_accuracy: 1.0000 - val_auc: 0.0000e+00 - val_loss: 0.3646 - learning_rate: 1.0000e-04
Epoch 6/100
1/1 - 0s - 196ms/step - accuracy: 0.6786 - auc: 0.7237 - loss: 0.6080 - val_accuracy: 1.0000 - val_auc: 0.0000e+00 - val_loss: 0.3377 - learning_rate: 1.0000e-04
Epoch 7/100
1/1 - 0s - 195ms/step - accuracy: 0.6786 - auc: 0.7432 - loss: 0.5993 - val_accuracy: 1.0000 - val_auc: 0.0000e+00 - val_loss: 0.3155 - learning_rate: 1.0000e-04
Epoch 8/100
1/1 - 0s - 191ms/step - accuracy: 0.6905 - auc: 0.7602 - loss: 0.5859 - val_accuracy: 1.0000 - val_auc: 0.0000e+00 - val_loss: 0.2980 - learning_rate: 1.0000e-04
Epoch 9/100
1/1 - 0s - 196ms/step - accuracy: 0.6786 - auc: 0.8144 - loss: 0.5765 - val_accuracy: 1.0000 - val_auc: 0.0000e+00 - val_loss: 0.2841 - learning_rate: 1.0000e-04
Epoch 10/100
1/1 - 0s - 206ms/step - accuracy: 0.6905 - auc: 0.7867 - loss: 0.5733 - val_accuracy: 1.0000 - val_auc: 0.0000e+00 - val_loss: 0.2730 - learning_rate: 1.0000e-04
Epoch 11/100
1/1 - 0s - 186ms/step - accuracy: 0.6786 - auc: 0.7760 - loss: 0.5775 - val_accuracy: 1.0000 - val_auc: 0.0000e+00 - val_loss: 0.2643 - learning_rate: 1.0000e-04
Epoch 12/100
1/1 - 0s - 183ms/step - accuracy: 0.7143 - auc: 0.8256 - loss: 0.5639 - val_accuracy: 1.0000 - val_auc: 0.0000e+00 - val_loss: 0.2611 - learning_rate: 5.0000e-05
Epoch 13/100
1/1 - 0s - 185ms/step - accuracy: 0.6905 - auc: 0.7663 - loss: 0.5822 - val_accuracy: 1.0000 - val_auc: 0.0000e+00 - val_loss: 0.2589 - learning_rate: 5.0000e-05
Epoch 14/100
1/1 - 0s - 181ms/step - accuracy: 0.6786 - auc: 0.7495 - loss: 0.5889 - val_accuracy: 1.0000 - val_auc: 0.0000e+00 - val_loss: 0.2572 - learning_rate: 5.0000e-05
Epoch 15/100
1/1 - 0s - 182ms/step - accuracy: 0.7024 - auc: 0.7785 - loss: 0.5810 - val_accuracy: 1.0000 - val_auc: 0.0000e+00 - val_loss: 0.2562 - learning_rate: 5.0000e-05
Epoch 16/100
1/1 - 0s - 180ms/step - accuracy: 0.7738 - auc: 0.8615 - loss: 0.5337 - val_accuracy: 1.0000 - val_auc: 0.0000e+00 - val_loss: 0.2552 - learning_rate: 5.0000e-05
Epoch 17/100
1/1 - 0s - 188ms/step - accuracy: 0.6786 - auc: 0.8098 - loss: 0.5606 - val_accuracy: 1.0000 - val_auc: 0.0000e+00 - val_loss: 0.2547 - learning_rate: 5.0000e-05
Epoch 18/100
1/1 - 0s - 192ms/step - accuracy: 0.7500 - auc: 0.8521 - loss: 0.5301 - val_accuracy: 1.0000 - val_auc: 0.0000e+00 - val_loss: 0.2540 - learning_rate: 5.0000e-05
Epoch 19/100
1/1 - 0s - 197ms/step - accuracy: 0.7381 - auc: 0.8068 - loss: 0.5487 - val_accuracy: 1.0000 - val_auc: 0.0000e+00 - val_loss: 0.2533 - learning_rate: 5.0000e-05
Epoch 20/100
1/1 - 0s - 191ms/step - accuracy: 0.7619 - auc: 0.8393 - loss: 0.5362 - val_accuracy: 1.0000 - val_auc: 0.0000e+00 - val_loss: 0.2525 - learning_rate: 5.0000e-05
Epoch 21/100
1/1 - 0s - 186ms/step - accuracy: 0.7381 - auc: 0.8573 - loss: 0.5259 - val_accuracy: 1.0000 - val_auc: 0.0000e+00 - val_loss: 0.2520 - learning_rate: 5.0000e-05

Fold metrics (affect_arousal):
  acc: 0.5455
  bal_acc: 0.4831
  precision: 0.5667
  recall: 0.8947
  f1: 0.6939
  mcc: -0.0582
  auc: 0.4887
Confusion matrix:
 [[ 1 13]
 [ 2 17]]
Classification report:
              precision    recall  f1-score   support

           0     0.3333    0.0714    0.1176        14
           1     0.5667    0.8947    0.6939        19

    accuracy                         0.5455        33
   macro avg     0.4500    0.4831    0.4058        33
weighted avg     0.4677    0.5455    0.4494        33


==============================
Fold 1 | LEFT OUT SESSIONS: [np.str_('d8d72365-c7fe-494a-8504-0b268331e66e'), np.str_('e58ee8e6-b15d-43a3-ac58-56c4fb11d86e'), np.str_('ed5a3e23-9e05-4bbc-a998-7d1403a54191'), np.str_('c1d73b99-82e6-47ff-b4a8-20ea634f7ca4'), np.str_('0deaeb12-dc13-4d16-878e-ec134b330bf6')]
==============================

--- Target: affect_valence ---
Train label counts:
affect_valence
4.0    25284
2.0    18777
Name: count, dtype: int64
Test label counts:
affect_valence
4.0    8758
2.0    5809
Name: count, dtype: int64
Epoch 1/100
1/1 - 2s - 2s/step - accuracy: 0.4524 - auc: 0.5060 - loss: 0.6946 - val_accuracy: 0.6000 - val_auc: 0.4900 - val_loss: 0.6700 - learning_rate: 1.0000e-04
Epoch 2/100
1/1 - 0s - 198ms/step - accuracy: 0.5000 - auc: 0.5057 - loss: 0.6989 - val_accuracy: 0.6667 - val_auc: 0.4600 - val_loss: 0.6677 - learning_rate: 1.0000e-04
Epoch 3/100
1/1 - 0s - 191ms/step - accuracy: 0.4762 - auc: 0.4705 - loss: 0.7144 - val_accuracy: 0.6667 - val_auc: 0.4500 - val_loss: 0.6654 - learning_rate: 1.0000e-04
Epoch 4/100
1/1 - 0s - 192ms/step - accuracy: 0.5833 - auc: 0.5978 - loss: 0.6763 - val_accuracy: 0.6667 - val_auc: 0.4600 - val_loss: 0.6626 - learning_rate: 1.0000e-04
Epoch 5/100
1/1 - 0s - 187ms/step - accuracy: 0.6548 - auc: 0.6971 - loss: 0.6512 - val_accuracy: 0.6667 - val_auc: 0.4500 - val_loss: 0.6593 - learning_rate: 1.0000e-04
Epoch 6/100
1/1 - 0s - 192ms/step - accuracy: 0.5119 - auc: 0.5349 - loss: 0.6945 - val_accuracy: 0.6667 - val_auc: 0.4700 - val_loss: 0.6567 - learning_rate: 1.0000e-04
Epoch 7/100
1/1 - 0s - 187ms/step - accuracy: 0.5119 - auc: 0.5340 - loss: 0.6919 - val_accuracy: 0.6667 - val_auc: 0.4600 - val_loss: 0.6542 - learning_rate: 1.0000e-04
Epoch 8/100
1/1 - 0s - 193ms/step - accuracy: 0.6667 - auc: 0.6997 - loss: 0.6494 - val_accuracy: 0.6667 - val_auc: 0.4200 - val_loss: 0.6524 - learning_rate: 1.0000e-04
Epoch 9/100
1/1 - 0s - 186ms/step - accuracy: 0.5952 - auc: 0.7008 - loss: 0.6565 - val_accuracy: 0.6667 - val_auc: 0.4900 - val_loss: 0.6509 - learning_rate: 1.0000e-04
Epoch 10/100
1/1 - 0s - 192ms/step - accuracy: 0.5833 - auc: 0.6676 - loss: 0.6582 - val_accuracy: 0.6667 - val_auc: 0.4800 - val_loss: 0.6493 - learning_rate: 1.0000e-04
Epoch 11/100
1/1 - 0s - 181ms/step - accuracy: 0.7024 - auc: 0.7360 - loss: 0.6379 - val_accuracy: 0.6667 - val_auc: 0.4500 - val_loss: 0.6473 - learning_rate: 1.0000e-04
Epoch 12/100
1/1 - 0s - 187ms/step - accuracy: 0.6905 - auc: 0.7686 - loss: 0.6297 - val_accuracy: 0.6667 - val_auc: 0.4700 - val_loss: 0.6459 - learning_rate: 1.0000e-04
Epoch 13/100
1/1 - 0s - 186ms/step - accuracy: 0.6786 - auc: 0.7243 - loss: 0.6413 - val_accuracy: 0.6667 - val_auc: 0.4300 - val_loss: 0.6453 - learning_rate: 5.0000e-05
Epoch 14/100
1/1 - 0s - 182ms/step - accuracy: 0.6190 - auc: 0.7575 - loss: 0.6137 - val_accuracy: 0.6667 - val_auc: 0.4400 - val_loss: 0.6450 - learning_rate: 5.0000e-05
Epoch 15/100
1/1 - 0s - 197ms/step - accuracy: 0.6310 - auc: 0.7482 - loss: 0.6314 - val_accuracy: 0.6667 - val_auc: 0.4800 - val_loss: 0.6445 - learning_rate: 5.0000e-05
Epoch 16/100
1/1 - 0s - 191ms/step - accuracy: 0.6310 - auc: 0.6395 - loss: 0.6572 - val_accuracy: 0.6667 - val_auc: 0.4500 - val_loss: 0.6442 - learning_rate: 5.0000e-05
Epoch 17/100
1/1 - 0s - 185ms/step - accuracy: 0.6786 - auc: 0.7737 - loss: 0.6157 - val_accuracy: 0.6667 - val_auc: 0.4500 - val_loss: 0.6438 - learning_rate: 5.0000e-05
Epoch 18/100
1/1 - 0s - 190ms/step - accuracy: 0.7262 - auc: 0.8296 - loss: 0.5950 - val_accuracy: 0.6667 - val_auc: 0.4500 - val_loss: 0.6437 - learning_rate: 5.0000e-05
Epoch 19/100
1/1 - 0s - 200ms/step - accuracy: 0.6310 - auc: 0.7158 - loss: 0.6305 - val_accuracy: 0.6667 - val_auc: 0.4500 - val_loss: 0.6435 - learning_rate: 5.0000e-05
Epoch 20/100
1/1 - 0s - 187ms/step - accuracy: 0.7857 - auc: 0.8735 - loss: 0.5853 - val_accuracy: 0.6667 - val_auc: 0.4500 - val_loss: 0.6433 - learning_rate: 5.0000e-05
Epoch 21/100
1/1 - 0s - 196ms/step - accuracy: 0.7381 - auc: 0.8111 - loss: 0.5926 - val_accuracy: 0.6667 - val_auc: 0.4300 - val_loss: 0.6433 - learning_rate: 5.0000e-05
Epoch 22/100
1/1 - 0s - 192ms/step - accuracy: 0.7143 - auc: 0.7385 - loss: 0.6250 - val_accuracy: 0.6667 - val_auc: 0.4400 - val_loss: 0.6434 - learning_rate: 5.0000e-05

Fold metrics (affect_valence):
  acc: 0.4848
  bal_acc: 0.4492
  precision: 0.5417
  recall: 0.6842
  f1: 0.6047
  mcc: -0.1126
  auc: 0.5263
Confusion matrix:
 [[ 3 11]
 [ 6 13]]
Classification report:
              precision    recall  f1-score   support

           0     0.3333    0.2143    0.2609        14
           1     0.5417    0.6842    0.6047        19

    accuracy                         0.4848        33
   macro avg     0.4375    0.4492    0.4328        33
weighted avg     0.4533    0.4848    0.4588        33


--- Target: affect_arousal ---
Train label counts:
affect_arousal
4.0    26641
2.0    17420
Name: count, dtype: int64
Test label counts:
affect_arousal
4.0    10728
2.0     3839
Name: count, dtype: int64
Epoch 1/100
1/1 - 2s - 2s/step - accuracy: 0.5357 - auc: 0.5237 - loss: 0.6840 - val_accuracy: 0.9333 - val_auc: 0.5357 - val_loss: 0.5862 - learning_rate: 1.0000e-04
Epoch 2/100
1/1 - 0s - 193ms/step - accuracy: 0.5357 - auc: 0.5573 - loss: 0.6792 - val_accuracy: 0.9333 - val_auc: 0.5714 - val_loss: 0.5519 - learning_rate: 1.0000e-04
Epoch 3/100
1/1 - 0s - 181ms/step - accuracy: 0.6429 - auc: 0.6250 - loss: 0.6576 - val_accuracy: 0.9333 - val_auc: 0.5357 - val_loss: 0.5229 - learning_rate: 1.0000e-04
Epoch 4/100
1/1 - 0s - 186ms/step - accuracy: 0.5714 - auc: 0.6791 - loss: 0.6522 - val_accuracy: 0.9333 - val_auc: 0.5714 - val_loss: 0.4980 - learning_rate: 1.0000e-04
Epoch 5/100
1/1 - 0s - 182ms/step - accuracy: 0.5952 - auc: 0.7280 - loss: 0.6312 - val_accuracy: 0.9333 - val_auc: 0.5357 - val_loss: 0.4810 - learning_rate: 1.0000e-04
Epoch 6/100
1/1 - 0s - 185ms/step - accuracy: 0.6667 - auc: 0.7549 - loss: 0.6236 - val_accuracy: 0.9333 - val_auc: 0.5714 - val_loss: 0.4681 - learning_rate: 1.0000e-04
Epoch 7/100
1/1 - 0s - 191ms/step - accuracy: 0.6310 - auc: 0.7384 - loss: 0.6234 - val_accuracy: 0.9333 - val_auc: 0.6071 - val_loss: 0.4590 - learning_rate: 1.0000e-04
Epoch 8/100
1/1 - 0s - 183ms/step - accuracy: 0.6548 - auc: 0.7384 - loss: 0.6235 - val_accuracy: 0.9333 - val_auc: 0.5714 - val_loss: 0.4544 - learning_rate: 1.0000e-04
Epoch 9/100
1/1 - 0s - 178ms/step - accuracy: 0.6548 - auc: 0.8038 - loss: 0.6029 - val_accuracy: 0.9333 - val_auc: 0.5357 - val_loss: 0.4527 - learning_rate: 1.0000e-04
Epoch 10/100
1/1 - 0s - 180ms/step - accuracy: 0.6667 - auc: 0.7648 - loss: 0.6165 - val_accuracy: 0.9333 - val_auc: 0.5357 - val_loss: 0.4532 - learning_rate: 1.0000e-04
Epoch 11/100
1/1 - 0s - 191ms/step - accuracy: 0.6548 - auc: 0.7295 - loss: 0.6267 - val_accuracy: 0.9333 - val_auc: 0.4643 - val_loss: 0.4570 - learning_rate: 1.0000e-04
Epoch 12/100
1/1 - 0s - 192ms/step - accuracy: 0.6310 - auc: 0.7358 - loss: 0.6272 - val_accuracy: 0.9333 - val_auc: 0.4643 - val_loss: 0.4588 - learning_rate: 5.0000e-05
Epoch 13/100
1/1 - 0s - 195ms/step - accuracy: 0.6429 - auc: 0.7960 - loss: 0.6017 - val_accuracy: 0.9333 - val_auc: 0.4286 - val_loss: 0.4616 - learning_rate: 5.0000e-05
Epoch 14/100
1/1 - 0s - 191ms/step - accuracy: 0.6548 - auc: 0.6768 - loss: 0.6387 - val_accuracy: 0.9333 - val_auc: 0.3929 - val_loss: 0.4650 - learning_rate: 5.0000e-05
Epoch 15/100
1/1 - 0s - 183ms/step - accuracy: 0.6905 - auc: 0.7358 - loss: 0.6167 - val_accuracy: 0.9333 - val_auc: 0.4286 - val_loss: 0.4690 - learning_rate: 5.0000e-05
Epoch 16/100
1/1 - 0s - 181ms/step - accuracy: 0.7262 - auc: 0.7740 - loss: 0.6006 - val_accuracy: 0.9333 - val_auc: 0.3929 - val_loss: 0.4728 - learning_rate: 5.0000e-05
Epoch 17/100
1/1 - 0s - 180ms/step - accuracy: 0.6786 - auc: 0.7995 - loss: 0.5840 - val_accuracy: 0.9333 - val_auc: 0.4643 - val_loss: 0.4766 - learning_rate: 5.0000e-05
Epoch 18/100
1/1 - 0s - 191ms/step - accuracy: 0.6786 - auc: 0.7303 - loss: 0.6202 - val_accuracy: 0.9333 - val_auc: 0.3929 - val_loss: 0.4803 - learning_rate: 5.0000e-05
Epoch 19/100
1/1 - 0s - 188ms/step - accuracy: 0.7262 - auc: 0.8145 - loss: 0.5746 - val_accuracy: 0.9333 - val_auc: 0.3214 - val_loss: 0.4834 - learning_rate: 5.0000e-05
Epoch 20/100
1/1 - 0s - 194ms/step - accuracy: 0.7262 - auc: 0.8015 - loss: 0.5821 - val_accuracy: 0.9333 - val_auc: 0.4643 - val_loss: 0.4860 - learning_rate: 5.0000e-05
Epoch 21/100
1/1 - 0s - 193ms/step - accuracy: 0.6905 - auc: 0.7422 - loss: 0.6026 - val_accuracy: 0.9333 - val_auc: 0.3571 - val_loss: 0.4890 - learning_rate: 5.0000e-05

Fold metrics (affect_arousal):
  acc: 0.6667
  bal_acc: 0.4400
  precision: 0.7333
  recall: 0.8800
  f1: 0.8000
  mcc: -0.1789
  auc: 0.3900
Confusion matrix:
 [[ 0  8]
 [ 3 22]]
Classification report:
              precision    recall  f1-score   support

           0     0.0000    0.0000    0.0000         8
           1     0.7333    0.8800    0.8000        25

    accuracy                         0.6667        33
   macro avg     0.3667    0.4400    0.4000        33
weighted avg     0.5556    0.6667    0.6061        33


==============================
Fold 2 | LEFT OUT SESSIONS: [np.str_('96f6a467-9ef5-4c1d-a1f2-e219137a7ac1'), np.str_('cd30d8fb-98e0-4379-954f-0bf9b2b76e76'), np.str_('fbaf41fe-0895-4dc9-988a-59eb3effa7be'), np.str_('cc79c8ee-48e4-4d7b-8dc0-54ed771a05c7'), np.str_('b8175a99-c266-447b-bffa-b0490a5c337f')]
==============================

--- Target: affect_valence ---
Train label counts:
affect_valence
4.0    27900
2.0    15935
Name: count, dtype: int64
Test label counts:
affect_valence
2.0    8651
4.0    6142
Name: count, dtype: int64
Epoch 1/100
1/1 - 3s - 3s/step - accuracy: 0.5000 - auc: 0.4642 - loss: 0.7127 - val_accuracy: 0.8000 - val_auc: 0.3462 - val_loss: 0.6353 - learning_rate: 1.0000e-04
Epoch 2/100
1/1 - 0s - 201ms/step - accuracy: 0.5357 - auc: 0.5011 - loss: 0.7039 - val_accuracy: 0.8000 - val_auc: 0.3462 - val_loss: 0.6249 - learning_rate: 1.0000e-04
Epoch 3/100
1/1 - 0s - 209ms/step - accuracy: 0.5119 - auc: 0.5578 - loss: 0.6869 - val_accuracy: 0.8000 - val_auc: 0.3462 - val_loss: 0.6111 - learning_rate: 1.0000e-04
Epoch 4/100
1/1 - 0s - 213ms/step - accuracy: 0.6429 - auc: 0.6851 - loss: 0.6651 - val_accuracy: 0.8000 - val_auc: 0.3462 - val_loss: 0.5981 - learning_rate: 1.0000e-04
Epoch 5/100
1/1 - 0s - 209ms/step - accuracy: 0.5357 - auc: 0.5435 - loss: 0.6861 - val_accuracy: 0.8667 - val_auc: 0.3269 - val_loss: 0.5881 - learning_rate: 1.0000e-04
Epoch 6/100
1/1 - 0s - 198ms/step - accuracy: 0.5714 - auc: 0.6173 - loss: 0.6765 - val_accuracy: 0.8667 - val_auc: 0.2885 - val_loss: 0.5811 - learning_rate: 1.0000e-04
Epoch 7/100
1/1 - 0s - 188ms/step - accuracy: 0.5119 - auc: 0.5286 - loss: 0.6957 - val_accuracy: 0.8667 - val_auc: 0.2692 - val_loss: 0.5754 - learning_rate: 1.0000e-04
Epoch 8/100
1/1 - 0s - 184ms/step - accuracy: 0.5476 - auc: 0.5426 - loss: 0.6964 - val_accuracy: 0.8667 - val_auc: 0.2500 - val_loss: 0.5721 - learning_rate: 1.0000e-04
Epoch 9/100
1/1 - 0s - 187ms/step - accuracy: 0.6667 - auc: 0.6487 - loss: 0.6556 - val_accuracy: 0.8667 - val_auc: 0.3077 - val_loss: 0.5699 - learning_rate: 1.0000e-04
Epoch 10/100
1/1 - 0s - 193ms/step - accuracy: 0.6190 - auc: 0.6033 - loss: 0.6751 - val_accuracy: 0.8667 - val_auc: 0.4231 - val_loss: 0.5678 - learning_rate: 1.0000e-04
Epoch 11/100
1/1 - 0s - 199ms/step - accuracy: 0.6429 - auc: 0.6891 - loss: 0.6521 - val_accuracy: 0.8667 - val_auc: 0.4038 - val_loss: 0.5655 - learning_rate: 1.0000e-04
Epoch 12/100
1/1 - 0s - 193ms/step - accuracy: 0.6667 - auc: 0.6751 - loss: 0.6491 - val_accuracy: 0.8667 - val_auc: 0.4231 - val_loss: 0.5637 - learning_rate: 1.0000e-04
Epoch 13/100
1/1 - 0s - 188ms/step - accuracy: 0.6429 - auc: 0.6184 - loss: 0.6622 - val_accuracy: 0.8667 - val_auc: 0.4038 - val_loss: 0.5624 - learning_rate: 1.0000e-04
Epoch 14/100
1/1 - 0s - 186ms/step - accuracy: 0.6429 - auc: 0.7326 - loss: 0.6266 - val_accuracy: 0.8667 - val_auc: 0.4231 - val_loss: 0.5617 - learning_rate: 1.0000e-04
Epoch 15/100
1/1 - 0s - 187ms/step - accuracy: 0.7381 - auc: 0.7320 - loss: 0.6291 - val_accuracy: 0.8667 - val_auc: 0.3846 - val_loss: 0.5597 - learning_rate: 1.0000e-04
Epoch 16/100
1/1 - 0s - 187ms/step - accuracy: 0.6310 - auc: 0.6333 - loss: 0.6620 - val_accuracy: 0.8667 - val_auc: 0.4038 - val_loss: 0.5580 - learning_rate: 5.0000e-05
Epoch 17/100
1/1 - 0s - 205ms/step - accuracy: 0.6548 - auc: 0.7334 - loss: 0.6229 - val_accuracy: 0.8667 - val_auc: 0.3654 - val_loss: 0.5558 - learning_rate: 5.0000e-05
Epoch 18/100
1/1 - 0s - 184ms/step - accuracy: 0.7143 - auc: 0.7792 - loss: 0.6206 - val_accuracy: 0.8667 - val_auc: 0.3654 - val_loss: 0.5541 - learning_rate: 5.0000e-05
Epoch 19/100
1/1 - 0s - 185ms/step - accuracy: 0.7262 - auc: 0.7632 - loss: 0.6110 - val_accuracy: 0.8667 - val_auc: 0.3462 - val_loss: 0.5523 - learning_rate: 5.0000e-05
Epoch 20/100
1/1 - 0s - 186ms/step - accuracy: 0.7024 - auc: 0.7431 - loss: 0.6243 - val_accuracy: 0.8667 - val_auc: 0.3654 - val_loss: 0.5507 - learning_rate: 5.0000e-05
Epoch 21/100
1/1 - 0s - 184ms/step - accuracy: 0.6429 - auc: 0.7346 - loss: 0.6227 - val_accuracy: 0.8667 - val_auc: 0.3462 - val_loss: 0.5493 - learning_rate: 5.0000e-05
Epoch 22/100
1/1 - 0s - 184ms/step - accuracy: 0.6667 - auc: 0.7097 - loss: 0.6211 - val_accuracy: 0.8667 - val_auc: 0.3654 - val_loss: 0.5478 - learning_rate: 5.0000e-05
Epoch 23/100
1/1 - 0s - 184ms/step - accuracy: 0.7024 - auc: 0.7800 - loss: 0.6072 - val_accuracy: 0.8667 - val_auc: 0.3462 - val_loss: 0.5466 - learning_rate: 5.0000e-05
Epoch 24/100
1/1 - 0s - 184ms/step - accuracy: 0.7381 - auc: 0.7772 - loss: 0.6076 - val_accuracy: 0.8667 - val_auc: 0.3462 - val_loss: 0.5452 - learning_rate: 5.0000e-05
Epoch 25/100
1/1 - 0s - 196ms/step - accuracy: 0.6429 - auc: 0.7695 - loss: 0.6188 - val_accuracy: 0.8667 - val_auc: 0.3462 - val_loss: 0.5442 - learning_rate: 5.0000e-05

Fold metrics (affect_valence):
  acc: 0.5455
  bal_acc: 0.6250
  precision: 0.4643
  recall: 1.0000
  f1: 0.6341
  mcc: 0.3407
  auc: 0.7231
Confusion matrix:
 [[ 5 15]
 [ 0 13]]
Classification report:
              precision    recall  f1-score   support

           0     1.0000    0.2500    0.4000        20
           1     0.4643    1.0000    0.6341        13

    accuracy                         0.5455        33
   macro avg     0.7321    0.6250    0.5171        33
weighted avg     0.7890    0.5455    0.4922        33


--- Target: affect_arousal ---
Train label counts:
affect_arousal
4.0    26606
2.0    17229
Name: count, dtype: int64
Test label counts:
affect_arousal
4.0    10763
2.0     4030
Name: count, dtype: int64
Epoch 1/100
1/1 - 2s - 2s/step - accuracy: 0.5119 - auc: 0.5114 - loss: 0.6939 - val_accuracy: 0.8667 - val_auc: 0.0714 - val_loss: 0.6008 - learning_rate: 1.0000e-04
Epoch 2/100
1/1 - 0s - 198ms/step - accuracy: 0.5595 - auc: 0.4717 - loss: 0.6983 - val_accuracy: 0.8667 - val_auc: 0.0357 - val_loss: 0.5682 - learning_rate: 1.0000e-04
Epoch 3/100
1/1 - 0s - 194ms/step - accuracy: 0.5476 - auc: 0.5257 - loss: 0.6857 - val_accuracy: 0.9333 - val_auc: 0.0357 - val_loss: 0.5431 - learning_rate: 1.0000e-04
Epoch 4/100
1/1 - 0s - 206ms/step - accuracy: 0.5714 - auc: 0.5364 - loss: 0.6777 - val_accuracy: 0.9333 - val_auc: 0.0357 - val_loss: 0.5238 - learning_rate: 1.0000e-04
Epoch 5/100
1/1 - 0s - 200ms/step - accuracy: 0.5952 - auc: 0.6318 - loss: 0.6563 - val_accuracy: 0.9333 - val_auc: 0.0714 - val_loss: 0.5088 - learning_rate: 1.0000e-04
Epoch 6/100
1/1 - 0s - 191ms/step - accuracy: 0.5833 - auc: 0.5781 - loss: 0.6718 - val_accuracy: 0.9333 - val_auc: 0.0714 - val_loss: 0.4973 - learning_rate: 1.0000e-04
Epoch 7/100
1/1 - 0s - 192ms/step - accuracy: 0.6429 - auc: 0.7009 - loss: 0.6264 - val_accuracy: 0.9333 - val_auc: 0.0714 - val_loss: 0.4902 - learning_rate: 1.0000e-04
Epoch 8/100
1/1 - 0s - 194ms/step - accuracy: 0.6190 - auc: 0.6950 - loss: 0.6371 - val_accuracy: 0.9333 - val_auc: 0.0714 - val_loss: 0.4869 - learning_rate: 1.0000e-04
Epoch 9/100
1/1 - 0s - 186ms/step - accuracy: 0.6786 - auc: 0.7050 - loss: 0.6280 - val_accuracy: 0.9333 - val_auc: 0.0714 - val_loss: 0.4865 - learning_rate: 1.0000e-04
Epoch 10/100
1/1 - 0s - 194ms/step - accuracy: 0.6071 - auc: 0.7219 - loss: 0.6295 - val_accuracy: 0.9333 - val_auc: 0.0714 - val_loss: 0.4880 - learning_rate: 1.0000e-04
Epoch 11/100
1/1 - 0s - 183ms/step - accuracy: 0.6429 - auc: 0.6948 - loss: 0.6262 - val_accuracy: 0.9333 - val_auc: 0.0714 - val_loss: 0.4921 - learning_rate: 1.0000e-04
Epoch 12/100
1/1 - 0s - 181ms/step - accuracy: 0.6667 - auc: 0.7227 - loss: 0.6287 - val_accuracy: 0.9333 - val_auc: 0.0714 - val_loss: 0.4980 - learning_rate: 1.0000e-04
Epoch 13/100
1/1 - 0s - 185ms/step - accuracy: 0.6905 - auc: 0.7516 - loss: 0.6148 - val_accuracy: 0.8667 - val_auc: 0.0714 - val_loss: 0.5054 - learning_rate: 1.0000e-04
Epoch 14/100
1/1 - 0s - 183ms/step - accuracy: 0.7024 - auc: 0.7490 - loss: 0.6034 - val_accuracy: 0.8667 - val_auc: 0.0714 - val_loss: 0.5097 - learning_rate: 5.0000e-05
Epoch 15/100
1/1 - 0s - 196ms/step - accuracy: 0.7024 - auc: 0.7108 - loss: 0.6208 - val_accuracy: 0.8667 - val_auc: 0.0714 - val_loss: 0.5139 - learning_rate: 5.0000e-05
Epoch 16/100
1/1 - 0s - 199ms/step - accuracy: 0.7143 - auc: 0.7866 - loss: 0.5946 - val_accuracy: 0.8667 - val_auc: 0.0714 - val_loss: 0.5183 - learning_rate: 5.0000e-05
Epoch 17/100
1/1 - 0s - 195ms/step - accuracy: 0.6786 - auc: 0.7647 - loss: 0.5958 - val_accuracy: 0.8667 - val_auc: 0.0714 - val_loss: 0.5226 - learning_rate: 5.0000e-05
Epoch 18/100
1/1 - 0s - 191ms/step - accuracy: 0.6548 - auc: 0.7688 - loss: 0.6028 - val_accuracy: 0.8667 - val_auc: 0.0714 - val_loss: 0.5269 - learning_rate: 5.0000e-05
Epoch 19/100
1/1 - 0s - 189ms/step - accuracy: 0.6786 - auc: 0.7332 - loss: 0.6152 - val_accuracy: 0.8667 - val_auc: 0.0714 - val_loss: 0.5309 - learning_rate: 5.0000e-05
Epoch 20/100
1/1 - 0s - 194ms/step - accuracy: 0.7262 - auc: 0.8114 - loss: 0.5755 - val_accuracy: 0.8667 - val_auc: 0.0714 - val_loss: 0.5342 - learning_rate: 5.0000e-05
Epoch 21/100
1/1 - 0s - 200ms/step - accuracy: 0.7619 - auc: 0.8274 - loss: 0.5695 - val_accuracy: 0.8667 - val_auc: 0.0714 - val_loss: 0.5374 - learning_rate: 5.0000e-05
Epoch 22/100
1/1 - 0s - 203ms/step - accuracy: 0.7143 - auc: 0.7265 - loss: 0.6096 - val_accuracy: 0.8667 - val_auc: 0.0714 - val_loss: 0.5405 - learning_rate: 5.0000e-05
Epoch 23/100
1/1 - 0s - 204ms/step - accuracy: 0.7143 - auc: 0.7633 - loss: 0.5948 - val_accuracy: 0.8667 - val_auc: 0.0714 - val_loss: 0.5437 - learning_rate: 5.0000e-05

Fold metrics (affect_arousal):
  acc: 0.7879
  bal_acc: 0.6111
  precision: 0.7742
  recall: 1.0000
  f1: 0.8727
  mcc: 0.4148
  auc: 0.7731
Confusion matrix:
 [[ 2  7]
 [ 0 24]]
Classification report:
              precision    recall  f1-score   support

           0     1.0000    0.2222    0.3636         9
           1     0.7742    1.0000    0.8727        24

    accuracy                         0.7879        33
   macro avg     0.8871    0.6111    0.6182        33
weighted avg     0.8358    0.7879    0.7339        33


==============================
Fold 3 | LEFT OUT SESSIONS: [np.str_('ca488455-71e2-4298-ac54-abb022fdd720'), np.str_('9f0f8a7a-edd9-4d35-bba4-72029cd2ec56'), np.str_('47dc2ddb-2356-4f11-9143-6a42e93ed3ca'), np.str_('4c9623ea-ce9b-455d-97c8-e8d87ef7eaad'), np.str_('9ad396af-4129-4092-a06d-e4080ca1df0b')]
==============================

--- Target: affect_valence ---
Train label counts:
affect_valence
4.0    26367
2.0    17801
Name: count, dtype: int64
Test label counts:
affect_valence
4.0    7675
2.0    6785
Name: count, dtype: int64
Epoch 1/100
1/1 - 2s - 2s/step - accuracy: 0.5357 - auc: 0.5151 - loss: 0.6952 - val_accuracy: 0.6667 - val_auc: 0.5682 - val_loss: 0.6471 - learning_rate: 1.0000e-04
Epoch 2/100
1/1 - 0s - 191ms/step - accuracy: 0.5357 - auc: 0.5476 - loss: 0.6920 - val_accuracy: 0.7333 - val_auc: 0.5455 - val_loss: 0.6424 - learning_rate: 1.0000e-04
Epoch 3/100
1/1 - 0s - 185ms/step - accuracy: 0.5119 - auc: 0.4838 - loss: 0.7085 - val_accuracy: 0.7333 - val_auc: 0.5341 - val_loss: 0.6374 - learning_rate: 1.0000e-04
Epoch 4/100
1/1 - 0s - 188ms/step - accuracy: 0.5952 - auc: 0.6319 - loss: 0.6749 - val_accuracy: 0.7333 - val_auc: 0.5227 - val_loss: 0.6328 - learning_rate: 1.0000e-04
Epoch 5/100
1/1 - 0s - 181ms/step - accuracy: 0.5714 - auc: 0.5607 - loss: 0.6876 - val_accuracy: 0.7333 - val_auc: 0.5227 - val_loss: 0.6284 - learning_rate: 1.0000e-04
Epoch 6/100
1/1 - 0s - 181ms/step - accuracy: 0.5476 - auc: 0.5473 - loss: 0.6889 - val_accuracy: 0.7333 - val_auc: 0.5227 - val_loss: 0.6242 - learning_rate: 1.0000e-04
Epoch 7/100
1/1 - 0s - 181ms/step - accuracy: 0.5595 - auc: 0.5322 - loss: 0.6876 - val_accuracy: 0.7333 - val_auc: 0.5227 - val_loss: 0.6209 - learning_rate: 1.0000e-04
Epoch 8/100
1/1 - 0s - 189ms/step - accuracy: 0.5714 - auc: 0.5670 - loss: 0.6829 - val_accuracy: 0.7333 - val_auc: 0.5114 - val_loss: 0.6186 - learning_rate: 1.0000e-04
Epoch 9/100
1/1 - 0s - 202ms/step - accuracy: 0.6310 - auc: 0.6798 - loss: 0.6600 - val_accuracy: 0.7333 - val_auc: 0.5114 - val_loss: 0.6162 - learning_rate: 1.0000e-04
Epoch 10/100
1/1 - 0s - 202ms/step - accuracy: 0.6071 - auc: 0.6217 - loss: 0.6699 - val_accuracy: 0.7333 - val_auc: 0.5000 - val_loss: 0.6145 - learning_rate: 1.0000e-04
Epoch 11/100
1/1 - 0s - 195ms/step - accuracy: 0.6310 - auc: 0.7219 - loss: 0.6408 - val_accuracy: 0.7333 - val_auc: 0.5000 - val_loss: 0.6133 - learning_rate: 1.0000e-04
Epoch 12/100
1/1 - 0s - 196ms/step - accuracy: 0.6786 - auc: 0.7054 - loss: 0.6430 - val_accuracy: 0.7333 - val_auc: 0.5000 - val_loss: 0.6129 - learning_rate: 1.0000e-04
Epoch 13/100
1/1 - 0s - 199ms/step - accuracy: 0.5952 - auc: 0.6766 - loss: 0.6547 - val_accuracy: 0.7333 - val_auc: 0.5000 - val_loss: 0.6129 - learning_rate: 5.0000e-05
Epoch 14/100
1/1 - 0s - 199ms/step - accuracy: 0.6071 - auc: 0.6336 - loss: 0.6614 - val_accuracy: 0.7333 - val_auc: 0.4886 - val_loss: 0.6128 - learning_rate: 5.0000e-05
Epoch 15/100
1/1 - 0s - 194ms/step - accuracy: 0.6905 - auc: 0.7456 - loss: 0.6179 - val_accuracy: 0.7333 - val_auc: 0.5000 - val_loss: 0.6128 - learning_rate: 5.0000e-05
Epoch 16/100
1/1 - 0s - 199ms/step - accuracy: 0.5833 - auc: 0.6416 - loss: 0.6630 - val_accuracy: 0.7333 - val_auc: 0.4886 - val_loss: 0.6128 - learning_rate: 5.0000e-05
Epoch 17/100
1/1 - 0s - 186ms/step - accuracy: 0.7024 - auc: 0.7595 - loss: 0.6281 - val_accuracy: 0.7333 - val_auc: 0.4886 - val_loss: 0.6127 - learning_rate: 5.0000e-05
Epoch 18/100
1/1 - 0s - 185ms/step - accuracy: 0.6190 - auc: 0.6823 - loss: 0.6469 - val_accuracy: 0.7333 - val_auc: 0.4886 - val_loss: 0.6127 - learning_rate: 5.0000e-05
Epoch 19/100
1/1 - 0s - 188ms/step - accuracy: 0.7024 - auc: 0.7519 - loss: 0.6281 - val_accuracy: 0.7333 - val_auc: 0.4773 - val_loss: 0.6127 - learning_rate: 5.0000e-05
Epoch 20/100
1/1 - 0s - 196ms/step - accuracy: 0.6190 - auc: 0.6977 - loss: 0.6463 - val_accuracy: 0.7333 - val_auc: 0.4773 - val_loss: 0.6125 - learning_rate: 5.0000e-05
Epoch 21/100
1/1 - 0s - 180ms/step - accuracy: 0.6667 - auc: 0.7578 - loss: 0.6201 - val_accuracy: 0.7333 - val_auc: 0.4773 - val_loss: 0.6126 - learning_rate: 5.0000e-05
Epoch 22/100
1/1 - 0s - 190ms/step - accuracy: 0.5952 - auc: 0.6775 - loss: 0.6460 - val_accuracy: 0.7333 - val_auc: 0.4773 - val_loss: 0.6124 - learning_rate: 5.0000e-05

Fold metrics (affect_valence):
  acc: 0.4242
  bal_acc: 0.4338
  precision: 0.4444
  recall: 0.7500
  f1: 0.5581
  mcc: -0.1715
  auc: 0.2721
Confusion matrix:
 [[ 2 15]
 [ 4 12]]
Classification report:
              precision    recall  f1-score   support

           0     0.3333    0.1176    0.1739        17
           1     0.4444    0.7500    0.5581        16

    accuracy                         0.4242        33
   macro avg     0.3889    0.4338    0.3660        33
weighted avg     0.3872    0.4242    0.3602        33


--- Target: affect_arousal ---
Train label counts:
affect_arousal
4.0    29630
2.0    14538
Name: count, dtype: int64
Test label counts:
affect_arousal
4.0    7739
2.0    6721
Name: count, dtype: int64
Epoch 1/100
1/1 - 2s - 2s/step - accuracy: 0.5714 - auc: 0.5392 - loss: 0.6768 - val_accuracy: 0.9333 - val_auc: 0.5000 - val_loss: 0.5784 - learning_rate: 1.0000e-04
Epoch 2/100
1/1 - 0s - 189ms/step - accuracy: 0.5476 - auc: 0.5052 - loss: 0.6791 - val_accuracy: 0.9333 - val_auc: 0.4643 - val_loss: 0.5372 - learning_rate: 1.0000e-04
Epoch 3/100
1/1 - 0s - 192ms/step - accuracy: 0.6429 - auc: 0.5108 - loss: 0.6640 - val_accuracy: 0.9333 - val_auc: 0.4643 - val_loss: 0.5049 - learning_rate: 1.0000e-04
Epoch 4/100
1/1 - 0s - 192ms/step - accuracy: 0.6429 - auc: 0.6025 - loss: 0.6507 - val_accuracy: 0.9333 - val_auc: 0.3929 - val_loss: 0.4775 - learning_rate: 1.0000e-04
Epoch 5/100
1/1 - 0s - 204ms/step - accuracy: 0.6667 - auc: 0.6772 - loss: 0.6171 - val_accuracy: 0.9333 - val_auc: 0.3571 - val_loss: 0.4576 - learning_rate: 1.0000e-04
Epoch 6/100
1/1 - 0s - 189ms/step - accuracy: 0.6429 - auc: 0.5546 - loss: 0.6453 - val_accuracy: 0.9333 - val_auc: 0.3571 - val_loss: 0.4443 - learning_rate: 1.0000e-04
Epoch 7/100
1/1 - 0s - 195ms/step - accuracy: 0.6667 - auc: 0.6454 - loss: 0.6227 - val_accuracy: 0.9333 - val_auc: 0.3929 - val_loss: 0.4349 - learning_rate: 1.0000e-04
Epoch 8/100
1/1 - 0s - 190ms/step - accuracy: 0.6548 - auc: 0.6685 - loss: 0.6182 - val_accuracy: 0.9333 - val_auc: 0.4286 - val_loss: 0.4290 - learning_rate: 1.0000e-04
Epoch 9/100
1/1 - 0s - 187ms/step - accuracy: 0.6429 - auc: 0.6117 - loss: 0.6418 - val_accuracy: 0.9333 - val_auc: 0.4643 - val_loss: 0.4264 - learning_rate: 1.0000e-04
Epoch 10/100
1/1 - 0s - 193ms/step - accuracy: 0.6786 - auc: 0.6907 - loss: 0.6131 - val_accuracy: 0.9333 - val_auc: 0.3571 - val_loss: 0.4268 - learning_rate: 1.0000e-04
Epoch 11/100
1/1 - 0s - 201ms/step - accuracy: 0.6667 - auc: 0.6614 - loss: 0.6114 - val_accuracy: 0.9333 - val_auc: 0.4286 - val_loss: 0.4305 - learning_rate: 1.0000e-04
Epoch 12/100
1/1 - 0s - 194ms/step - accuracy: 0.6667 - auc: 0.6728 - loss: 0.6195 - val_accuracy: 0.9333 - val_auc: 0.3929 - val_loss: 0.4332 - learning_rate: 5.0000e-05
Epoch 13/100
1/1 - 0s - 201ms/step - accuracy: 0.6786 - auc: 0.7512 - loss: 0.5961 - val_accuracy: 0.9333 - val_auc: 0.3571 - val_loss: 0.4368 - learning_rate: 5.0000e-05
Epoch 14/100
1/1 - 0s - 184ms/step - accuracy: 0.6667 - auc: 0.6444 - loss: 0.6206 - val_accuracy: 0.9333 - val_auc: 0.4286 - val_loss: 0.4414 - learning_rate: 5.0000e-05
Epoch 15/100
1/1 - 0s - 199ms/step - accuracy: 0.6786 - auc: 0.6648 - loss: 0.6104 - val_accuracy: 0.9333 - val_auc: 0.3571 - val_loss: 0.4459 - learning_rate: 5.0000e-05
Epoch 16/100
1/1 - 0s - 185ms/step - accuracy: 0.6429 - auc: 0.7417 - loss: 0.5907 - val_accuracy: 0.9333 - val_auc: 0.3929 - val_loss: 0.4512 - learning_rate: 5.0000e-05
Epoch 17/100
1/1 - 0s - 187ms/step - accuracy: 0.6905 - auc: 0.7685 - loss: 0.5804 - val_accuracy: 0.9333 - val_auc: 0.3214 - val_loss: 0.4563 - learning_rate: 5.0000e-05
Epoch 18/100
1/1 - 0s - 183ms/step - accuracy: 0.6786 - auc: 0.7691 - loss: 0.5833 - val_accuracy: 0.9333 - val_auc: 0.3214 - val_loss: 0.4619 - learning_rate: 5.0000e-05
Epoch 19/100
1/1 - 0s - 184ms/step - accuracy: 0.6905 - auc: 0.6972 - loss: 0.6069 - val_accuracy: 0.9333 - val_auc: 0.3571 - val_loss: 0.4673 - learning_rate: 5.0000e-05
Epoch 20/100
1/1 - 0s - 191ms/step - accuracy: 0.6667 - auc: 0.7926 - loss: 0.5744 - val_accuracy: 0.9333 - val_auc: 0.2500 - val_loss: 0.4727 - learning_rate: 5.0000e-05
Epoch 21/100
1/1 - 0s - 182ms/step - accuracy: 0.7262 - auc: 0.7571 - loss: 0.5786 - val_accuracy: 0.9333 - val_auc: 0.2857 - val_loss: 0.4777 - learning_rate: 5.0000e-05

Fold metrics (affect_arousal):
  acc: 0.6667
  bal_acc: 0.6071
  precision: 0.6333
  recall: 1.0000
  f1: 0.7755
  mcc: 0.3684
  auc: 0.6128
Confusion matrix:
 [[ 3 11]
 [ 0 19]]
Classification report:
              precision    recall  f1-score   support

           0     1.0000    0.2143    0.3529        14
           1     0.6333    1.0000    0.7755        19

    accuracy                         0.6667        33
   macro avg     0.8167    0.6071    0.5642        33
weighted avg     0.7889    0.6667    0.5962        33


=============================================
HP SUMMARY: lr=0.0001, epochs=100, units=256, batch=256, patience=20, fixed_T=1200
Optimizing combined mean of metric: acc
Combo runtime: 1.0 minutes
  Valence (mean/std):
    acc: 0.4621 (std=0.0582)
    bal_acc: 0.4881 (std=0.0792)
    precision: 0.5293 (std=0.0872)
    recall: 0.6919 (std=0.2382)
    f1: 0.5603 (std=0.0722)
    mcc: -0.0116 (std=0.2051)
    auc: 0.4764 (std=0.1685)
  Arousal (mean/std):
    acc: 0.6667 (std=0.0857)
    bal_acc: 0.5353 (std=0.0754)
    precision: 0.6769 (std=0.0817)
    recall: 0.9437 (std=0.0566)
    f1: 0.7855 (std=0.0639)
    mcc: 0.1365 (std=0.2591)
    auc: 0.5662 (std=0.1432)
  Combined mean acc score = 0.5644
=============================================


#############################################
HP COMBO: lr=0.0001, epochs=100, units=256, batch=256, patience=20, fixed_T=2500
#############################################

==============================
Fold 0 | LEFT OUT SESSIONS: [np.str_('902f0696-60e6-48b2-a23d-c64d8116eb2a'), np.str_('cb55e9c5-de1f-4b23-891e-1fab91ecde5d'), np.str_('67ea0706-a879-4f3e-9ccb-eee88e55dc4d'), np.str_('1ac3973c-c080-42f8-a702-2842bfacdcee'), np.str_('133132cd-3fbf-47ba-9aae-904dd09ae86b')]
==============================

--- Target: affect_valence ---
Train label counts:
affect_valence
4.0    22575
2.0    21245
Name: count, dtype: int64
Test label counts:
affect_valence
4.0    11467
2.0     3341
Name: count, dtype: int64
Epoch 1/100
1/1 - 2s - 2s/step - accuracy: 0.5357 - auc: 0.6279 - loss: 0.6877 - val_accuracy: 0.4667 - val_auc: 0.4400 - val_loss: 0.6852 - learning_rate: 1.0000e-04
Epoch 2/100
1/1 - 0s - 301ms/step - accuracy: 0.4762 - auc: 0.4791 - loss: 0.7114 - val_accuracy: 0.5333 - val_auc: 0.4600 - val_loss: 0.6947 - learning_rate: 1.0000e-04
Epoch 3/100
1/1 - 0s - 302ms/step - accuracy: 0.5238 - auc: 0.5712 - loss: 0.6825 - val_accuracy: 0.4667 - val_auc: 0.4800 - val_loss: 0.7020 - learning_rate: 1.0000e-04
Epoch 4/100
1/1 - 0s - 308ms/step - accuracy: 0.6190 - auc: 0.6530 - loss: 0.6572 - val_accuracy: 0.4000 - val_auc: 0.5000 - val_loss: 0.7083 - learning_rate: 1.0000e-04
Epoch 5/100
1/1 - 0s - 305ms/step - accuracy: 0.5119 - auc: 0.4771 - loss: 0.6990 - val_accuracy: 0.4000 - val_auc: 0.5100 - val_loss: 0.7121 - learning_rate: 1.0000e-04
Epoch 6/100
1/1 - 0s - 305ms/step - accuracy: 0.6071 - auc: 0.6459 - loss: 0.6649 - val_accuracy: 0.4000 - val_auc: 0.4700 - val_loss: 0.7141 - learning_rate: 1.0000e-04
Epoch 7/100
1/1 - 0s - 311ms/step - accuracy: 0.5714 - auc: 0.6241 - loss: 0.6695 - val_accuracy: 0.4000 - val_auc: 0.4700 - val_loss: 0.7149 - learning_rate: 1.0000e-04
Epoch 8/100
1/1 - 0s - 310ms/step - accuracy: 0.6190 - auc: 0.6871 - loss: 0.6558 - val_accuracy: 0.4000 - val_auc: 0.4700 - val_loss: 0.7143 - learning_rate: 1.0000e-04
Epoch 9/100
1/1 - 0s - 308ms/step - accuracy: 0.6429 - auc: 0.7142 - loss: 0.6406 - val_accuracy: 0.4667 - val_auc: 0.4700 - val_loss: 0.7123 - learning_rate: 1.0000e-04
Epoch 10/100
1/1 - 0s - 302ms/step - accuracy: 0.6190 - auc: 0.7042 - loss: 0.6407 - val_accuracy: 0.5333 - val_auc: 0.4700 - val_loss: 0.7092 - learning_rate: 1.0000e-04
Epoch 11/100
1/1 - 0s - 323ms/step - accuracy: 0.6429 - auc: 0.6985 - loss: 0.6513 - val_accuracy: 0.6000 - val_auc: 0.4800 - val_loss: 0.7048 - learning_rate: 1.0000e-04
Epoch 12/100
1/1 - 0s - 307ms/step - accuracy: 0.6310 - auc: 0.7057 - loss: 0.6397 - val_accuracy: 0.6000 - val_auc: 0.5100 - val_loss: 0.7000 - learning_rate: 1.0000e-04
Epoch 13/100
1/1 - 0s - 309ms/step - accuracy: 0.5833 - auc: 0.6894 - loss: 0.6418 - val_accuracy: 0.6000 - val_auc: 0.5000 - val_loss: 0.6954 - learning_rate: 1.0000e-04
Epoch 14/100
1/1 - 0s - 306ms/step - accuracy: 0.6905 - auc: 0.7820 - loss: 0.6107 - val_accuracy: 0.5333 - val_auc: 0.5300 - val_loss: 0.6910 - learning_rate: 1.0000e-04
Epoch 15/100
1/1 - 0s - 306ms/step - accuracy: 0.7262 - auc: 0.7958 - loss: 0.6153 - val_accuracy: 0.5333 - val_auc: 0.5400 - val_loss: 0.6868 - learning_rate: 1.0000e-04
Epoch 16/100
1/1 - 0s - 309ms/step - accuracy: 0.6548 - auc: 0.7077 - loss: 0.6354 - val_accuracy: 0.6000 - val_auc: 0.5400 - val_loss: 0.6825 - learning_rate: 1.0000e-04
Epoch 17/100
1/1 - 0s - 316ms/step - accuracy: 0.7262 - auc: 0.7592 - loss: 0.6186 - val_accuracy: 0.5333 - val_auc: 0.5300 - val_loss: 0.6780 - learning_rate: 1.0000e-04
Epoch 18/100
1/1 - 0s - 316ms/step - accuracy: 0.7381 - auc: 0.8370 - loss: 0.5843 - val_accuracy: 0.4667 - val_auc: 0.5000 - val_loss: 0.6739 - learning_rate: 1.0000e-04
Epoch 19/100
1/1 - 0s - 311ms/step - accuracy: 0.6071 - auc: 0.7386 - loss: 0.6166 - val_accuracy: 0.5333 - val_auc: 0.4800 - val_loss: 0.6713 - learning_rate: 1.0000e-04
Epoch 20/100
1/1 - 0s - 319ms/step - accuracy: 0.6905 - auc: 0.7732 - loss: 0.6111 - val_accuracy: 0.6000 - val_auc: 0.4800 - val_loss: 0.6688 - learning_rate: 1.0000e-04
Epoch 21/100
1/1 - 0s - 304ms/step - accuracy: 0.6190 - auc: 0.6971 - loss: 0.6367 - val_accuracy: 0.6000 - val_auc: 0.4800 - val_loss: 0.6675 - learning_rate: 1.0000e-04
Epoch 22/100
1/1 - 0s - 310ms/step - accuracy: 0.6786 - auc: 0.7363 - loss: 0.6130 - val_accuracy: 0.6000 - val_auc: 0.4800 - val_loss: 0.6670 - learning_rate: 5.0000e-05
Epoch 23/100
1/1 - 0s - 307ms/step - accuracy: 0.7381 - auc: 0.8218 - loss: 0.5801 - val_accuracy: 0.6000 - val_auc: 0.4800 - val_loss: 0.6668 - learning_rate: 5.0000e-05
Epoch 24/100
1/1 - 0s - 301ms/step - accuracy: 0.7024 - auc: 0.7966 - loss: 0.5924 - val_accuracy: 0.6000 - val_auc: 0.4600 - val_loss: 0.6668 - learning_rate: 5.0000e-05
Epoch 25/100
1/1 - 0s - 297ms/step - accuracy: 0.7738 - auc: 0.8318 - loss: 0.5821 - val_accuracy: 0.6000 - val_auc: 0.4800 - val_loss: 0.6670 - learning_rate: 5.0000e-05
Epoch 26/100
1/1 - 0s - 299ms/step - accuracy: 0.6905 - auc: 0.7975 - loss: 0.5911 - val_accuracy: 0.6000 - val_auc: 0.4600 - val_loss: 0.6675 - learning_rate: 5.0000e-05
Epoch 27/100
1/1 - 0s - 311ms/step - accuracy: 0.7500 - auc: 0.7938 - loss: 0.5903 - val_accuracy: 0.6000 - val_auc: 0.4600 - val_loss: 0.6678 - learning_rate: 5.0000e-05
Epoch 28/100
1/1 - 0s - 312ms/step - accuracy: 0.7738 - auc: 0.8241 - loss: 0.5760 - val_accuracy: 0.6000 - val_auc: 0.4400 - val_loss: 0.6684 - learning_rate: 5.0000e-05
Epoch 29/100
1/1 - 0s - 310ms/step - accuracy: 0.7262 - auc: 0.7551 - loss: 0.6016 - val_accuracy: 0.6000 - val_auc: 0.4500 - val_loss: 0.6691 - learning_rate: 5.0000e-05
Epoch 30/100
1/1 - 0s - 310ms/step - accuracy: 0.7500 - auc: 0.8164 - loss: 0.5752 - val_accuracy: 0.6000 - val_auc: 0.4400 - val_loss: 0.6699 - learning_rate: 5.0000e-05
Epoch 31/100
1/1 - 0s - 313ms/step - accuracy: 0.7024 - auc: 0.8109 - loss: 0.5771 - val_accuracy: 0.6000 - val_auc: 0.4300 - val_loss: 0.6706 - learning_rate: 5.0000e-05

Fold metrics (affect_valence):
  acc: 0.3939
  bal_acc: 0.4444
  precision: 0.6667
  recall: 0.3333
  f1: 0.4444
  mcc: -0.1029
  auc: 0.3843
Confusion matrix:
 [[ 5  4]
 [16  8]]
Classification report:
              precision    recall  f1-score   support

           0     0.2381    0.5556    0.3333         9
           1     0.6667    0.3333    0.4444        24

    accuracy                         0.3939        33
   macro avg     0.4524    0.4444    0.3889        33
weighted avg     0.5498    0.3939    0.4141        33


--- Target: affect_arousal ---
Train label counts:
affect_arousal
4.0    29230
2.0    14590
Name: count, dtype: int64
Test label counts:
affect_arousal
4.0    8139
2.0    6669
Name: count, dtype: int64
Epoch 1/100
1/1 - 2s - 2s/step - accuracy: 0.5952 - auc: 0.5949 - loss: 0.6624 - val_accuracy: 1.0000 - val_auc: 0.0000e+00 - val_loss: 0.5466 - learning_rate: 1.0000e-04
Epoch 2/100
1/1 - 0s - 315ms/step - accuracy: 0.5952 - auc: 0.5161 - loss: 0.6763 - val_accuracy: 1.0000 - val_auc: 0.0000e+00 - val_loss: 0.4892 - learning_rate: 1.0000e-04
Epoch 3/100
1/1 - 0s - 313ms/step - accuracy: 0.6310 - auc: 0.5822 - loss: 0.6566 - val_accuracy: 1.0000 - val_auc: 0.0000e+00 - val_loss: 0.4397 - learning_rate: 1.0000e-04
Epoch 4/100
1/1 - 0s - 302ms/step - accuracy: 0.6905 - auc: 0.6470 - loss: 0.6230 - val_accuracy: 1.0000 - val_auc: 0.0000e+00 - val_loss: 0.3976 - learning_rate: 1.0000e-04
Epoch 5/100
1/1 - 0s - 306ms/step - accuracy: 0.6429 - auc: 0.5590 - loss: 0.6547 - val_accuracy: 1.0000 - val_auc: 0.0000e+00 - val_loss: 0.3646 - learning_rate: 1.0000e-04
Epoch 6/100
1/1 - 0s - 308ms/step - accuracy: 0.6786 - auc: 0.7237 - loss: 0.6080 - val_accuracy: 1.0000 - val_auc: 0.0000e+00 - val_loss: 0.3377 - learning_rate: 1.0000e-04
Epoch 7/100
1/1 - 0s - 308ms/step - accuracy: 0.6786 - auc: 0.7432 - loss: 0.5993 - val_accuracy: 1.0000 - val_auc: 0.0000e+00 - val_loss: 0.3155 - learning_rate: 1.0000e-04
Epoch 8/100
1/1 - 0s - 311ms/step - accuracy: 0.6905 - auc: 0.7602 - loss: 0.5859 - val_accuracy: 1.0000 - val_auc: 0.0000e+00 - val_loss: 0.2980 - learning_rate: 1.0000e-04
Epoch 9/100
1/1 - 0s - 313ms/step - accuracy: 0.6786 - auc: 0.8144 - loss: 0.5765 - val_accuracy: 1.0000 - val_auc: 0.0000e+00 - val_loss: 0.2841 - learning_rate: 1.0000e-04
Epoch 10/100
1/1 - 0s - 309ms/step - accuracy: 0.6905 - auc: 0.7867 - loss: 0.5733 - val_accuracy: 1.0000 - val_auc: 0.0000e+00 - val_loss: 0.2730 - learning_rate: 1.0000e-04
Epoch 11/100
1/1 - 0s - 315ms/step - accuracy: 0.6786 - auc: 0.7760 - loss: 0.5775 - val_accuracy: 1.0000 - val_auc: 0.0000e+00 - val_loss: 0.2643 - learning_rate: 1.0000e-04
Epoch 12/100
1/1 - 0s - 303ms/step - accuracy: 0.7143 - auc: 0.8256 - loss: 0.5639 - val_accuracy: 1.0000 - val_auc: 0.0000e+00 - val_loss: 0.2610 - learning_rate: 5.0000e-05
Epoch 13/100
1/1 - 0s - 304ms/step - accuracy: 0.6905 - auc: 0.7663 - loss: 0.5822 - val_accuracy: 1.0000 - val_auc: 0.0000e+00 - val_loss: 0.2589 - learning_rate: 5.0000e-05
Epoch 14/100
1/1 - 0s - 300ms/step - accuracy: 0.6786 - auc: 0.7495 - loss: 0.5889 - val_accuracy: 1.0000 - val_auc: 0.0000e+00 - val_loss: 0.2572 - learning_rate: 5.0000e-05
Epoch 15/100
1/1 - 0s - 301ms/step - accuracy: 0.7024 - auc: 0.7785 - loss: 0.5810 - val_accuracy: 1.0000 - val_auc: 0.0000e+00 - val_loss: 0.2561 - learning_rate: 5.0000e-05
Epoch 16/100
1/1 - 0s - 306ms/step - accuracy: 0.7738 - auc: 0.8615 - loss: 0.5337 - val_accuracy: 1.0000 - val_auc: 0.0000e+00 - val_loss: 0.2551 - learning_rate: 5.0000e-05
Epoch 17/100
1/1 - 0s - 308ms/step - accuracy: 0.6786 - auc: 0.8101 - loss: 0.5606 - val_accuracy: 1.0000 - val_auc: 0.0000e+00 - val_loss: 0.2546 - learning_rate: 5.0000e-05
Epoch 18/100
1/1 - 0s - 309ms/step - accuracy: 0.7500 - auc: 0.8518 - loss: 0.5301 - val_accuracy: 1.0000 - val_auc: 0.0000e+00 - val_loss: 0.2539 - learning_rate: 5.0000e-05
Epoch 19/100
1/1 - 0s - 310ms/step - accuracy: 0.7381 - auc: 0.8068 - loss: 0.5487 - val_accuracy: 1.0000 - val_auc: 0.0000e+00 - val_loss: 0.2532 - learning_rate: 5.0000e-05
Epoch 20/100
1/1 - 0s - 309ms/step - accuracy: 0.7619 - auc: 0.8393 - loss: 0.5362 - val_accuracy: 1.0000 - val_auc: 0.0000e+00 - val_loss: 0.2525 - learning_rate: 5.0000e-05
Epoch 21/100
1/1 - 0s - 305ms/step - accuracy: 0.7381 - auc: 0.8573 - loss: 0.5259 - val_accuracy: 1.0000 - val_auc: 0.0000e+00 - val_loss: 0.2519 - learning_rate: 5.0000e-05

Fold metrics (affect_arousal):
  acc: 0.5455
  bal_acc: 0.4831
  precision: 0.5667
  recall: 0.8947
  f1: 0.6939
  mcc: -0.0582
  auc: 0.4887
Confusion matrix:
 [[ 1 13]
 [ 2 17]]
Classification report:
              precision    recall  f1-score   support

           0     0.3333    0.0714    0.1176        14
           1     0.5667    0.8947    0.6939        19

    accuracy                         0.5455        33
   macro avg     0.4500    0.4831    0.4058        33
weighted avg     0.4677    0.5455    0.4494        33


==============================
Fold 1 | LEFT OUT SESSIONS: [np.str_('d8d72365-c7fe-494a-8504-0b268331e66e'), np.str_('e58ee8e6-b15d-43a3-ac58-56c4fb11d86e'), np.str_('ed5a3e23-9e05-4bbc-a998-7d1403a54191'), np.str_('c1d73b99-82e6-47ff-b4a8-20ea634f7ca4'), np.str_('0deaeb12-dc13-4d16-878e-ec134b330bf6')]
==============================

--- Target: affect_valence ---
Train label counts:
affect_valence
4.0    25284
2.0    18777
Name: count, dtype: int64
Test label counts:
affect_valence
4.0    8758
2.0    5809
Name: count, dtype: int64
Epoch 1/100
1/1 - 2s - 2s/step - accuracy: 0.4524 - auc: 0.5068 - loss: 0.6946 - val_accuracy: 0.6000 - val_auc: 0.4900 - val_loss: 0.6700 - learning_rate: 1.0000e-04
Epoch 2/100
1/1 - 0s - 318ms/step - accuracy: 0.5000 - auc: 0.5026 - loss: 0.6989 - val_accuracy: 0.6667 - val_auc: 0.4600 - val_loss: 0.6677 - learning_rate: 1.0000e-04
Epoch 3/100
1/1 - 0s - 314ms/step - accuracy: 0.4762 - auc: 0.4708 - loss: 0.7143 - val_accuracy: 0.6667 - val_auc: 0.4500 - val_loss: 0.6654 - learning_rate: 1.0000e-04
Epoch 4/100
1/1 - 0s - 309ms/step - accuracy: 0.5833 - auc: 0.5993 - loss: 0.6762 - val_accuracy: 0.6667 - val_auc: 0.4600 - val_loss: 0.6625 - learning_rate: 1.0000e-04
Epoch 5/100
1/1 - 0s - 302ms/step - accuracy: 0.6548 - auc: 0.6971 - loss: 0.6511 - val_accuracy: 0.6667 - val_auc: 0.4500 - val_loss: 0.6593 - learning_rate: 1.0000e-04
Epoch 6/100
1/1 - 0s - 299ms/step - accuracy: 0.5119 - auc: 0.5360 - loss: 0.6944 - val_accuracy: 0.6667 - val_auc: 0.4700 - val_loss: 0.6566 - learning_rate: 1.0000e-04
Epoch 7/100
1/1 - 0s - 298ms/step - accuracy: 0.5119 - auc: 0.5332 - loss: 0.6919 - val_accuracy: 0.6667 - val_auc: 0.4500 - val_loss: 0.6541 - learning_rate: 1.0000e-04
Epoch 8/100
1/1 - 0s - 299ms/step - accuracy: 0.6667 - auc: 0.7008 - loss: 0.6493 - val_accuracy: 0.6667 - val_auc: 0.4100 - val_loss: 0.6523 - learning_rate: 1.0000e-04
Epoch 9/100
1/1 - 0s - 305ms/step - accuracy: 0.5952 - auc: 0.7019 - loss: 0.6564 - val_accuracy: 0.6667 - val_auc: 0.4800 - val_loss: 0.6508 - learning_rate: 1.0000e-04
Epoch 10/100
1/1 - 0s - 302ms/step - accuracy: 0.5833 - auc: 0.6679 - loss: 0.6581 - val_accuracy: 0.6667 - val_auc: 0.5000 - val_loss: 0.6491 - learning_rate: 1.0000e-04
Epoch 11/100
1/1 - 0s - 303ms/step - accuracy: 0.7024 - auc: 0.7357 - loss: 0.6380 - val_accuracy: 0.6667 - val_auc: 0.4500 - val_loss: 0.6471 - learning_rate: 1.0000e-04
Epoch 12/100
1/1 - 0s - 320ms/step - accuracy: 0.6905 - auc: 0.7686 - loss: 0.6296 - val_accuracy: 0.6667 - val_auc: 0.4600 - val_loss: 0.6457 - learning_rate: 1.0000e-04
Epoch 13/100
1/1 - 0s - 304ms/step - accuracy: 0.6786 - auc: 0.7240 - loss: 0.6413 - val_accuracy: 0.6667 - val_auc: 0.4400 - val_loss: 0.6452 - learning_rate: 5.0000e-05
Epoch 14/100
1/1 - 0s - 302ms/step - accuracy: 0.6190 - auc: 0.7569 - loss: 0.6138 - val_accuracy: 0.6667 - val_auc: 0.4500 - val_loss: 0.6448 - learning_rate: 5.0000e-05
Epoch 15/100
1/1 - 0s - 305ms/step - accuracy: 0.6310 - auc: 0.7501 - loss: 0.6313 - val_accuracy: 0.6667 - val_auc: 0.4800 - val_loss: 0.6444 - learning_rate: 5.0000e-05
Epoch 16/100
1/1 - 0s - 306ms/step - accuracy: 0.6310 - auc: 0.6390 - loss: 0.6572 - val_accuracy: 0.6667 - val_auc: 0.4400 - val_loss: 0.6440 - learning_rate: 5.0000e-05
Epoch 17/100
1/1 - 0s - 315ms/step - accuracy: 0.6786 - auc: 0.7737 - loss: 0.6158 - val_accuracy: 0.6667 - val_auc: 0.4500 - val_loss: 0.6437 - learning_rate: 5.0000e-05
Epoch 18/100
1/1 - 0s - 301ms/step - accuracy: 0.7262 - auc: 0.8296 - loss: 0.5949 - val_accuracy: 0.6667 - val_auc: 0.4300 - val_loss: 0.6435 - learning_rate: 5.0000e-05
Epoch 19/100
1/1 - 0s - 301ms/step - accuracy: 0.6310 - auc: 0.7158 - loss: 0.6304 - val_accuracy: 0.6667 - val_auc: 0.4500 - val_loss: 0.6433 - learning_rate: 5.0000e-05
Epoch 20/100
1/1 - 0s - 302ms/step - accuracy: 0.7857 - auc: 0.8735 - loss: 0.5851 - val_accuracy: 0.6667 - val_auc: 0.4300 - val_loss: 0.6432 - learning_rate: 5.0000e-05
Epoch 21/100
1/1 - 0s - 299ms/step - accuracy: 0.7381 - auc: 0.8106 - loss: 0.5926 - val_accuracy: 0.6667 - val_auc: 0.4400 - val_loss: 0.6432 - learning_rate: 5.0000e-05
Epoch 22/100
1/1 - 0s - 304ms/step - accuracy: 0.7024 - auc: 0.7374 - loss: 0.6250 - val_accuracy: 0.6667 - val_auc: 0.4400 - val_loss: 0.6433 - learning_rate: 5.0000e-05

Fold metrics (affect_valence):
  acc: 0.4848
  bal_acc: 0.4492
  precision: 0.5417
  recall: 0.6842
  f1: 0.6047
  mcc: -0.1126
  auc: 0.5263
Confusion matrix:
 [[ 3 11]
 [ 6 13]]
Classification report:
              precision    recall  f1-score   support

           0     0.3333    0.2143    0.2609        14
           1     0.5417    0.6842    0.6047        19

    accuracy                         0.4848        33
   macro avg     0.4375    0.4492    0.4328        33
weighted avg     0.4533    0.4848    0.4588        33


--- Target: affect_arousal ---
Train label counts:
affect_arousal
4.0    26641
2.0    17420
Name: count, dtype: int64
Test label counts:
affect_arousal
4.0    10728
2.0     3839
Name: count, dtype: int64
Epoch 1/100
1/1 - 3s - 3s/step - accuracy: 0.5357 - auc: 0.5243 - loss: 0.6840 - val_accuracy: 0.9333 - val_auc: 0.5357 - val_loss: 0.5861 - learning_rate: 1.0000e-04
Epoch 2/100
1/1 - 0s - 307ms/step - accuracy: 0.5357 - auc: 0.5573 - loss: 0.6792 - val_accuracy: 0.9333 - val_auc: 0.5714 - val_loss: 0.5518 - learning_rate: 1.0000e-04
Epoch 3/100
1/1 - 0s - 307ms/step - accuracy: 0.6429 - auc: 0.6250 - loss: 0.6576 - val_accuracy: 0.9333 - val_auc: 0.5357 - val_loss: 0.5229 - learning_rate: 1.0000e-04
Epoch 4/100
1/1 - 0s - 303ms/step - accuracy: 0.5714 - auc: 0.6791 - loss: 0.6522 - val_accuracy: 0.9333 - val_auc: 0.5714 - val_loss: 0.4980 - learning_rate: 1.0000e-04
Epoch 5/100
1/1 - 0s - 319ms/step - accuracy: 0.5952 - auc: 0.7277 - loss: 0.6312 - val_accuracy: 0.9333 - val_auc: 0.5357 - val_loss: 0.4811 - learning_rate: 1.0000e-04
Epoch 6/100
1/1 - 0s - 305ms/step - accuracy: 0.6667 - auc: 0.7555 - loss: 0.6236 - val_accuracy: 0.9333 - val_auc: 0.5714 - val_loss: 0.4681 - learning_rate: 1.0000e-04
Epoch 7/100
1/1 - 0s - 305ms/step - accuracy: 0.6310 - auc: 0.7393 - loss: 0.6234 - val_accuracy: 0.9333 - val_auc: 0.6071 - val_loss: 0.4590 - learning_rate: 1.0000e-04
Epoch 8/100
1/1 - 0s - 314ms/step - accuracy: 0.6548 - auc: 0.7376 - loss: 0.6235 - val_accuracy: 0.9333 - val_auc: 0.5714 - val_loss: 0.4545 - learning_rate: 1.0000e-04
Epoch 9/100
1/1 - 0s - 317ms/step - accuracy: 0.6548 - auc: 0.8038 - loss: 0.6030 - val_accuracy: 0.9333 - val_auc: 0.5357 - val_loss: 0.4528 - learning_rate: 1.0000e-04
Epoch 10/100
1/1 - 0s - 307ms/step - accuracy: 0.6667 - auc: 0.7648 - loss: 0.6164 - val_accuracy: 0.9333 - val_auc: 0.5357 - val_loss: 0.4533 - learning_rate: 1.0000e-04
Epoch 11/100
1/1 - 0s - 311ms/step - accuracy: 0.6548 - auc: 0.7292 - loss: 0.6267 - val_accuracy: 0.9333 - val_auc: 0.4643 - val_loss: 0.4570 - learning_rate: 1.0000e-04
Epoch 12/100
1/1 - 0s - 316ms/step - accuracy: 0.6310 - auc: 0.7355 - loss: 0.6272 - val_accuracy: 0.9333 - val_auc: 0.4643 - val_loss: 0.4589 - learning_rate: 5.0000e-05
Epoch 13/100
1/1 - 0s - 301ms/step - accuracy: 0.6429 - auc: 0.7960 - loss: 0.6017 - val_accuracy: 0.9333 - val_auc: 0.4286 - val_loss: 0.4617 - learning_rate: 5.0000e-05
Epoch 14/100
1/1 - 0s - 301ms/step - accuracy: 0.6548 - auc: 0.6768 - loss: 0.6386 - val_accuracy: 0.9333 - val_auc: 0.3929 - val_loss: 0.4651 - learning_rate: 5.0000e-05
Epoch 15/100
1/1 - 0s - 314ms/step - accuracy: 0.6905 - auc: 0.7350 - loss: 0.6167 - val_accuracy: 0.9333 - val_auc: 0.4286 - val_loss: 0.4690 - learning_rate: 5.0000e-05
Epoch 16/100
1/1 - 0s - 319ms/step - accuracy: 0.7262 - auc: 0.7749 - loss: 0.6006 - val_accuracy: 0.9333 - val_auc: 0.3929 - val_loss: 0.4728 - learning_rate: 5.0000e-05
Epoch 17/100
1/1 - 0s - 314ms/step - accuracy: 0.6786 - auc: 0.7998 - loss: 0.5840 - val_accuracy: 0.9333 - val_auc: 0.4643 - val_loss: 0.4766 - learning_rate: 5.0000e-05
Epoch 18/100
1/1 - 0s - 310ms/step - accuracy: 0.6786 - auc: 0.7315 - loss: 0.6202 - val_accuracy: 0.9333 - val_auc: 0.3929 - val_loss: 0.4804 - learning_rate: 5.0000e-05
Epoch 19/100
1/1 - 0s - 310ms/step - accuracy: 0.7262 - auc: 0.8145 - loss: 0.5745 - val_accuracy: 0.9333 - val_auc: 0.3214 - val_loss: 0.4833 - learning_rate: 5.0000e-05
Epoch 20/100
1/1 - 0s - 309ms/step - accuracy: 0.7143 - auc: 0.8012 - loss: 0.5821 - val_accuracy: 0.9333 - val_auc: 0.4643 - val_loss: 0.4860 - learning_rate: 5.0000e-05
Epoch 21/100
1/1 - 0s - 308ms/step - accuracy: 0.6905 - auc: 0.7422 - loss: 0.6026 - val_accuracy: 0.9333 - val_auc: 0.3571 - val_loss: 0.4889 - learning_rate: 5.0000e-05

Fold metrics (affect_arousal):
  acc: 0.6667
  bal_acc: 0.4400
  precision: 0.7333
  recall: 0.8800
  f1: 0.8000
  mcc: -0.1789
  auc: 0.3900
Confusion matrix:
 [[ 0  8]
 [ 3 22]]
Classification report:
              precision    recall  f1-score   support

           0     0.0000    0.0000    0.0000         8
           1     0.7333    0.8800    0.8000        25

    accuracy                         0.6667        33
   macro avg     0.3667    0.4400    0.4000        33
weighted avg     0.5556    0.6667    0.6061        33


==============================
Fold 2 | LEFT OUT SESSIONS: [np.str_('96f6a467-9ef5-4c1d-a1f2-e219137a7ac1'), np.str_('cd30d8fb-98e0-4379-954f-0bf9b2b76e76'), np.str_('fbaf41fe-0895-4dc9-988a-59eb3effa7be'), np.str_('cc79c8ee-48e4-4d7b-8dc0-54ed771a05c7'), np.str_('b8175a99-c266-447b-bffa-b0490a5c337f')]
==============================

--- Target: affect_valence ---
Train label counts:
affect_valence
4.0    27900
2.0    15935
Name: count, dtype: int64
Test label counts:
affect_valence
2.0    8651
4.0    6142
Name: count, dtype: int64
Epoch 1/100
1/1 - 2s - 2s/step - accuracy: 0.5000 - auc: 0.4642 - loss: 0.7127 - val_accuracy: 0.8000 - val_auc: 0.3462 - val_loss: 0.6353 - learning_rate: 1.0000e-04
Epoch 2/100
1/1 - 0s - 304ms/step - accuracy: 0.5357 - auc: 0.5011 - loss: 0.7039 - val_accuracy: 0.8000 - val_auc: 0.3462 - val_loss: 0.6249 - learning_rate: 1.0000e-04
Epoch 3/100
1/1 - 0s - 297ms/step - accuracy: 0.5119 - auc: 0.5575 - loss: 0.6869 - val_accuracy: 0.8000 - val_auc: 0.3462 - val_loss: 0.6112 - learning_rate: 1.0000e-04
Epoch 4/100
1/1 - 0s - 312ms/step - accuracy: 0.6429 - auc: 0.6851 - loss: 0.6651 - val_accuracy: 0.8000 - val_auc: 0.3462 - val_loss: 0.5982 - learning_rate: 1.0000e-04
Epoch 5/100
1/1 - 0s - 312ms/step - accuracy: 0.5357 - auc: 0.5435 - loss: 0.6861 - val_accuracy: 0.8667 - val_auc: 0.3269 - val_loss: 0.5882 - learning_rate: 1.0000e-04
Epoch 6/100
1/1 - 0s - 316ms/step - accuracy: 0.5714 - auc: 0.6187 - loss: 0.6765 - val_accuracy: 0.8667 - val_auc: 0.2885 - val_loss: 0.5811 - learning_rate: 1.0000e-04
Epoch 7/100
1/1 - 0s - 321ms/step - accuracy: 0.5119 - auc: 0.5292 - loss: 0.6957 - val_accuracy: 0.8667 - val_auc: 0.2692 - val_loss: 0.5756 - learning_rate: 1.0000e-04
Epoch 8/100
1/1 - 0s - 325ms/step - accuracy: 0.5476 - auc: 0.5432 - loss: 0.6963 - val_accuracy: 0.8667 - val_auc: 0.2500 - val_loss: 0.5723 - learning_rate: 1.0000e-04
Epoch 9/100
1/1 - 0s - 306ms/step - accuracy: 0.6667 - auc: 0.6473 - loss: 0.6556 - val_accuracy: 0.8667 - val_auc: 0.3077 - val_loss: 0.5700 - learning_rate: 1.0000e-04
Epoch 10/100
1/1 - 0s - 307ms/step - accuracy: 0.6190 - auc: 0.6021 - loss: 0.6751 - val_accuracy: 0.8667 - val_auc: 0.4231 - val_loss: 0.5679 - learning_rate: 1.0000e-04
Epoch 11/100
1/1 - 0s - 310ms/step - accuracy: 0.6429 - auc: 0.6894 - loss: 0.6520 - val_accuracy: 0.8667 - val_auc: 0.4038 - val_loss: 0.5656 - learning_rate: 1.0000e-04
Epoch 12/100
1/1 - 0s - 302ms/step - accuracy: 0.6667 - auc: 0.6759 - loss: 0.6491 - val_accuracy: 0.8667 - val_auc: 0.4231 - val_loss: 0.5638 - learning_rate: 1.0000e-04
Epoch 13/100
1/1 - 0s - 303ms/step - accuracy: 0.6429 - auc: 0.6184 - loss: 0.6621 - val_accuracy: 0.8667 - val_auc: 0.4038 - val_loss: 0.5625 - learning_rate: 1.0000e-04
Epoch 14/100
1/1 - 0s - 312ms/step - accuracy: 0.6429 - auc: 0.7305 - loss: 0.6267 - val_accuracy: 0.8667 - val_auc: 0.4038 - val_loss: 0.5618 - learning_rate: 1.0000e-04
Epoch 15/100
1/1 - 0s - 304ms/step - accuracy: 0.7381 - auc: 0.7320 - loss: 0.6291 - val_accuracy: 0.8667 - val_auc: 0.3846 - val_loss: 0.5598 - learning_rate: 1.0000e-04
Epoch 16/100
1/1 - 0s - 308ms/step - accuracy: 0.6310 - auc: 0.6333 - loss: 0.6621 - val_accuracy: 0.8667 - val_auc: 0.3846 - val_loss: 0.5582 - learning_rate: 5.0000e-05
Epoch 17/100
1/1 - 0s - 310ms/step - accuracy: 0.6548 - auc: 0.7346 - loss: 0.6228 - val_accuracy: 0.8667 - val_auc: 0.3654 - val_loss: 0.5559 - learning_rate: 5.0000e-05
Epoch 18/100
1/1 - 0s - 325ms/step - accuracy: 0.7143 - auc: 0.7775 - loss: 0.6207 - val_accuracy: 0.8667 - val_auc: 0.3846 - val_loss: 0.5541 - learning_rate: 5.0000e-05
Epoch 19/100
1/1 - 0s - 311ms/step - accuracy: 0.7262 - auc: 0.7620 - loss: 0.6110 - val_accuracy: 0.8667 - val_auc: 0.3462 - val_loss: 0.5524 - learning_rate: 5.0000e-05
Epoch 20/100
1/1 - 0s - 305ms/step - accuracy: 0.7024 - auc: 0.7434 - loss: 0.6244 - val_accuracy: 0.8667 - val_auc: 0.3654 - val_loss: 0.5507 - learning_rate: 5.0000e-05
Epoch 21/100
1/1 - 0s - 301ms/step - accuracy: 0.6429 - auc: 0.7334 - loss: 0.6227 - val_accuracy: 0.8667 - val_auc: 0.3462 - val_loss: 0.5493 - learning_rate: 5.0000e-05
Epoch 22/100
1/1 - 0s - 299ms/step - accuracy: 0.6667 - auc: 0.7108 - loss: 0.6211 - val_accuracy: 0.8667 - val_auc: 0.3654 - val_loss: 0.5477 - learning_rate: 5.0000e-05
Epoch 23/100
1/1 - 0s - 297ms/step - accuracy: 0.7024 - auc: 0.7792 - loss: 0.6074 - val_accuracy: 0.8667 - val_auc: 0.3462 - val_loss: 0.5464 - learning_rate: 5.0000e-05
Epoch 24/100
1/1 - 0s - 298ms/step - accuracy: 0.7381 - auc: 0.7763 - loss: 0.6075 - val_accuracy: 0.8667 - val_auc: 0.3462 - val_loss: 0.5450 - learning_rate: 5.0000e-05
Epoch 25/100
1/1 - 0s - 309ms/step - accuracy: 0.6429 - auc: 0.7683 - loss: 0.6188 - val_accuracy: 0.8667 - val_auc: 0.3462 - val_loss: 0.5440 - learning_rate: 5.0000e-05

Fold metrics (affect_valence):
  acc: 0.5455
  bal_acc: 0.6250
  precision: 0.4643
  recall: 1.0000
  f1: 0.6341
  mcc: 0.3407
  auc: 0.7231
Confusion matrix:
 [[ 5 15]
 [ 0 13]]
Classification report:
              precision    recall  f1-score   support

           0     1.0000    0.2500    0.4000        20
           1     0.4643    1.0000    0.6341        13

    accuracy                         0.5455        33
   macro avg     0.7321    0.6250    0.5171        33
weighted avg     0.7890    0.5455    0.4922        33


--- Target: affect_arousal ---
Train label counts:
affect_arousal
4.0    26606
2.0    17229
Name: count, dtype: int64
Test label counts:
affect_arousal
4.0    10763
2.0     4030
Name: count, dtype: int64
Epoch 1/100
1/1 - 2s - 2s/step - accuracy: 0.5119 - auc: 0.5114 - loss: 0.6939 - val_accuracy: 0.8667 - val_auc: 0.0714 - val_loss: 0.6007 - learning_rate: 1.0000e-04
Epoch 2/100
1/1 - 0s - 309ms/step - accuracy: 0.5595 - auc: 0.4717 - loss: 0.6983 - val_accuracy: 0.8667 - val_auc: 0.0357 - val_loss: 0.5682 - learning_rate: 1.0000e-04
Epoch 3/100
1/1 - 0s - 305ms/step - accuracy: 0.5476 - auc: 0.5271 - loss: 0.6856 - val_accuracy: 0.9333 - val_auc: 0.0357 - val_loss: 0.5431 - learning_rate: 1.0000e-04
Epoch 4/100
1/1 - 0s - 317ms/step - accuracy: 0.5714 - auc: 0.5359 - loss: 0.6777 - val_accuracy: 0.9333 - val_auc: 0.0357 - val_loss: 0.5238 - learning_rate: 1.0000e-04
Epoch 5/100
1/1 - 0s - 308ms/step - accuracy: 0.5952 - auc: 0.6315 - loss: 0.6563 - val_accuracy: 0.9333 - val_auc: 0.0714 - val_loss: 0.5088 - learning_rate: 1.0000e-04
Epoch 6/100
1/1 - 0s - 310ms/step - accuracy: 0.5833 - auc: 0.5784 - loss: 0.6718 - val_accuracy: 0.9333 - val_auc: 0.0714 - val_loss: 0.4972 - learning_rate: 1.0000e-04
Epoch 7/100
1/1 - 0s - 308ms/step - accuracy: 0.6429 - auc: 0.7020 - loss: 0.6264 - val_accuracy: 0.9333 - val_auc: 0.0714 - val_loss: 0.4902 - learning_rate: 1.0000e-04
Epoch 8/100
1/1 - 0s - 319ms/step - accuracy: 0.6190 - auc: 0.6945 - loss: 0.6371 - val_accuracy: 0.9333 - val_auc: 0.0714 - val_loss: 0.4870 - learning_rate: 1.0000e-04
Epoch 9/100
1/1 - 0s - 308ms/step - accuracy: 0.6786 - auc: 0.7044 - loss: 0.6280 - val_accuracy: 0.9333 - val_auc: 0.0714 - val_loss: 0.4865 - learning_rate: 1.0000e-04
Epoch 10/100
1/1 - 0s - 319ms/step - accuracy: 0.6071 - auc: 0.7224 - loss: 0.6296 - val_accuracy: 0.9333 - val_auc: 0.0714 - val_loss: 0.4880 - learning_rate: 1.0000e-04
Epoch 11/100
1/1 - 0s - 319ms/step - accuracy: 0.6429 - auc: 0.6942 - loss: 0.6262 - val_accuracy: 0.9333 - val_auc: 0.0714 - val_loss: 0.4921 - learning_rate: 1.0000e-04
Epoch 12/100
1/1 - 0s - 309ms/step - accuracy: 0.6667 - auc: 0.7222 - loss: 0.6286 - val_accuracy: 0.9333 - val_auc: 0.0714 - val_loss: 0.4980 - learning_rate: 1.0000e-04
Epoch 13/100
1/1 - 0s - 311ms/step - accuracy: 0.6905 - auc: 0.7516 - loss: 0.6149 - val_accuracy: 0.8667 - val_auc: 0.0714 - val_loss: 0.5055 - learning_rate: 1.0000e-04
Epoch 14/100
1/1 - 0s - 311ms/step - accuracy: 0.7024 - auc: 0.7496 - loss: 0.6034 - val_accuracy: 0.8667 - val_auc: 0.0714 - val_loss: 0.5098 - learning_rate: 5.0000e-05
Epoch 15/100
1/1 - 0s - 303ms/step - accuracy: 0.7024 - auc: 0.7117 - loss: 0.6208 - val_accuracy: 0.8667 - val_auc: 0.0714 - val_loss: 0.5140 - learning_rate: 5.0000e-05
Epoch 16/100
1/1 - 0s - 318ms/step - accuracy: 0.7143 - auc: 0.7863 - loss: 0.5947 - val_accuracy: 0.8667 - val_auc: 0.0714 - val_loss: 0.5184 - learning_rate: 5.0000e-05
Epoch 17/100
1/1 - 0s - 313ms/step - accuracy: 0.6786 - auc: 0.7644 - loss: 0.5958 - val_accuracy: 0.8667 - val_auc: 0.0714 - val_loss: 0.5227 - learning_rate: 5.0000e-05
Epoch 18/100
1/1 - 0s - 298ms/step - accuracy: 0.6548 - auc: 0.7688 - loss: 0.6028 - val_accuracy: 0.8667 - val_auc: 0.0714 - val_loss: 0.5270 - learning_rate: 5.0000e-05
Epoch 19/100
1/1 - 0s - 304ms/step - accuracy: 0.6667 - auc: 0.7327 - loss: 0.6152 - val_accuracy: 0.8667 - val_auc: 0.0714 - val_loss: 0.5310 - learning_rate: 5.0000e-05
Epoch 20/100
1/1 - 0s - 313ms/step - accuracy: 0.7262 - auc: 0.8111 - loss: 0.5755 - val_accuracy: 0.8667 - val_auc: 0.0714 - val_loss: 0.5343 - learning_rate: 5.0000e-05
Epoch 21/100
1/1 - 0s - 303ms/step - accuracy: 0.7619 - auc: 0.8274 - loss: 0.5695 - val_accuracy: 0.8667 - val_auc: 0.0714 - val_loss: 0.5375 - learning_rate: 5.0000e-05
Epoch 22/100
1/1 - 0s - 308ms/step - accuracy: 0.7143 - auc: 0.7271 - loss: 0.6095 - val_accuracy: 0.8667 - val_auc: 0.0714 - val_loss: 0.5406 - learning_rate: 5.0000e-05
Epoch 23/100
1/1 - 0s - 310ms/step - accuracy: 0.7143 - auc: 0.7621 - loss: 0.5948 - val_accuracy: 0.8667 - val_auc: 0.0714 - val_loss: 0.5439 - learning_rate: 5.0000e-05

Fold metrics (affect_arousal):
  acc: 0.7879
  bal_acc: 0.6111
  precision: 0.7742
  recall: 1.0000
  f1: 0.8727
  mcc: 0.4148
  auc: 0.7731
Confusion matrix:
 [[ 2  7]
 [ 0 24]]
Classification report:
              precision    recall  f1-score   support

           0     1.0000    0.2222    0.3636         9
           1     0.7742    1.0000    0.8727        24

    accuracy                         0.7879        33
   macro avg     0.8871    0.6111    0.6182        33
weighted avg     0.8358    0.7879    0.7339        33


==============================
Fold 3 | LEFT OUT SESSIONS: [np.str_('ca488455-71e2-4298-ac54-abb022fdd720'), np.str_('9f0f8a7a-edd9-4d35-bba4-72029cd2ec56'), np.str_('47dc2ddb-2356-4f11-9143-6a42e93ed3ca'), np.str_('4c9623ea-ce9b-455d-97c8-e8d87ef7eaad'), np.str_('9ad396af-4129-4092-a06d-e4080ca1df0b')]
==============================

--- Target: affect_valence ---
Train label counts:
affect_valence
4.0    26367
2.0    17801
Name: count, dtype: int64
Test label counts:
affect_valence
4.0    7675
2.0    6785
Name: count, dtype: int64
Epoch 1/100
1/1 - 2s - 2s/step - accuracy: 0.5357 - auc: 0.5157 - loss: 0.6952 - val_accuracy: 0.6667 - val_auc: 0.5682 - val_loss: 0.6472 - learning_rate: 1.0000e-04
Epoch 2/100
1/1 - 0s - 305ms/step - accuracy: 0.5357 - auc: 0.5470 - loss: 0.6920 - val_accuracy: 0.7333 - val_auc: 0.5455 - val_loss: 0.6425 - learning_rate: 1.0000e-04
Epoch 3/100
1/1 - 0s - 311ms/step - accuracy: 0.5119 - auc: 0.4835 - loss: 0.7085 - val_accuracy: 0.7333 - val_auc: 0.5341 - val_loss: 0.6376 - learning_rate: 1.0000e-04
Epoch 4/100
1/1 - 0s - 310ms/step - accuracy: 0.5952 - auc: 0.6311 - loss: 0.6750 - val_accuracy: 0.7333 - val_auc: 0.5227 - val_loss: 0.6329 - learning_rate: 1.0000e-04
Epoch 5/100
1/1 - 0s - 299ms/step - accuracy: 0.5714 - auc: 0.5627 - loss: 0.6876 - val_accuracy: 0.7333 - val_auc: 0.5227 - val_loss: 0.6285 - learning_rate: 1.0000e-04
Epoch 6/100
1/1 - 0s - 299ms/step - accuracy: 0.5476 - auc: 0.5473 - loss: 0.6890 - val_accuracy: 0.7333 - val_auc: 0.5227 - val_loss: 0.6242 - learning_rate: 1.0000e-04
Epoch 7/100
1/1 - 0s - 307ms/step - accuracy: 0.5595 - auc: 0.5311 - loss: 0.6876 - val_accuracy: 0.7333 - val_auc: 0.5227 - val_loss: 0.6209 - learning_rate: 1.0000e-04
Epoch 8/100
1/1 - 0s - 311ms/step - accuracy: 0.5714 - auc: 0.5672 - loss: 0.6829 - val_accuracy: 0.7333 - val_auc: 0.5114 - val_loss: 0.6186 - learning_rate: 1.0000e-04
Epoch 9/100
1/1 - 0s - 314ms/step - accuracy: 0.6310 - auc: 0.6792 - loss: 0.6600 - val_accuracy: 0.7333 - val_auc: 0.5114 - val_loss: 0.6162 - learning_rate: 1.0000e-04
Epoch 10/100
1/1 - 0s - 310ms/step - accuracy: 0.6071 - auc: 0.6225 - loss: 0.6699 - val_accuracy: 0.7333 - val_auc: 0.5000 - val_loss: 0.6145 - learning_rate: 1.0000e-04
Epoch 11/100
1/1 - 0s - 305ms/step - accuracy: 0.6310 - auc: 0.7219 - loss: 0.6408 - val_accuracy: 0.7333 - val_auc: 0.5000 - val_loss: 0.6133 - learning_rate: 1.0000e-04
Epoch 12/100
1/1 - 0s - 301ms/step - accuracy: 0.6786 - auc: 0.7057 - loss: 0.6430 - val_accuracy: 0.7333 - val_auc: 0.5000 - val_loss: 0.6129 - learning_rate: 1.0000e-04
Epoch 13/100
1/1 - 0s - 299ms/step - accuracy: 0.5952 - auc: 0.6766 - loss: 0.6548 - val_accuracy: 0.7333 - val_auc: 0.5000 - val_loss: 0.6129 - learning_rate: 5.0000e-05
Epoch 14/100
1/1 - 0s - 304ms/step - accuracy: 0.6071 - auc: 0.6342 - loss: 0.6613 - val_accuracy: 0.7333 - val_auc: 0.4886 - val_loss: 0.6129 - learning_rate: 5.0000e-05
Epoch 15/100
1/1 - 0s - 305ms/step - accuracy: 0.6905 - auc: 0.7447 - loss: 0.6181 - val_accuracy: 0.7333 - val_auc: 0.5000 - val_loss: 0.6129 - learning_rate: 5.0000e-05
Epoch 16/100
1/1 - 0s - 302ms/step - accuracy: 0.5833 - auc: 0.6413 - loss: 0.6629 - val_accuracy: 0.7333 - val_auc: 0.4886 - val_loss: 0.6128 - learning_rate: 5.0000e-05
Epoch 17/100
1/1 - 0s - 299ms/step - accuracy: 0.7024 - auc: 0.7601 - loss: 0.6281 - val_accuracy: 0.7333 - val_auc: 0.4886 - val_loss: 0.6128 - learning_rate: 5.0000e-05
Epoch 18/100
1/1 - 0s - 303ms/step - accuracy: 0.6190 - auc: 0.6823 - loss: 0.6469 - val_accuracy: 0.7333 - val_auc: 0.4886 - val_loss: 0.6128 - learning_rate: 5.0000e-05
Epoch 19/100
1/1 - 0s - 309ms/step - accuracy: 0.7024 - auc: 0.7516 - loss: 0.6281 - val_accuracy: 0.7333 - val_auc: 0.4773 - val_loss: 0.6128 - learning_rate: 5.0000e-05
Epoch 20/100
1/1 - 0s - 313ms/step - accuracy: 0.6190 - auc: 0.6994 - loss: 0.6463 - val_accuracy: 0.7333 - val_auc: 0.4773 - val_loss: 0.6126 - learning_rate: 5.0000e-05
Epoch 21/100
1/1 - 0s - 303ms/step - accuracy: 0.6667 - auc: 0.7578 - loss: 0.6201 - val_accuracy: 0.7333 - val_auc: 0.4773 - val_loss: 0.6126 - learning_rate: 5.0000e-05
Epoch 22/100
1/1 - 0s - 297ms/step - accuracy: 0.5952 - auc: 0.6766 - loss: 0.6459 - val_accuracy: 0.7333 - val_auc: 0.4773 - val_loss: 0.6125 - learning_rate: 5.0000e-05

Fold metrics (affect_valence):
  acc: 0.4242
  bal_acc: 0.4338
  precision: 0.4444
  recall: 0.7500
  f1: 0.5581
  mcc: -0.1715
  auc: 0.2721
Confusion matrix:
 [[ 2 15]
 [ 4 12]]
Classification report:
              precision    recall  f1-score   support

           0     0.3333    0.1176    0.1739        17
           1     0.4444    0.7500    0.5581        16

    accuracy                         0.4242        33
   macro avg     0.3889    0.4338    0.3660        33
weighted avg     0.3872    0.4242    0.3602        33


--- Target: affect_arousal ---
Train label counts:
affect_arousal
4.0    29630
2.0    14538
Name: count, dtype: int64
Test label counts:
affect_arousal
4.0    7739
2.0    6721
Name: count, dtype: int64
Epoch 1/100
1/1 - 2s - 2s/step - accuracy: 0.5714 - auc: 0.5395 - loss: 0.6768 - val_accuracy: 0.9333 - val_auc: 0.5000 - val_loss: 0.5784 - learning_rate: 1.0000e-04
Epoch 2/100
1/1 - 0s - 305ms/step - accuracy: 0.5476 - auc: 0.5040 - loss: 0.6791 - val_accuracy: 0.9333 - val_auc: 0.4643 - val_loss: 0.5372 - learning_rate: 1.0000e-04
Epoch 3/100
1/1 - 0s - 305ms/step - accuracy: 0.6429 - auc: 0.5093 - loss: 0.6640 - val_accuracy: 0.9333 - val_auc: 0.4643 - val_loss: 0.5049 - learning_rate: 1.0000e-04
Epoch 4/100
1/1 - 0s - 297ms/step - accuracy: 0.6429 - auc: 0.6019 - loss: 0.6507 - val_accuracy: 0.9333 - val_auc: 0.3929 - val_loss: 0.4776 - learning_rate: 1.0000e-04
Epoch 5/100
1/1 - 0s - 301ms/step - accuracy: 0.6667 - auc: 0.6759 - loss: 0.6171 - val_accuracy: 0.9333 - val_auc: 0.3571 - val_loss: 0.4576 - learning_rate: 1.0000e-04
Epoch 6/100
1/1 - 0s - 299ms/step - accuracy: 0.6429 - auc: 0.5559 - loss: 0.6453 - val_accuracy: 0.9333 - val_auc: 0.3571 - val_loss: 0.4443 - learning_rate: 1.0000e-04
Epoch 7/100
1/1 - 0s - 304ms/step - accuracy: 0.6667 - auc: 0.6454 - loss: 0.6227 - val_accuracy: 0.9333 - val_auc: 0.3929 - val_loss: 0.4349 - learning_rate: 1.0000e-04
Epoch 8/100
1/1 - 0s - 302ms/step - accuracy: 0.6548 - auc: 0.6688 - loss: 0.6182 - val_accuracy: 0.9333 - val_auc: 0.4286 - val_loss: 0.4289 - learning_rate: 1.0000e-04
Epoch 9/100
1/1 - 0s - 299ms/step - accuracy: 0.6429 - auc: 0.6117 - loss: 0.6418 - val_accuracy: 0.9333 - val_auc: 0.4643 - val_loss: 0.4264 - learning_rate: 1.0000e-04
Epoch 10/100
1/1 - 0s - 298ms/step - accuracy: 0.6786 - auc: 0.6898 - loss: 0.6131 - val_accuracy: 0.9333 - val_auc: 0.3571 - val_loss: 0.4267 - learning_rate: 1.0000e-04
Epoch 11/100
1/1 - 0s - 299ms/step - accuracy: 0.6667 - auc: 0.6639 - loss: 0.6114 - val_accuracy: 0.9333 - val_auc: 0.4286 - val_loss: 0.4304 - learning_rate: 1.0000e-04
Epoch 12/100
1/1 - 0s - 298ms/step - accuracy: 0.6667 - auc: 0.6716 - loss: 0.6195 - val_accuracy: 0.9333 - val_auc: 0.3929 - val_loss: 0.4331 - learning_rate: 5.0000e-05
Epoch 13/100
1/1 - 0s - 312ms/step - accuracy: 0.6786 - auc: 0.7494 - loss: 0.5962 - val_accuracy: 0.9333 - val_auc: 0.3571 - val_loss: 0.4367 - learning_rate: 5.0000e-05
Epoch 14/100
1/1 - 0s - 310ms/step - accuracy: 0.6667 - auc: 0.6438 - loss: 0.6207 - val_accuracy: 0.9333 - val_auc: 0.4286 - val_loss: 0.4413 - learning_rate: 5.0000e-05
Epoch 15/100
1/1 - 0s - 308ms/step - accuracy: 0.6786 - auc: 0.6648 - loss: 0.6103 - val_accuracy: 0.9333 - val_auc: 0.3571 - val_loss: 0.4458 - learning_rate: 5.0000e-05
Epoch 16/100
1/1 - 0s - 316ms/step - accuracy: 0.6429 - auc: 0.7417 - loss: 0.5906 - val_accuracy: 0.9333 - val_auc: 0.3571 - val_loss: 0.4511 - learning_rate: 5.0000e-05
Epoch 17/100
1/1 - 0s - 316ms/step - accuracy: 0.6905 - auc: 0.7682 - loss: 0.5804 - val_accuracy: 0.9333 - val_auc: 0.2857 - val_loss: 0.4563 - learning_rate: 5.0000e-05
Epoch 18/100
1/1 - 0s - 305ms/step - accuracy: 0.6786 - auc: 0.7694 - loss: 0.5833 - val_accuracy: 0.9333 - val_auc: 0.3214 - val_loss: 0.4618 - learning_rate: 5.0000e-05
Epoch 19/100
1/1 - 0s - 300ms/step - accuracy: 0.6905 - auc: 0.6975 - loss: 0.6069 - val_accuracy: 0.9333 - val_auc: 0.3571 - val_loss: 0.4672 - learning_rate: 5.0000e-05
Epoch 20/100
1/1 - 0s - 311ms/step - accuracy: 0.6667 - auc: 0.7926 - loss: 0.5743 - val_accuracy: 0.9333 - val_auc: 0.2500 - val_loss: 0.4726 - learning_rate: 5.0000e-05
Epoch 21/100
1/1 - 0s - 305ms/step - accuracy: 0.7262 - auc: 0.7571 - loss: 0.5786 - val_accuracy: 0.9333 - val_auc: 0.2857 - val_loss: 0.4776 - learning_rate: 5.0000e-05

Fold metrics (affect_arousal):
  acc: 0.6667
  bal_acc: 0.6071
  precision: 0.6333
  recall: 1.0000
  f1: 0.7755
  mcc: 0.3684
  auc: 0.6128
Confusion matrix:
 [[ 3 11]
 [ 0 19]]
Classification report:
              precision    recall  f1-score   support

           0     1.0000    0.2143    0.3529        14
           1     0.6333    1.0000    0.7755        19

    accuracy                         0.6667        33
   macro avg     0.8167    0.6071    0.5642        33
weighted avg     0.7889    0.6667    0.5962        33


=============================================
HP SUMMARY: lr=0.0001, epochs=100, units=256, batch=256, patience=20, fixed_T=2500
Optimizing combined mean of metric: acc
Combo runtime: 1.3 minutes
  Valence (mean/std):
    acc: 0.4621 (std=0.0582)
    bal_acc: 0.4881 (std=0.0792)
    precision: 0.5293 (std=0.0872)
    recall: 0.6919 (std=0.2382)
    f1: 0.5603 (std=0.0722)
    mcc: -0.0116 (std=0.2051)
    auc: 0.4764 (std=0.1685)
  Arousal (mean/std):
    acc: 0.6667 (std=0.0857)
    bal_acc: 0.5353 (std=0.0754)
    precision: 0.6769 (std=0.0817)
    recall: 0.9437 (std=0.0566)
    f1: 0.7855 (std=0.0639)
    mcc: 0.1365 (std=0.2591)
    auc: 0.5662 (std=0.1432)
  Combined mean acc score = 0.5644
=============================================


#############################################
HP COMBO: lr=0.0001, epochs=100, units=512, batch=64, patience=20, fixed_T=1200
#############################################

==============================
Fold 0 | LEFT OUT SESSIONS: [np.str_('902f0696-60e6-48b2-a23d-c64d8116eb2a'), np.str_('cb55e9c5-de1f-4b23-891e-1fab91ecde5d'), np.str_('67ea0706-a879-4f3e-9ccb-eee88e55dc4d'), np.str_('1ac3973c-c080-42f8-a702-2842bfacdcee'), np.str_('133132cd-3fbf-47ba-9aae-904dd09ae86b')]
==============================

--- Target: affect_valence ---
Train label counts:
affect_valence
4.0    22575
2.0    21245
Name: count, dtype: int64
Test label counts:
affect_valence
4.0    11467
2.0     3341
Name: count, dtype: int64
Epoch 1/100
2/2 - 2s - 1s/step - accuracy: 0.5238 - auc: 0.4213 - loss: 0.7065 - val_accuracy: 0.3333 - val_auc: 0.6200 - val_loss: 0.7153 - learning_rate: 1.0000e-04
Epoch 2/100
2/2 - 0s - 146ms/step - accuracy: 0.6190 - auc: 0.6359 - loss: 0.6683 - val_accuracy: 0.6000 - val_auc: 0.5800 - val_loss: 0.6783 - learning_rate: 1.0000e-04
Epoch 3/100
2/2 - 0s - 144ms/step - accuracy: 0.6310 - auc: 0.6725 - loss: 0.6645 - val_accuracy: 0.6667 - val_auc: 0.4700 - val_loss: 0.6585 - learning_rate: 1.0000e-04
Epoch 4/100
2/2 - 0s - 143ms/step - accuracy: 0.6548 - auc: 0.7592 - loss: 0.6468 - val_accuracy: 0.6667 - val_auc: 0.4100 - val_loss: 0.6490 - learning_rate: 1.0000e-04
Epoch 5/100
2/2 - 0s - 144ms/step - accuracy: 0.6429 - auc: 0.7469 - loss: 0.6549 - val_accuracy: 0.6667 - val_auc: 0.4200 - val_loss: 0.6465 - learning_rate: 1.0000e-04
Epoch 6/100
2/2 - 0s - 148ms/step - accuracy: 0.5833 - auc: 0.7680 - loss: 0.6580 - val_accuracy: 0.6667 - val_auc: 0.4300 - val_loss: 0.6483 - learning_rate: 1.0000e-04
Epoch 7/100
2/2 - 0s - 144ms/step - accuracy: 0.5595 - auc: 0.7886 - loss: 0.6571 - val_accuracy: 0.6667 - val_auc: 0.4300 - val_loss: 0.6506 - learning_rate: 1.0000e-04
Epoch 8/100
2/2 - 0s - 144ms/step - accuracy: 0.5952 - auc: 0.7220 - loss: 0.6634 - val_accuracy: 0.6667 - val_auc: 0.4300 - val_loss: 0.6518 - learning_rate: 1.0000e-04
Epoch 9/100
2/2 - 0s - 156ms/step - accuracy: 0.5714 - auc: 0.7114 - loss: 0.6568 - val_accuracy: 0.6667 - val_auc: 0.4600 - val_loss: 0.6520 - learning_rate: 1.0000e-04
Epoch 10/100
2/2 - 0s - 146ms/step - accuracy: 0.6429 - auc: 0.7669 - loss: 0.6297 - val_accuracy: 0.6667 - val_auc: 0.4700 - val_loss: 0.6521 - learning_rate: 1.0000e-04
Epoch 11/100
2/2 - 0s - 142ms/step - accuracy: 0.6905 - auc: 0.7471 - loss: 0.6228 - val_accuracy: 0.6667 - val_auc: 0.4700 - val_loss: 0.6533 - learning_rate: 1.0000e-04
Epoch 12/100
2/2 - 0s - 143ms/step - accuracy: 0.7500 - auc: 0.8332 - loss: 0.5783 - val_accuracy: 0.6667 - val_auc: 0.4800 - val_loss: 0.6547 - learning_rate: 1.0000e-04
Epoch 13/100
2/2 - 0s - 146ms/step - accuracy: 0.7143 - auc: 0.8026 - loss: 0.5814 - val_accuracy: 0.6667 - val_auc: 0.4900 - val_loss: 0.6567 - learning_rate: 1.0000e-04
Epoch 14/100
2/2 - 0s - 147ms/step - accuracy: 0.6429 - auc: 0.7328 - loss: 0.6194 - val_accuracy: 0.6667 - val_auc: 0.4900 - val_loss: 0.6588 - learning_rate: 5.0000e-05
Epoch 15/100
2/2 - 0s - 145ms/step - accuracy: 0.7262 - auc: 0.8018 - loss: 0.5745 - val_accuracy: 0.6667 - val_auc: 0.4800 - val_loss: 0.6621 - learning_rate: 5.0000e-05
Epoch 16/100
2/2 - 0s - 144ms/step - accuracy: 0.7381 - auc: 0.7815 - loss: 0.5823 - val_accuracy: 0.6667 - val_auc: 0.4700 - val_loss: 0.6664 - learning_rate: 5.0000e-05
Epoch 17/100
2/2 - 0s - 148ms/step - accuracy: 0.7500 - auc: 0.7983 - loss: 0.5649 - val_accuracy: 0.6667 - val_auc: 0.4900 - val_loss: 0.6721 - learning_rate: 5.0000e-05
Epoch 18/100
2/2 - 0s - 147ms/step - accuracy: 0.7857 - auc: 0.8438 - loss: 0.5397 - val_accuracy: 0.6667 - val_auc: 0.4600 - val_loss: 0.6786 - learning_rate: 5.0000e-05
Epoch 19/100
2/2 - 0s - 149ms/step - accuracy: 0.7381 - auc: 0.8475 - loss: 0.5346 - val_accuracy: 0.6667 - val_auc: 0.4500 - val_loss: 0.6849 - learning_rate: 5.0000e-05
Epoch 20/100
2/2 - 0s - 151ms/step - accuracy: 0.7024 - auc: 0.8072 - loss: 0.5497 - val_accuracy: 0.6667 - val_auc: 0.4500 - val_loss: 0.6921 - learning_rate: 5.0000e-05
Epoch 21/100
2/2 - 0s - 147ms/step - accuracy: 0.7381 - auc: 0.7998 - loss: 0.5607 - val_accuracy: 0.6667 - val_auc: 0.4400 - val_loss: 0.6990 - learning_rate: 5.0000e-05
Epoch 22/100
2/2 - 0s - 146ms/step - accuracy: 0.7262 - auc: 0.8055 - loss: 0.5501 - val_accuracy: 0.6667 - val_auc: 0.4400 - val_loss: 0.7056 - learning_rate: 5.0000e-05
Epoch 23/100
2/2 - 0s - 147ms/step - accuracy: 0.7024 - auc: 0.8152 - loss: 0.5498 - val_accuracy: 0.6667 - val_auc: 0.4500 - val_loss: 0.7091 - learning_rate: 5.0000e-05

Fold metrics (affect_valence):
  acc: 0.6970
  bal_acc: 0.4792
  precision: 0.7188
  recall: 0.9583
  f1: 0.8214
  mcc: -0.1083
  auc: 0.5093
Confusion matrix:
 [[ 0  9]
 [ 1 23]]
Classification report:
              precision    recall  f1-score   support

           0     0.0000    0.0000    0.0000         9
           1     0.7188    0.9583    0.8214        24

    accuracy                         0.6970        33
   macro avg     0.3594    0.4792    0.4107        33
weighted avg     0.5227    0.6970    0.5974        33


--- Target: affect_arousal ---
Train label counts:
affect_arousal
4.0    29230
2.0    14590
Name: count, dtype: int64
Test label counts:
affect_arousal
4.0    8139
2.0    6669
Name: count, dtype: int64
Epoch 1/100
2/2 - 2s - 1s/step - accuracy: 0.5714 - auc: 0.5998 - loss: 0.6984 - val_accuracy: 1.0000 - val_auc: 0.0000e+00 - val_loss: 0.5130 - learning_rate: 1.0000e-04
Epoch 2/100
2/2 - 0s - 145ms/step - accuracy: 0.6429 - auc: 0.6951 - loss: 0.6296 - val_accuracy: 1.0000 - val_auc: 0.0000e+00 - val_loss: 0.3506 - learning_rate: 1.0000e-04
Epoch 3/100
2/2 - 0s - 144ms/step - accuracy: 0.6429 - auc: 0.7416 - loss: 0.6066 - val_accuracy: 1.0000 - val_auc: 0.0000e+00 - val_loss: 0.2508 - learning_rate: 1.0000e-04
Epoch 4/100
2/2 - 0s - 146ms/step - accuracy: 0.6190 - auc: 0.7279 - loss: 0.6290 - val_accuracy: 1.0000 - val_auc: 0.0000e+00 - val_loss: 0.1904 - learning_rate: 1.0000e-04
Epoch 5/100
2/2 - 0s - 150ms/step - accuracy: 0.6310 - auc: 0.7809 - loss: 0.6125 - val_accuracy: 1.0000 - val_auc: 0.0000e+00 - val_loss: 0.1543 - learning_rate: 1.0000e-04
Epoch 6/100
2/2 - 0s - 151ms/step - accuracy: 0.6310 - auc: 0.7781 - loss: 0.6278 - val_accuracy: 1.0000 - val_auc: 0.0000e+00 - val_loss: 0.1343 - learning_rate: 1.0000e-04
Epoch 7/100
2/2 - 0s - 145ms/step - accuracy: 0.6429 - auc: 0.7532 - loss: 0.6445 - val_accuracy: 1.0000 - val_auc: 0.0000e+00 - val_loss: 0.1247 - learning_rate: 1.0000e-04
Epoch 8/100
2/2 - 0s - 148ms/step - accuracy: 0.6429 - auc: 0.7532 - loss: 0.6347 - val_accuracy: 1.0000 - val_auc: 0.0000e+00 - val_loss: 0.1226 - learning_rate: 1.0000e-04
Epoch 9/100
2/2 - 0s - 147ms/step - accuracy: 0.6548 - auc: 0.7830 - loss: 0.6120 - val_accuracy: 1.0000 - val_auc: 0.0000e+00 - val_loss: 0.1266 - learning_rate: 1.0000e-04
Epoch 10/100
2/2 - 0s - 146ms/step - accuracy: 0.6429 - auc: 0.7578 - loss: 0.6141 - val_accuracy: 1.0000 - val_auc: 0.0000e+00 - val_loss: 0.1358 - learning_rate: 1.0000e-04
Epoch 11/100
2/2 - 0s - 142ms/step - accuracy: 0.6548 - auc: 0.8077 - loss: 0.5530 - val_accuracy: 1.0000 - val_auc: 0.0000e+00 - val_loss: 0.1461 - learning_rate: 1.0000e-04
Epoch 12/100
2/2 - 0s - 142ms/step - accuracy: 0.6667 - auc: 0.7985 - loss: 0.5583 - val_accuracy: 1.0000 - val_auc: 0.0000e+00 - val_loss: 0.1509 - learning_rate: 5.0000e-05
Epoch 13/100
2/2 - 0s - 141ms/step - accuracy: 0.7024 - auc: 0.8427 - loss: 0.5125 - val_accuracy: 1.0000 - val_auc: 0.0000e+00 - val_loss: 0.1542 - learning_rate: 5.0000e-05
Epoch 14/100
2/2 - 0s - 141ms/step - accuracy: 0.7024 - auc: 0.8411 - loss: 0.5224 - val_accuracy: 1.0000 - val_auc: 0.0000e+00 - val_loss: 0.1565 - learning_rate: 5.0000e-05
Epoch 15/100
2/2 - 0s - 144ms/step - accuracy: 0.7262 - auc: 0.8268 - loss: 0.5192 - val_accuracy: 1.0000 - val_auc: 0.0000e+00 - val_loss: 0.1569 - learning_rate: 5.0000e-05
Epoch 16/100
2/2 - 0s - 146ms/step - accuracy: 0.6667 - auc: 0.8065 - loss: 0.5239 - val_accuracy: 1.0000 - val_auc: 0.0000e+00 - val_loss: 0.1557 - learning_rate: 5.0000e-05
Epoch 17/100
2/2 - 0s - 143ms/step - accuracy: 0.7500 - auc: 0.8198 - loss: 0.5104 - val_accuracy: 1.0000 - val_auc: 0.0000e+00 - val_loss: 0.1526 - learning_rate: 5.0000e-05
Epoch 18/100
2/2 - 0s - 145ms/step - accuracy: 0.7024 - auc: 0.8165 - loss: 0.5226 - val_accuracy: 1.0000 - val_auc: 0.0000e+00 - val_loss: 0.1496 - learning_rate: 5.0000e-05
Epoch 19/100
2/2 - 0s - 142ms/step - accuracy: 0.7500 - auc: 0.8451 - loss: 0.4958 - val_accuracy: 1.0000 - val_auc: 0.0000e+00 - val_loss: 0.1458 - learning_rate: 5.0000e-05
Epoch 20/100
2/2 - 0s - 141ms/step - accuracy: 0.7976 - auc: 0.8195 - loss: 0.4920 - val_accuracy: 1.0000 - val_auc: 0.0000e+00 - val_loss: 0.1406 - learning_rate: 5.0000e-05
Epoch 21/100
2/2 - 0s - 141ms/step - accuracy: 0.7262 - auc: 0.8058 - loss: 0.5143 - val_accuracy: 1.0000 - val_auc: 0.0000e+00 - val_loss: 0.1362 - learning_rate: 5.0000e-05

Fold metrics (affect_arousal):
  acc: 0.5455
  bal_acc: 0.4737
  precision: 0.5625
  recall: 0.9474
  f1: 0.7059
  mcc: -0.1517
  auc: 0.4474
Confusion matrix:
 [[ 0 14]
 [ 1 18]]
Classification report:
              precision    recall  f1-score   support

           0     0.0000    0.0000    0.0000        14
           1     0.5625    0.9474    0.7059        19

    accuracy                         0.5455        33
   macro avg     0.2812    0.4737    0.3529        33
weighted avg     0.3239    0.5455    0.4064        33


==============================
Fold 1 | LEFT OUT SESSIONS: [np.str_('d8d72365-c7fe-494a-8504-0b268331e66e'), np.str_('e58ee8e6-b15d-43a3-ac58-56c4fb11d86e'), np.str_('ed5a3e23-9e05-4bbc-a998-7d1403a54191'), np.str_('c1d73b99-82e6-47ff-b4a8-20ea634f7ca4'), np.str_('0deaeb12-dc13-4d16-878e-ec134b330bf6')]
==============================

--- Target: affect_valence ---
Train label counts:
affect_valence
4.0    25284
2.0    18777
Name: count, dtype: int64
Test label counts:
affect_valence
4.0    8758
2.0    5809
Name: count, dtype: int64
Epoch 1/100
2/2 - 2s - 1s/step - accuracy: 0.4524 - auc: 0.4144 - loss: 0.7143 - val_accuracy: 0.7333 - val_auc: 0.6800 - val_loss: 0.6800 - learning_rate: 1.0000e-04
Epoch 2/100
2/2 - 0s - 141ms/step - accuracy: 0.7262 - auc: 0.7697 - loss: 0.6429 - val_accuracy: 0.6667 - val_auc: 0.6100 - val_loss: 0.6459 - learning_rate: 1.0000e-04
Epoch 3/100
2/2 - 0s - 143ms/step - accuracy: 0.6429 - auc: 0.6934 - loss: 0.6677 - val_accuracy: 0.6667 - val_auc: 0.5300 - val_loss: 0.6368 - learning_rate: 1.0000e-04
Epoch 4/100
2/2 - 0s - 149ms/step - accuracy: 0.5476 - auc: 0.7530 - loss: 0.6614 - val_accuracy: 0.6667 - val_auc: 0.4500 - val_loss: 0.6417 - learning_rate: 1.0000e-04
Epoch 5/100
2/2 - 0s - 148ms/step - accuracy: 0.5833 - auc: 0.7448 - loss: 0.6593 - val_accuracy: 0.6667 - val_auc: 0.4500 - val_loss: 0.6511 - learning_rate: 1.0000e-04
Epoch 6/100
2/2 - 0s - 144ms/step - accuracy: 0.5357 - auc: 0.8106 - loss: 0.6428 - val_accuracy: 0.6667 - val_auc: 0.4500 - val_loss: 0.6597 - learning_rate: 1.0000e-04
Epoch 7/100
2/2 - 0s - 145ms/step - accuracy: 0.5476 - auc: 0.8222 - loss: 0.6453 - val_accuracy: 0.6667 - val_auc: 0.4300 - val_loss: 0.6644 - learning_rate: 1.0000e-04
Epoch 8/100
2/2 - 0s - 145ms/step - accuracy: 0.5357 - auc: 0.7465 - loss: 0.6693 - val_accuracy: 0.6667 - val_auc: 0.4500 - val_loss: 0.6649 - learning_rate: 1.0000e-04
Epoch 9/100
2/2 - 0s - 142ms/step - accuracy: 0.6190 - auc: 0.8009 - loss: 0.6309 - val_accuracy: 0.6667 - val_auc: 0.4100 - val_loss: 0.6635 - learning_rate: 1.0000e-04
Epoch 10/100
2/2 - 0s - 145ms/step - accuracy: 0.6667 - auc: 0.8256 - loss: 0.6030 - val_accuracy: 0.6667 - val_auc: 0.4100 - val_loss: 0.6602 - learning_rate: 1.0000e-04
Epoch 11/100
2/2 - 0s - 146ms/step - accuracy: 0.7143 - auc: 0.8381 - loss: 0.5829 - val_accuracy: 0.6667 - val_auc: 0.4500 - val_loss: 0.6567 - learning_rate: 1.0000e-04
Epoch 12/100
2/2 - 0s - 142ms/step - accuracy: 0.7500 - auc: 0.8582 - loss: 0.5618 - val_accuracy: 0.6667 - val_auc: 0.4200 - val_loss: 0.6553 - learning_rate: 5.0000e-05
Epoch 13/100
2/2 - 0s - 145ms/step - accuracy: 0.7381 - auc: 0.8911 - loss: 0.5389 - val_accuracy: 0.6667 - val_auc: 0.4600 - val_loss: 0.6550 - learning_rate: 5.0000e-05
Epoch 14/100
2/2 - 0s - 149ms/step - accuracy: 0.7500 - auc: 0.8585 - loss: 0.5528 - val_accuracy: 0.6667 - val_auc: 0.4600 - val_loss: 0.6554 - learning_rate: 5.0000e-05
Epoch 15/100
2/2 - 0s - 144ms/step - accuracy: 0.7262 - auc: 0.8676 - loss: 0.5525 - val_accuracy: 0.6667 - val_auc: 0.4600 - val_loss: 0.6567 - learning_rate: 5.0000e-05
Epoch 16/100
2/2 - 0s - 142ms/step - accuracy: 0.8095 - auc: 0.8868 - loss: 0.5333 - val_accuracy: 0.6667 - val_auc: 0.4500 - val_loss: 0.6583 - learning_rate: 5.0000e-05
Epoch 17/100
2/2 - 0s - 145ms/step - accuracy: 0.7500 - auc: 0.8310 - loss: 0.5575 - val_accuracy: 0.6667 - val_auc: 0.4300 - val_loss: 0.6615 - learning_rate: 5.0000e-05
Epoch 18/100
2/2 - 0s - 142ms/step - accuracy: 0.7738 - auc: 0.8843 - loss: 0.5134 - val_accuracy: 0.6667 - val_auc: 0.4200 - val_loss: 0.6662 - learning_rate: 5.0000e-05
Epoch 19/100
2/2 - 0s - 141ms/step - accuracy: 0.7857 - auc: 0.8639 - loss: 0.5060 - val_accuracy: 0.6667 - val_auc: 0.4500 - val_loss: 0.6720 - learning_rate: 5.0000e-05
Epoch 20/100
2/2 - 0s - 141ms/step - accuracy: 0.8333 - auc: 0.8769 - loss: 0.5092 - val_accuracy: 0.6667 - val_auc: 0.4400 - val_loss: 0.6781 - learning_rate: 5.0000e-05
Epoch 21/100
2/2 - 0s - 141ms/step - accuracy: 0.7857 - auc: 0.8783 - loss: 0.4945 - val_accuracy: 0.6667 - val_auc: 0.4400 - val_loss: 0.6852 - learning_rate: 5.0000e-05

Fold metrics (affect_valence):
  acc: 0.3636
  bal_acc: 0.3816
  precision: 0.4167
  recall: 0.2632
  f1: 0.3226
  mcc: -0.2433
  auc: 0.4098
Confusion matrix:
 [[ 7  7]
 [14  5]]
Classification report:
              precision    recall  f1-score   support

           0     0.3333    0.5000    0.4000        14
           1     0.4167    0.2632    0.3226        19

    accuracy                         0.3636        33
   macro avg     0.3750    0.3816    0.3613        33
weighted avg     0.3813    0.3636    0.3554        33


--- Target: affect_arousal ---
Train label counts:
affect_arousal
4.0    26641
2.0    17420
Name: count, dtype: int64
Test label counts:
affect_arousal
4.0    10728
2.0     3839
Name: count, dtype: int64
Epoch 1/100
2/2 - 2s - 1s/step - accuracy: 0.4405 - auc: 0.4418 - loss: 0.7187 - val_accuracy: 0.9333 - val_auc: 0.6786 - val_loss: 0.5711 - learning_rate: 1.0000e-04
Epoch 2/100
2/2 - 0s - 151ms/step - accuracy: 0.6310 - auc: 0.5396 - loss: 0.6871 - val_accuracy: 0.9333 - val_auc: 0.6786 - val_loss: 0.5198 - learning_rate: 1.0000e-04
Epoch 3/100
2/2 - 0s - 147ms/step - accuracy: 0.5833 - auc: 0.6455 - loss: 0.6569 - val_accuracy: 0.9333 - val_auc: 0.5357 - val_loss: 0.5121 - learning_rate: 1.0000e-04
Epoch 4/100
2/2 - 0s - 145ms/step - accuracy: 0.5952 - auc: 0.7112 - loss: 0.6427 - val_accuracy: 0.9333 - val_auc: 0.4286 - val_loss: 0.5226 - learning_rate: 1.0000e-04
Epoch 5/100
2/2 - 0s - 140ms/step - accuracy: 0.6905 - auc: 0.7245 - loss: 0.6317 - val_accuracy: 0.9333 - val_auc: 0.3571 - val_loss: 0.5412 - learning_rate: 1.0000e-04
Epoch 6/100
2/2 - 0s - 143ms/step - accuracy: 0.6905 - auc: 0.7459 - loss: 0.6241 - val_accuracy: 0.8667 - val_auc: 0.3571 - val_loss: 0.5613 - learning_rate: 1.0000e-04
Epoch 7/100
2/2 - 0s - 143ms/step - accuracy: 0.7500 - auc: 0.8006 - loss: 0.6115 - val_accuracy: 0.8667 - val_auc: 0.2857 - val_loss: 0.5789 - learning_rate: 1.0000e-04
Epoch 8/100
2/2 - 0s - 146ms/step - accuracy: 0.7738 - auc: 0.7963 - loss: 0.6043 - val_accuracy: 0.6667 - val_auc: 0.2857 - val_loss: 0.5912 - learning_rate: 1.0000e-04
Epoch 9/100
2/2 - 0s - 142ms/step - accuracy: 0.7738 - auc: 0.8070 - loss: 0.5810 - val_accuracy: 0.6667 - val_auc: 0.2857 - val_loss: 0.6002 - learning_rate: 1.0000e-04
Epoch 10/100
2/2 - 0s - 149ms/step - accuracy: 0.7500 - auc: 0.7836 - loss: 0.5946 - val_accuracy: 0.6667 - val_auc: 0.2857 - val_loss: 0.6029 - learning_rate: 1.0000e-04
Epoch 11/100
2/2 - 0s - 143ms/step - accuracy: 0.7857 - auc: 0.8377 - loss: 0.5740 - val_accuracy: 0.6667 - val_auc: 0.3571 - val_loss: 0.5980 - learning_rate: 1.0000e-04
Epoch 12/100
2/2 - 0s - 140ms/step - accuracy: 0.7381 - auc: 0.8131 - loss: 0.5614 - val_accuracy: 0.6667 - val_auc: 0.3571 - val_loss: 0.5893 - learning_rate: 5.0000e-05
Epoch 13/100
2/2 - 0s - 141ms/step - accuracy: 0.7381 - auc: 0.8218 - loss: 0.5590 - val_accuracy: 0.6667 - val_auc: 0.3571 - val_loss: 0.5805 - learning_rate: 5.0000e-05
Epoch 14/100
2/2 - 0s - 140ms/step - accuracy: 0.7738 - auc: 0.8079 - loss: 0.5708 - val_accuracy: 0.6667 - val_auc: 0.3571 - val_loss: 0.5698 - learning_rate: 5.0000e-05
Epoch 15/100
2/2 - 0s - 142ms/step - accuracy: 0.7857 - auc: 0.8614 - loss: 0.5330 - val_accuracy: 0.6667 - val_auc: 0.3929 - val_loss: 0.5584 - learning_rate: 5.0000e-05
Epoch 16/100
2/2 - 0s - 140ms/step - accuracy: 0.7619 - auc: 0.8397 - loss: 0.5433 - val_accuracy: 0.7333 - val_auc: 0.4643 - val_loss: 0.5487 - learning_rate: 5.0000e-05
Epoch 17/100
2/2 - 0s - 140ms/step - accuracy: 0.7976 - auc: 0.8602 - loss: 0.5257 - val_accuracy: 0.7333 - val_auc: 0.4643 - val_loss: 0.5406 - learning_rate: 5.0000e-05
Epoch 18/100
2/2 - 0s - 143ms/step - accuracy: 0.7976 - auc: 0.8171 - loss: 0.5493 - val_accuracy: 0.7333 - val_auc: 0.4643 - val_loss: 0.5412 - learning_rate: 5.0000e-05
Epoch 19/100
2/2 - 0s - 143ms/step - accuracy: 0.7262 - auc: 0.7812 - loss: 0.5661 - val_accuracy: 0.6667 - val_auc: 0.5000 - val_loss: 0.5486 - learning_rate: 5.0000e-05
Epoch 20/100
2/2 - 0s - 143ms/step - accuracy: 0.7500 - auc: 0.8284 - loss: 0.5405 - val_accuracy: 0.6667 - val_auc: 0.5000 - val_loss: 0.5606 - learning_rate: 5.0000e-05
Epoch 21/100
2/2 - 0s - 142ms/step - accuracy: 0.7500 - auc: 0.8160 - loss: 0.5421 - val_accuracy: 0.6667 - val_auc: 0.5000 - val_loss: 0.5739 - learning_rate: 5.0000e-05

Fold metrics (affect_arousal):
  acc: 0.6970
  bal_acc: 0.4600
  precision: 0.7419
  recall: 0.9200
  f1: 0.8214
  mcc: -0.1437
  auc: 0.6150
Confusion matrix:
 [[ 0  8]
 [ 2 23]]
Classification report:
              precision    recall  f1-score   support

           0     0.0000    0.0000    0.0000         8
           1     0.7419    0.9200    0.8214        25

    accuracy                         0.6970        33
   macro avg     0.3710    0.4600    0.4107        33
weighted avg     0.5621    0.6970    0.6223        33


==============================
Fold 2 | LEFT OUT SESSIONS: [np.str_('96f6a467-9ef5-4c1d-a1f2-e219137a7ac1'), np.str_('cd30d8fb-98e0-4379-954f-0bf9b2b76e76'), np.str_('fbaf41fe-0895-4dc9-988a-59eb3effa7be'), np.str_('cc79c8ee-48e4-4d7b-8dc0-54ed771a05c7'), np.str_('b8175a99-c266-447b-bffa-b0490a5c337f')]
==============================

--- Target: affect_valence ---
Train label counts:
affect_valence
4.0    27900
2.0    15935
Name: count, dtype: int64
Test label counts:
affect_valence
2.0    8651
4.0    6142
Name: count, dtype: int64
Epoch 1/100
2/2 - 3s - 2s/step - accuracy: 0.5476 - auc: 0.5761 - loss: 0.6915 - val_accuracy: 0.7333 - val_auc: 0.7115 - val_loss: 0.6411 - learning_rate: 1.0000e-04
Epoch 2/100
2/2 - 0s - 143ms/step - accuracy: 0.6429 - auc: 0.6602 - loss: 0.6641 - val_accuracy: 0.8667 - val_auc: 0.6538 - val_loss: 0.5454 - learning_rate: 1.0000e-04
Epoch 3/100
2/2 - 0s - 144ms/step - accuracy: 0.5952 - auc: 0.6244 - loss: 0.6701 - val_accuracy: 0.8667 - val_auc: 0.6731 - val_loss: 0.4874 - learning_rate: 1.0000e-04
Epoch 4/100
2/2 - 0s - 151ms/step - accuracy: 0.5714 - auc: 0.6871 - loss: 0.6628 - val_accuracy: 0.8667 - val_auc: 0.6346 - val_loss: 0.4566 - learning_rate: 1.0000e-04
Epoch 5/100
2/2 - 0s - 144ms/step - accuracy: 0.5952 - auc: 0.7271 - loss: 0.6490 - val_accuracy: 0.8667 - val_auc: 0.7115 - val_loss: 0.4402 - learning_rate: 1.0000e-04
Epoch 6/100
2/2 - 0s - 143ms/step - accuracy: 0.5833 - auc: 0.7131 - loss: 0.6667 - val_accuracy: 0.8667 - val_auc: 0.6346 - val_loss: 0.4347 - learning_rate: 1.0000e-04
Epoch 7/100
2/2 - 0s - 143ms/step - accuracy: 0.5476 - auc: 0.7637 - loss: 0.6420 - val_accuracy: 0.8667 - val_auc: 0.5769 - val_loss: 0.4367 - learning_rate: 1.0000e-04
Epoch 8/100
2/2 - 0s - 144ms/step - accuracy: 0.6190 - auc: 0.7629 - loss: 0.6325 - val_accuracy: 0.8667 - val_auc: 0.6154 - val_loss: 0.4429 - learning_rate: 1.0000e-04
Epoch 9/100
2/2 - 0s - 144ms/step - accuracy: 0.6905 - auc: 0.7609 - loss: 0.6169 - val_accuracy: 0.8667 - val_auc: 0.6538 - val_loss: 0.4507 - learning_rate: 1.0000e-04
Epoch 10/100
2/2 - 0s - 142ms/step - accuracy: 0.7024 - auc: 0.7669 - loss: 0.6071 - val_accuracy: 0.8667 - val_auc: 0.6538 - val_loss: 0.4605 - learning_rate: 1.0000e-04
Epoch 11/100
2/2 - 0s - 142ms/step - accuracy: 0.6786 - auc: 0.7606 - loss: 0.6014 - val_accuracy: 0.8667 - val_auc: 0.6154 - val_loss: 0.4680 - learning_rate: 1.0000e-04
Epoch 12/100
2/2 - 0s - 141ms/step - accuracy: 0.7381 - auc: 0.7946 - loss: 0.5759 - val_accuracy: 0.8667 - val_auc: 0.5577 - val_loss: 0.4727 - learning_rate: 1.0000e-04
Epoch 13/100
2/2 - 0s - 141ms/step - accuracy: 0.7262 - auc: 0.7626 - loss: 0.5860 - val_accuracy: 0.8667 - val_auc: 0.5577 - val_loss: 0.4711 - learning_rate: 5.0000e-05
Epoch 14/100
2/2 - 0s - 141ms/step - accuracy: 0.7381 - auc: 0.7838 - loss: 0.5716 - val_accuracy: 0.8667 - val_auc: 0.5577 - val_loss: 0.4655 - learning_rate: 5.0000e-05
Epoch 15/100
2/2 - 0s - 141ms/step - accuracy: 0.7500 - auc: 0.7952 - loss: 0.5631 - val_accuracy: 0.8667 - val_auc: 0.5769 - val_loss: 0.4579 - learning_rate: 5.0000e-05
Epoch 16/100
2/2 - 0s - 142ms/step - accuracy: 0.6786 - auc: 0.7254 - loss: 0.6023 - val_accuracy: 0.8667 - val_auc: 0.5769 - val_loss: 0.4482 - learning_rate: 5.0000e-05
Epoch 17/100
2/2 - 0s - 141ms/step - accuracy: 0.7262 - auc: 0.8244 - loss: 0.5474 - val_accuracy: 0.8667 - val_auc: 0.5769 - val_loss: 0.4390 - learning_rate: 5.0000e-05
Epoch 18/100
2/2 - 0s - 143ms/step - accuracy: 0.7619 - auc: 0.8235 - loss: 0.5490 - val_accuracy: 0.8667 - val_auc: 0.5962 - val_loss: 0.4314 - learning_rate: 5.0000e-05
Epoch 19/100
2/2 - 0s - 142ms/step - accuracy: 0.7381 - auc: 0.7823 - loss: 0.5656 - val_accuracy: 0.8667 - val_auc: 0.5962 - val_loss: 0.4255 - learning_rate: 5.0000e-05
Epoch 20/100
2/2 - 0s - 141ms/step - accuracy: 0.7619 - auc: 0.8304 - loss: 0.5258 - val_accuracy: 0.8667 - val_auc: 0.6154 - val_loss: 0.4211 - learning_rate: 5.0000e-05
Epoch 21/100
2/2 - 0s - 140ms/step - accuracy: 0.7262 - auc: 0.8189 - loss: 0.5456 - val_accuracy: 0.8667 - val_auc: 0.6154 - val_loss: 0.4168 - learning_rate: 5.0000e-05
Epoch 22/100
2/2 - 0s - 141ms/step - accuracy: 0.7500 - auc: 0.7809 - loss: 0.5532 - val_accuracy: 0.8667 - val_auc: 0.5962 - val_loss: 0.4150 - learning_rate: 5.0000e-05

Fold metrics (affect_valence):
  acc: 0.3636
  bal_acc: 0.4615
  precision: 0.3750
  recall: 0.9231
  f1: 0.5333
  mcc: -0.2193
  auc: 0.5808
Confusion matrix:
 [[ 0 20]
 [ 1 12]]
Classification report:
              precision    recall  f1-score   support

           0     0.0000    0.0000    0.0000        20
           1     0.3750    0.9231    0.5333        13

    accuracy                         0.3636        33
   macro avg     0.1875    0.4615    0.2667        33
weighted avg     0.1477    0.3636    0.2101        33


--- Target: affect_arousal ---
Train label counts:
affect_arousal
4.0    26606
2.0    17229
Name: count, dtype: int64
Test label counts:
affect_arousal
4.0    10763
2.0     4030
Name: count, dtype: int64
Epoch 1/100
2/2 - 2s - 1s/step - accuracy: 0.4524 - auc: 0.4064 - loss: 0.7234 - val_accuracy: 0.9333 - val_auc: 0.1429 - val_loss: 0.5736 - learning_rate: 1.0000e-04
Epoch 2/100
2/2 - 0s - 144ms/step - accuracy: 0.5952 - auc: 0.6184 - loss: 0.6702 - val_accuracy: 0.9333 - val_auc: 0.1429 - val_loss: 0.5194 - learning_rate: 1.0000e-04
Epoch 3/100
2/2 - 0s - 143ms/step - accuracy: 0.6190 - auc: 0.6665 - loss: 0.6496 - val_accuracy: 0.9333 - val_auc: 0.1071 - val_loss: 0.5159 - learning_rate: 1.0000e-04
Epoch 4/100
2/2 - 0s - 150ms/step - accuracy: 0.5714 - auc: 0.6522 - loss: 0.6578 - val_accuracy: 0.9333 - val_auc: 0.1429 - val_loss: 0.5315 - learning_rate: 1.0000e-04
Epoch 5/100
2/2 - 0s - 151ms/step - accuracy: 0.6786 - auc: 0.7487 - loss: 0.6198 - val_accuracy: 0.9333 - val_auc: 0.1429 - val_loss: 0.5523 - learning_rate: 1.0000e-04
Epoch 6/100
2/2 - 0s - 151ms/step - accuracy: 0.6548 - auc: 0.7122 - loss: 0.6283 - val_accuracy: 0.8667 - val_auc: 0.1786 - val_loss: 0.5719 - learning_rate: 1.0000e-04
Epoch 7/100
2/2 - 0s - 154ms/step - accuracy: 0.7143 - auc: 0.7641 - loss: 0.6064 - val_accuracy: 0.8000 - val_auc: 0.2143 - val_loss: 0.5899 - learning_rate: 1.0000e-04
Epoch 8/100
2/2 - 0s - 147ms/step - accuracy: 0.6667 - auc: 0.6965 - loss: 0.6245 - val_accuracy: 0.7333 - val_auc: 0.2143 - val_loss: 0.6044 - learning_rate: 1.0000e-04
Epoch 9/100
2/2 - 0s - 149ms/step - accuracy: 0.7143 - auc: 0.7915 - loss: 0.5813 - val_accuracy: 0.7333 - val_auc: 0.2143 - val_loss: 0.6170 - learning_rate: 1.0000e-04
Epoch 10/100
2/2 - 0s - 146ms/step - accuracy: 0.7857 - auc: 0.8000 - loss: 0.5750 - val_accuracy: 0.6667 - val_auc: 0.2143 - val_loss: 0.6264 - learning_rate: 1.0000e-04
Epoch 11/100
2/2 - 0s - 144ms/step - accuracy: 0.7738 - auc: 0.8108 - loss: 0.5629 - val_accuracy: 0.6667 - val_auc: 0.2143 - val_loss: 0.6257 - learning_rate: 1.0000e-04
Epoch 12/100
2/2 - 0s - 145ms/step - accuracy: 0.7143 - auc: 0.8055 - loss: 0.5565 - val_accuracy: 0.6667 - val_auc: 0.2143 - val_loss: 0.6261 - learning_rate: 5.0000e-05
Epoch 13/100
2/2 - 0s - 144ms/step - accuracy: 0.7381 - auc: 0.8665 - loss: 0.5236 - val_accuracy: 0.6667 - val_auc: 0.2143 - val_loss: 0.6266 - learning_rate: 5.0000e-05
Epoch 14/100
2/2 - 0s - 153ms/step - accuracy: 0.7262 - auc: 0.8402 - loss: 0.5318 - val_accuracy: 0.6667 - val_auc: 0.2857 - val_loss: 0.6285 - learning_rate: 5.0000e-05
Epoch 15/100
2/2 - 0s - 146ms/step - accuracy: 0.7381 - auc: 0.8017 - loss: 0.5529 - val_accuracy: 0.6667 - val_auc: 0.2857 - val_loss: 0.6290 - learning_rate: 5.0000e-05
Epoch 16/100
2/2 - 0s - 151ms/step - accuracy: 0.7381 - auc: 0.8466 - loss: 0.5120 - val_accuracy: 0.6667 - val_auc: 0.2857 - val_loss: 0.6302 - learning_rate: 5.0000e-05
Epoch 17/100
2/2 - 0s - 146ms/step - accuracy: 0.7500 - auc: 0.8242 - loss: 0.5330 - val_accuracy: 0.6667 - val_auc: 0.2857 - val_loss: 0.6332 - learning_rate: 5.0000e-05
Epoch 18/100
2/2 - 0s - 150ms/step - accuracy: 0.7619 - auc: 0.8499 - loss: 0.5209 - val_accuracy: 0.6667 - val_auc: 0.2857 - val_loss: 0.6366 - learning_rate: 5.0000e-05
Epoch 19/100
2/2 - 0s - 153ms/step - accuracy: 0.7143 - auc: 0.8213 - loss: 0.5242 - val_accuracy: 0.6667 - val_auc: 0.2857 - val_loss: 0.6437 - learning_rate: 5.0000e-05
Epoch 20/100
2/2 - 0s - 145ms/step - accuracy: 0.7857 - auc: 0.8458 - loss: 0.5008 - val_accuracy: 0.6667 - val_auc: 0.2857 - val_loss: 0.6554 - learning_rate: 5.0000e-05
Epoch 21/100
2/2 - 0s - 151ms/step - accuracy: 0.7619 - auc: 0.8370 - loss: 0.5120 - val_accuracy: 0.6667 - val_auc: 0.2857 - val_loss: 0.6702 - learning_rate: 5.0000e-05

Fold metrics (affect_arousal):
  acc: 0.6970
  bal_acc: 0.4792
  precision: 0.7188
  recall: 0.9583
  f1: 0.8214
  mcc: -0.1083
  auc: 0.7222
Confusion matrix:
 [[ 0  9]
 [ 1 23]]
Classification report:
              precision    recall  f1-score   support

           0     0.0000    0.0000    0.0000         9
           1     0.7188    0.9583    0.8214        24

    accuracy                         0.6970        33
   macro avg     0.3594    0.4792    0.4107        33
weighted avg     0.5227    0.6970    0.5974        33


==============================
Fold 3 | LEFT OUT SESSIONS: [np.str_('ca488455-71e2-4298-ac54-abb022fdd720'), np.str_('9f0f8a7a-edd9-4d35-bba4-72029cd2ec56'), np.str_('47dc2ddb-2356-4f11-9143-6a42e93ed3ca'), np.str_('4c9623ea-ce9b-455d-97c8-e8d87ef7eaad'), np.str_('9ad396af-4129-4092-a06d-e4080ca1df0b')]
==============================

--- Target: affect_valence ---
Train label counts:
affect_valence
4.0    26367
2.0    17801
Name: count, dtype: int64
Test label counts:
affect_valence
4.0    7675
2.0    6785
Name: count, dtype: int64
Epoch 1/100
2/2 - 2s - 1s/step - accuracy: 0.4643 - auc: 0.4809 - loss: 0.7072 - val_accuracy: 0.7333 - val_auc: 0.4432 - val_loss: 0.6688 - learning_rate: 1.0000e-04
Epoch 2/100
2/2 - 0s - 148ms/step - accuracy: 0.5595 - auc: 0.5530 - loss: 0.6855 - val_accuracy: 0.7333 - val_auc: 0.3409 - val_loss: 0.6214 - learning_rate: 1.0000e-04
Epoch 3/100
2/2 - 0s - 152ms/step - accuracy: 0.5476 - auc: 0.6510 - loss: 0.6768 - val_accuracy: 0.7333 - val_auc: 0.3409 - val_loss: 0.6026 - learning_rate: 1.0000e-04
Epoch 4/100
2/2 - 0s - 142ms/step - accuracy: 0.5833 - auc: 0.7499 - loss: 0.6595 - val_accuracy: 0.7333 - val_auc: 0.3068 - val_loss: 0.5989 - learning_rate: 1.0000e-04
Epoch 5/100
2/2 - 0s - 141ms/step - accuracy: 0.5714 - auc: 0.6202 - loss: 0.6890 - val_accuracy: 0.7333 - val_auc: 0.2045 - val_loss: 0.6020 - learning_rate: 1.0000e-04
Epoch 6/100
2/2 - 0s - 142ms/step - accuracy: 0.5357 - auc: 0.7114 - loss: 0.6774 - val_accuracy: 0.7333 - val_auc: 0.2159 - val_loss: 0.6070 - learning_rate: 1.0000e-04
Epoch 7/100
2/2 - 0s - 147ms/step - accuracy: 0.5595 - auc: 0.7043 - loss: 0.6797 - val_accuracy: 0.7333 - val_auc: 0.2386 - val_loss: 0.6116 - learning_rate: 1.0000e-04
Epoch 8/100
2/2 - 0s - 146ms/step - accuracy: 0.5595 - auc: 0.7023 - loss: 0.6731 - val_accuracy: 0.7333 - val_auc: 0.2159 - val_loss: 0.6151 - learning_rate: 1.0000e-04
Epoch 9/100
2/2 - 0s - 150ms/step - accuracy: 0.5714 - auc: 0.7792 - loss: 0.6459 - val_accuracy: 0.7333 - val_auc: 0.2045 - val_loss: 0.6191 - learning_rate: 1.0000e-04
Epoch 10/100
2/2 - 0s - 146ms/step - accuracy: 0.6190 - auc: 0.7692 - loss: 0.6332 - val_accuracy: 0.7333 - val_auc: 0.2045 - val_loss: 0.6224 - learning_rate: 1.0000e-04
Epoch 11/100
2/2 - 0s - 141ms/step - accuracy: 0.6310 - auc: 0.7521 - loss: 0.6311 - val_accuracy: 0.7333 - val_auc: 0.2045 - val_loss: 0.6254 - learning_rate: 1.0000e-04
Epoch 12/100
2/2 - 0s - 147ms/step - accuracy: 0.6786 - auc: 0.7829 - loss: 0.6088 - val_accuracy: 0.7333 - val_auc: 0.2045 - val_loss: 0.6266 - learning_rate: 5.0000e-05
Epoch 13/100
2/2 - 0s - 147ms/step - accuracy: 0.6786 - auc: 0.7783 - loss: 0.5952 - val_accuracy: 0.7333 - val_auc: 0.2045 - val_loss: 0.6277 - learning_rate: 5.0000e-05
Epoch 14/100
2/2 - 0s - 147ms/step - accuracy: 0.5952 - auc: 0.7356 - loss: 0.6197 - val_accuracy: 0.7333 - val_auc: 0.2045 - val_loss: 0.6286 - learning_rate: 5.0000e-05
Epoch 15/100
2/2 - 0s - 142ms/step - accuracy: 0.6548 - auc: 0.7456 - loss: 0.6090 - val_accuracy: 0.7333 - val_auc: 0.2045 - val_loss: 0.6293 - learning_rate: 5.0000e-05
Epoch 16/100
2/2 - 0s - 147ms/step - accuracy: 0.6786 - auc: 0.7915 - loss: 0.5816 - val_accuracy: 0.7333 - val_auc: 0.2045 - val_loss: 0.6304 - learning_rate: 5.0000e-05
Epoch 17/100
2/2 - 0s - 148ms/step - accuracy: 0.6905 - auc: 0.7852 - loss: 0.5857 - val_accuracy: 0.7333 - val_auc: 0.2159 - val_loss: 0.6319 - learning_rate: 5.0000e-05
Epoch 18/100
2/2 - 0s - 150ms/step - accuracy: 0.6667 - auc: 0.7991 - loss: 0.5769 - val_accuracy: 0.7333 - val_auc: 0.2159 - val_loss: 0.6343 - learning_rate: 5.0000e-05
Epoch 19/100
2/2 - 0s - 144ms/step - accuracy: 0.6786 - auc: 0.7849 - loss: 0.5775 - val_accuracy: 0.7333 - val_auc: 0.2159 - val_loss: 0.6378 - learning_rate: 5.0000e-05
Epoch 20/100
2/2 - 0s - 142ms/step - accuracy: 0.7381 - auc: 0.8302 - loss: 0.5564 - val_accuracy: 0.7333 - val_auc: 0.2159 - val_loss: 0.6421 - learning_rate: 5.0000e-05
Epoch 21/100
2/2 - 0s - 145ms/step - accuracy: 0.6905 - auc: 0.8123 - loss: 0.5612 - val_accuracy: 0.7333 - val_auc: 0.2159 - val_loss: 0.6471 - learning_rate: 5.0000e-05

Fold metrics (affect_valence):
  acc: 0.5758
  bal_acc: 0.5790
  precision: 0.5500
  recall: 0.6875
  f1: 0.6111
  mcc: 0.1617
  auc: 0.6838
Confusion matrix:
 [[ 8  9]
 [ 5 11]]
Classification report:
              precision    recall  f1-score   support

           0     0.6154    0.4706    0.5333        17
           1     0.5500    0.6875    0.6111        16

    accuracy                         0.5758        33
   macro avg     0.5827    0.5790    0.5722        33
weighted avg     0.5837    0.5758    0.5710        33


--- Target: affect_arousal ---
Train label counts:
affect_arousal
4.0    29630
2.0    14538
Name: count, dtype: int64
Test label counts:
affect_arousal
4.0    7739
2.0    6721
Name: count, dtype: int64
Epoch 1/100
2/2 - 2s - 1s/step - accuracy: 0.4405 - auc: 0.4525 - loss: 0.7178 - val_accuracy: 0.9333 - val_auc: 0.4286 - val_loss: 0.5561 - learning_rate: 1.0000e-04
Epoch 2/100
2/2 - 0s - 145ms/step - accuracy: 0.6190 - auc: 0.5006 - loss: 0.6684 - val_accuracy: 0.9333 - val_auc: 0.2857 - val_loss: 0.4984 - learning_rate: 1.0000e-04
Epoch 3/100
2/2 - 0s - 148ms/step - accuracy: 0.6429 - auc: 0.6451 - loss: 0.6312 - val_accuracy: 0.9333 - val_auc: 0.2143 - val_loss: 0.4870 - learning_rate: 1.0000e-04
Epoch 4/100
2/2 - 0s - 141ms/step - accuracy: 0.6310 - auc: 0.7290 - loss: 0.6158 - val_accuracy: 0.9333 - val_auc: 0.1071 - val_loss: 0.4993 - learning_rate: 1.0000e-04
Epoch 5/100
2/2 - 0s - 141ms/step - accuracy: 0.6786 - auc: 0.6676 - loss: 0.6206 - val_accuracy: 0.9333 - val_auc: 0.1071 - val_loss: 0.5262 - learning_rate: 1.0000e-04
Epoch 6/100
2/2 - 0s - 141ms/step - accuracy: 0.6667 - auc: 0.6870 - loss: 0.6157 - val_accuracy: 0.9333 - val_auc: 0.1429 - val_loss: 0.5605 - learning_rate: 1.0000e-04
Epoch 7/100
2/2 - 0s - 142ms/step - accuracy: 0.7262 - auc: 0.7481 - loss: 0.5971 - val_accuracy: 0.8667 - val_auc: 0.1071 - val_loss: 0.5970 - learning_rate: 1.0000e-04
Epoch 8/100
2/2 - 0s - 142ms/step - accuracy: 0.7143 - auc: 0.7377 - loss: 0.6026 - val_accuracy: 0.6667 - val_auc: 0.0714 - val_loss: 0.6306 - learning_rate: 1.0000e-04
Epoch 9/100
2/2 - 0s - 140ms/step - accuracy: 0.7143 - auc: 0.8068 - loss: 0.5706 - val_accuracy: 0.6000 - val_auc: 0.1429 - val_loss: 0.6574 - learning_rate: 1.0000e-04
Epoch 10/100
2/2 - 0s - 144ms/step - accuracy: 0.7262 - auc: 0.7633 - loss: 0.5847 - val_accuracy: 0.5333 - val_auc: 0.1429 - val_loss: 0.6746 - learning_rate: 1.0000e-04
Epoch 11/100
2/2 - 0s - 141ms/step - accuracy: 0.7381 - auc: 0.7670 - loss: 0.5854 - val_accuracy: 0.5333 - val_auc: 0.1786 - val_loss: 0.6796 - learning_rate: 1.0000e-04
Epoch 12/100
2/2 - 0s - 141ms/step - accuracy: 0.7381 - auc: 0.7765 - loss: 0.5706 - val_accuracy: 0.5333 - val_auc: 0.1786 - val_loss: 0.6767 - learning_rate: 5.0000e-05
Epoch 13/100
2/2 - 0s - 141ms/step - accuracy: 0.7857 - auc: 0.8219 - loss: 0.5507 - val_accuracy: 0.5333 - val_auc: 0.2143 - val_loss: 0.6714 - learning_rate: 5.0000e-05
Epoch 14/100
2/2 - 0s - 145ms/step - accuracy: 0.7381 - auc: 0.7944 - loss: 0.5683 - val_accuracy: 0.5333 - val_auc: 0.2143 - val_loss: 0.6636 - learning_rate: 5.0000e-05
Epoch 15/100
2/2 - 0s - 141ms/step - accuracy: 0.7619 - auc: 0.7725 - loss: 0.5632 - val_accuracy: 0.5333 - val_auc: 0.2143 - val_loss: 0.6573 - learning_rate: 5.0000e-05
Epoch 16/100
2/2 - 0s - 142ms/step - accuracy: 0.7500 - auc: 0.8071 - loss: 0.5406 - val_accuracy: 0.5333 - val_auc: 0.2143 - val_loss: 0.6528 - learning_rate: 5.0000e-05
Epoch 17/100
2/2 - 0s - 145ms/step - accuracy: 0.7143 - auc: 0.7892 - loss: 0.5541 - val_accuracy: 0.5333 - val_auc: 0.2143 - val_loss: 0.6514 - learning_rate: 5.0000e-05
Epoch 18/100
2/2 - 0s - 142ms/step - accuracy: 0.8214 - auc: 0.8361 - loss: 0.5267 - val_accuracy: 0.5333 - val_auc: 0.2143 - val_loss: 0.6549 - learning_rate: 5.0000e-05
Epoch 19/100
2/2 - 0s - 141ms/step - accuracy: 0.7619 - auc: 0.8077 - loss: 0.5421 - val_accuracy: 0.5333 - val_auc: 0.2143 - val_loss: 0.6631 - learning_rate: 5.0000e-05
Epoch 20/100
2/2 - 0s - 141ms/step - accuracy: 0.7262 - auc: 0.7633 - loss: 0.5650 - val_accuracy: 0.5333 - val_auc: 0.2143 - val_loss: 0.6756 - learning_rate: 5.0000e-05
Epoch 21/100
2/2 - 0s - 144ms/step - accuracy: 0.7381 - auc: 0.7559 - loss: 0.5592 - val_accuracy: 0.5333 - val_auc: 0.2143 - val_loss: 0.6888 - learning_rate: 5.0000e-05

Fold metrics (affect_arousal):
  acc: 0.5152
  bal_acc: 0.4568
  precision: 0.5517
  recall: 0.8421
  f1: 0.6667
  mcc: -0.1309
  auc: 0.7406
Confusion matrix:
 [[ 1 13]
 [ 3 16]]
Classification report:
              precision    recall  f1-score   support

           0     0.2500    0.0714    0.1111        14
           1     0.5517    0.8421    0.6667        19

    accuracy                         0.5152        33
   macro avg     0.4009    0.4568    0.3889        33
weighted avg     0.4237    0.5152    0.4310        33


=============================================
HP SUMMARY: lr=0.0001, epochs=100, units=512, batch=64, patience=20, fixed_T=1200
Optimizing combined mean of metric: acc
Combo runtime: 1.2 minutes
  Valence (mean/std):
    acc: 0.5000 (std=0.1429)
    bal_acc: 0.4753 (std=0.0703)
    precision: 0.5151 (std=0.1342)
    recall: 0.7080 (std=0.2771)
    f1: 0.5721 (std=0.1785)
    mcc: -0.1023 (std=0.1607)
    auc: 0.5459 (std=0.1001)
  Arousal (mean/std):
    acc: 0.6136 (std=0.0840)
    bal_acc: 0.4674 (std=0.0093)
    precision: 0.6437 (std=0.0871)
    recall: 0.9170 (std=0.0454)
    f1: 0.7539 (std=0.0690)
    mcc: -0.1337 (std=0.0164)
    auc: 0.6313 (std=0.1165)
  Combined mean acc score = 0.5568
=============================================


#############################################
HP COMBO: lr=0.0001, epochs=100, units=512, batch=64, patience=20, fixed_T=2500
#############################################

==============================
Fold 0 | LEFT OUT SESSIONS: [np.str_('902f0696-60e6-48b2-a23d-c64d8116eb2a'), np.str_('cb55e9c5-de1f-4b23-891e-1fab91ecde5d'), np.str_('67ea0706-a879-4f3e-9ccb-eee88e55dc4d'), np.str_('1ac3973c-c080-42f8-a702-2842bfacdcee'), np.str_('133132cd-3fbf-47ba-9aae-904dd09ae86b')]
==============================

--- Target: affect_valence ---
Train label counts:
affect_valence
4.0    22575
2.0    21245
Name: count, dtype: int64
Test label counts:
affect_valence
4.0    11467
2.0     3341
Name: count, dtype: int64
Epoch 1/100
2/2 - 3s - 1s/step - accuracy: 0.5238 - auc: 0.4213 - loss: 0.7065 - val_accuracy: 0.3333 - val_auc: 0.6200 - val_loss: 0.7153 - learning_rate: 1.0000e-04
Epoch 2/100
2/2 - 1s - 252ms/step - accuracy: 0.6190 - auc: 0.6359 - loss: 0.6683 - val_accuracy: 0.6000 - val_auc: 0.5800 - val_loss: 0.6783 - learning_rate: 1.0000e-04
Epoch 3/100
2/2 - 1s - 251ms/step - accuracy: 0.6310 - auc: 0.6725 - loss: 0.6645 - val_accuracy: 0.6667 - val_auc: 0.4700 - val_loss: 0.6585 - learning_rate: 1.0000e-04
Epoch 4/100
2/2 - 0s - 245ms/step - accuracy: 0.6548 - auc: 0.7592 - loss: 0.6468 - val_accuracy: 0.6667 - val_auc: 0.4100 - val_loss: 0.6490 - learning_rate: 1.0000e-04
Epoch 5/100
2/2 - 0s - 244ms/step - accuracy: 0.6429 - auc: 0.7469 - loss: 0.6549 - val_accuracy: 0.6667 - val_auc: 0.4200 - val_loss: 0.6465 - learning_rate: 1.0000e-04
Epoch 6/100
2/2 - 0s - 248ms/step - accuracy: 0.5833 - auc: 0.7680 - loss: 0.6580 - val_accuracy: 0.6667 - val_auc: 0.4400 - val_loss: 0.6482 - learning_rate: 1.0000e-04
Epoch 7/100
2/2 - 0s - 249ms/step - accuracy: 0.5595 - auc: 0.7886 - loss: 0.6570 - val_accuracy: 0.6667 - val_auc: 0.4300 - val_loss: 0.6506 - learning_rate: 1.0000e-04
Epoch 8/100
2/2 - 0s - 250ms/step - accuracy: 0.5952 - auc: 0.7220 - loss: 0.6634 - val_accuracy: 0.6667 - val_auc: 0.4300 - val_loss: 0.6518 - learning_rate: 1.0000e-04
Epoch 9/100
2/2 - 0s - 249ms/step - accuracy: 0.5714 - auc: 0.7117 - loss: 0.6568 - val_accuracy: 0.6667 - val_auc: 0.4600 - val_loss: 0.6519 - learning_rate: 1.0000e-04
Epoch 10/100
2/2 - 1s - 250ms/step - accuracy: 0.6429 - auc: 0.7669 - loss: 0.6297 - val_accuracy: 0.6667 - val_auc: 0.4700 - val_loss: 0.6521 - learning_rate: 1.0000e-04
Epoch 11/100
2/2 - 0s - 250ms/step - accuracy: 0.6905 - auc: 0.7471 - loss: 0.6228 - val_accuracy: 0.6667 - val_auc: 0.4700 - val_loss: 0.6532 - learning_rate: 1.0000e-04
Epoch 12/100
2/2 - 0s - 246ms/step - accuracy: 0.7500 - auc: 0.8330 - loss: 0.5783 - val_accuracy: 0.6667 - val_auc: 0.4700 - val_loss: 0.6546 - learning_rate: 1.0000e-04
Epoch 13/100
2/2 - 0s - 248ms/step - accuracy: 0.7143 - auc: 0.8035 - loss: 0.5814 - val_accuracy: 0.6667 - val_auc: 0.4900 - val_loss: 0.6567 - learning_rate: 1.0000e-04
Epoch 14/100
2/2 - 0s - 244ms/step - accuracy: 0.6429 - auc: 0.7334 - loss: 0.6195 - val_accuracy: 0.6667 - val_auc: 0.4900 - val_loss: 0.6587 - learning_rate: 5.0000e-05
Epoch 15/100
2/2 - 1s - 254ms/step - accuracy: 0.7262 - auc: 0.8021 - loss: 0.5745 - val_accuracy: 0.6667 - val_auc: 0.4800 - val_loss: 0.6620 - learning_rate: 5.0000e-05
Epoch 16/100
2/2 - 0s - 245ms/step - accuracy: 0.7381 - auc: 0.7809 - loss: 0.5823 - val_accuracy: 0.6667 - val_auc: 0.4700 - val_loss: 0.6663 - learning_rate: 5.0000e-05
Epoch 17/100
2/2 - 0s - 247ms/step - accuracy: 0.7500 - auc: 0.7978 - loss: 0.5649 - val_accuracy: 0.6667 - val_auc: 0.4900 - val_loss: 0.6720 - learning_rate: 5.0000e-05
Epoch 18/100
2/2 - 0s - 249ms/step - accuracy: 0.7857 - auc: 0.8441 - loss: 0.5398 - val_accuracy: 0.6667 - val_auc: 0.4600 - val_loss: 0.6786 - learning_rate: 5.0000e-05
Epoch 19/100
2/2 - 0s - 246ms/step - accuracy: 0.7381 - auc: 0.8473 - loss: 0.5346 - val_accuracy: 0.6667 - val_auc: 0.4500 - val_loss: 0.6850 - learning_rate: 5.0000e-05
Epoch 20/100
2/2 - 0s - 250ms/step - accuracy: 0.7024 - auc: 0.8072 - loss: 0.5497 - val_accuracy: 0.6667 - val_auc: 0.4400 - val_loss: 0.6922 - learning_rate: 5.0000e-05
Epoch 21/100
2/2 - 0s - 244ms/step - accuracy: 0.7381 - auc: 0.7998 - loss: 0.5608 - val_accuracy: 0.6667 - val_auc: 0.4400 - val_loss: 0.6991 - learning_rate: 5.0000e-05
Epoch 22/100
2/2 - 0s - 243ms/step - accuracy: 0.7262 - auc: 0.8064 - loss: 0.5502 - val_accuracy: 0.6667 - val_auc: 0.4500 - val_loss: 0.7056 - learning_rate: 5.0000e-05
Epoch 23/100
2/2 - 0s - 243ms/step - accuracy: 0.7024 - auc: 0.8152 - loss: 0.5499 - val_accuracy: 0.6667 - val_auc: 0.4500 - val_loss: 0.7092 - learning_rate: 5.0000e-05

Fold metrics (affect_valence):
  acc: 0.6970
  bal_acc: 0.4792
  precision: 0.7188
  recall: 0.9583
  f1: 0.8214
  mcc: -0.1083
  auc: 0.5093
Confusion matrix:
 [[ 0  9]
 [ 1 23]]
Classification report:
              precision    recall  f1-score   support

           0     0.0000    0.0000    0.0000         9
           1     0.7188    0.9583    0.8214        24

    accuracy                         0.6970        33
   macro avg     0.3594    0.4792    0.4107        33
weighted avg     0.5227    0.6970    0.5974        33


--- Target: affect_arousal ---
Train label counts:
affect_arousal
4.0    29230
2.0    14590
Name: count, dtype: int64
Test label counts:
affect_arousal
4.0    8139
2.0    6669
Name: count, dtype: int64
Epoch 1/100
2/2 - 2s - 1s/step - accuracy: 0.5714 - auc: 0.5998 - loss: 0.6984 - val_accuracy: 1.0000 - val_auc: 0.0000e+00 - val_loss: 0.5130 - learning_rate: 1.0000e-04
Epoch 2/100
2/2 - 0s - 248ms/step - accuracy: 0.6429 - auc: 0.6951 - loss: 0.6296 - val_accuracy: 1.0000 - val_auc: 0.0000e+00 - val_loss: 0.3506 - learning_rate: 1.0000e-04
Epoch 3/100
2/2 - 0s - 246ms/step - accuracy: 0.6429 - auc: 0.7416 - loss: 0.6066 - val_accuracy: 1.0000 - val_auc: 0.0000e+00 - val_loss: 0.2508 - learning_rate: 1.0000e-04
Epoch 4/100
2/2 - 0s - 248ms/step - accuracy: 0.6190 - auc: 0.7279 - loss: 0.6290 - val_accuracy: 1.0000 - val_auc: 0.0000e+00 - val_loss: 0.1904 - learning_rate: 1.0000e-04
Epoch 5/100
2/2 - 0s - 247ms/step - accuracy: 0.6310 - auc: 0.7809 - loss: 0.6125 - val_accuracy: 1.0000 - val_auc: 0.0000e+00 - val_loss: 0.1543 - learning_rate: 1.0000e-04
Epoch 6/100
2/2 - 0s - 245ms/step - accuracy: 0.6310 - auc: 0.7788 - loss: 0.6278 - val_accuracy: 1.0000 - val_auc: 0.0000e+00 - val_loss: 0.1343 - learning_rate: 1.0000e-04
Epoch 7/100
2/2 - 0s - 243ms/step - accuracy: 0.6429 - auc: 0.7532 - loss: 0.6445 - val_accuracy: 1.0000 - val_auc: 0.0000e+00 - val_loss: 0.1247 - learning_rate: 1.0000e-04
Epoch 8/100
2/2 - 0s - 245ms/step - accuracy: 0.6429 - auc: 0.7532 - loss: 0.6347 - val_accuracy: 1.0000 - val_auc: 0.0000e+00 - val_loss: 0.1226 - learning_rate: 1.0000e-04
Epoch 9/100
2/2 - 0s - 245ms/step - accuracy: 0.6548 - auc: 0.7830 - loss: 0.6120 - val_accuracy: 1.0000 - val_auc: 0.0000e+00 - val_loss: 0.1266 - learning_rate: 1.0000e-04
Epoch 10/100
2/2 - 0s - 242ms/step - accuracy: 0.6429 - auc: 0.7565 - loss: 0.6141 - val_accuracy: 1.0000 - val_auc: 0.0000e+00 - val_loss: 0.1357 - learning_rate: 1.0000e-04
Epoch 11/100
2/2 - 0s - 245ms/step - accuracy: 0.6548 - auc: 0.8080 - loss: 0.5530 - val_accuracy: 1.0000 - val_auc: 0.0000e+00 - val_loss: 0.1461 - learning_rate: 1.0000e-04
Epoch 12/100
2/2 - 0s - 245ms/step - accuracy: 0.6667 - auc: 0.7995 - loss: 0.5583 - val_accuracy: 1.0000 - val_auc: 0.0000e+00 - val_loss: 0.1509 - learning_rate: 5.0000e-05
Epoch 13/100
2/2 - 0s - 243ms/step - accuracy: 0.7024 - auc: 0.8427 - loss: 0.5125 - val_accuracy: 1.0000 - val_auc: 0.0000e+00 - val_loss: 0.1542 - learning_rate: 5.0000e-05
Epoch 14/100
2/2 - 0s - 242ms/step - accuracy: 0.7024 - auc: 0.8405 - loss: 0.5225 - val_accuracy: 1.0000 - val_auc: 0.0000e+00 - val_loss: 0.1565 - learning_rate: 5.0000e-05
Epoch 15/100
2/2 - 0s - 242ms/step - accuracy: 0.7262 - auc: 0.8262 - loss: 0.5193 - val_accuracy: 1.0000 - val_auc: 0.0000e+00 - val_loss: 0.1569 - learning_rate: 5.0000e-05
Epoch 16/100
2/2 - 0s - 242ms/step - accuracy: 0.6667 - auc: 0.8061 - loss: 0.5239 - val_accuracy: 1.0000 - val_auc: 0.0000e+00 - val_loss: 0.1557 - learning_rate: 5.0000e-05
Epoch 17/100
2/2 - 0s - 242ms/step - accuracy: 0.7500 - auc: 0.8201 - loss: 0.5105 - val_accuracy: 1.0000 - val_auc: 0.0000e+00 - val_loss: 0.1526 - learning_rate: 5.0000e-05
Epoch 18/100
2/2 - 0s - 244ms/step - accuracy: 0.7024 - auc: 0.8165 - loss: 0.5226 - val_accuracy: 1.0000 - val_auc: 0.0000e+00 - val_loss: 0.1496 - learning_rate: 5.0000e-05
Epoch 19/100
2/2 - 0s - 245ms/step - accuracy: 0.7500 - auc: 0.8451 - loss: 0.4958 - val_accuracy: 1.0000 - val_auc: 0.0000e+00 - val_loss: 0.1459 - learning_rate: 5.0000e-05
Epoch 20/100
2/2 - 0s - 246ms/step - accuracy: 0.7976 - auc: 0.8189 - loss: 0.4920 - val_accuracy: 1.0000 - val_auc: 0.0000e+00 - val_loss: 0.1407 - learning_rate: 5.0000e-05
Epoch 21/100
2/2 - 0s - 243ms/step - accuracy: 0.7262 - auc: 0.8058 - loss: 0.5143 - val_accuracy: 1.0000 - val_auc: 0.0000e+00 - val_loss: 0.1363 - learning_rate: 5.0000e-05

Fold metrics (affect_arousal):
  acc: 0.5455
  bal_acc: 0.4737
  precision: 0.5625
  recall: 0.9474
  f1: 0.7059
  mcc: -0.1517
  auc: 0.4474
Confusion matrix:
 [[ 0 14]
 [ 1 18]]
Classification report:
              precision    recall  f1-score   support

           0     0.0000    0.0000    0.0000        14
           1     0.5625    0.9474    0.7059        19

    accuracy                         0.5455        33
   macro avg     0.2812    0.4737    0.3529        33
weighted avg     0.3239    0.5455    0.4064        33


==============================
Fold 1 | LEFT OUT SESSIONS: [np.str_('d8d72365-c7fe-494a-8504-0b268331e66e'), np.str_('e58ee8e6-b15d-43a3-ac58-56c4fb11d86e'), np.str_('ed5a3e23-9e05-4bbc-a998-7d1403a54191'), np.str_('c1d73b99-82e6-47ff-b4a8-20ea634f7ca4'), np.str_('0deaeb12-dc13-4d16-878e-ec134b330bf6')]
==============================

--- Target: affect_valence ---
Train label counts:
affect_valence
4.0    25284
2.0    18777
Name: count, dtype: int64
Test label counts:
affect_valence
4.0    8758
2.0    5809
Name: count, dtype: int64
Epoch 1/100
2/2 - 2s - 1s/step - accuracy: 0.4524 - auc: 0.4144 - loss: 0.7143 - val_accuracy: 0.7333 - val_auc: 0.6800 - val_loss: 0.6800 - learning_rate: 1.0000e-04
Epoch 2/100
2/2 - 1s - 251ms/step - accuracy: 0.7262 - auc: 0.7700 - loss: 0.6429 - val_accuracy: 0.6667 - val_auc: 0.6100 - val_loss: 0.6459 - learning_rate: 1.0000e-04
Epoch 3/100
2/2 - 1s - 251ms/step - accuracy: 0.6429 - auc: 0.6929 - loss: 0.6677 - val_accuracy: 0.6667 - val_auc: 0.5300 - val_loss: 0.6368 - learning_rate: 1.0000e-04
Epoch 4/100
2/2 - 0s - 245ms/step - accuracy: 0.5476 - auc: 0.7533 - loss: 0.6614 - val_accuracy: 0.6667 - val_auc: 0.4500 - val_loss: 0.6417 - learning_rate: 1.0000e-04
Epoch 5/100
2/2 - 0s - 246ms/step - accuracy: 0.5833 - auc: 0.7448 - loss: 0.6593 - val_accuracy: 0.6667 - val_auc: 0.4500 - val_loss: 0.6511 - learning_rate: 1.0000e-04
Epoch 6/100
2/2 - 0s - 250ms/step - accuracy: 0.5357 - auc: 0.8106 - loss: 0.6427 - val_accuracy: 0.6667 - val_auc: 0.4500 - val_loss: 0.6598 - learning_rate: 1.0000e-04
Epoch 7/100
2/2 - 0s - 247ms/step - accuracy: 0.5476 - auc: 0.8233 - loss: 0.6452 - val_accuracy: 0.6667 - val_auc: 0.4300 - val_loss: 0.6644 - learning_rate: 1.0000e-04
Epoch 8/100
2/2 - 0s - 245ms/step - accuracy: 0.5357 - auc: 0.7467 - loss: 0.6692 - val_accuracy: 0.6667 - val_auc: 0.4200 - val_loss: 0.6649 - learning_rate: 1.0000e-04
Epoch 9/100
2/2 - 0s - 245ms/step - accuracy: 0.6190 - auc: 0.8015 - loss: 0.6309 - val_accuracy: 0.6667 - val_auc: 0.4200 - val_loss: 0.6635 - learning_rate: 1.0000e-04
Epoch 10/100
2/2 - 0s - 249ms/step - accuracy: 0.6667 - auc: 0.8253 - loss: 0.6031 - val_accuracy: 0.6667 - val_auc: 0.4100 - val_loss: 0.6601 - learning_rate: 1.0000e-04
Epoch 11/100
2/2 - 0s - 247ms/step - accuracy: 0.7143 - auc: 0.8383 - loss: 0.5831 - val_accuracy: 0.6667 - val_auc: 0.4500 - val_loss: 0.6565 - learning_rate: 1.0000e-04
Epoch 12/100
2/2 - 0s - 241ms/step - accuracy: 0.7500 - auc: 0.8585 - loss: 0.5618 - val_accuracy: 0.6667 - val_auc: 0.4300 - val_loss: 0.6552 - learning_rate: 5.0000e-05
Epoch 13/100
2/2 - 0s - 249ms/step - accuracy: 0.7381 - auc: 0.8908 - loss: 0.5390 - val_accuracy: 0.6667 - val_auc: 0.4600 - val_loss: 0.6548 - learning_rate: 5.0000e-05
Epoch 14/100
2/2 - 0s - 243ms/step - accuracy: 0.7500 - auc: 0.8576 - loss: 0.5527 - val_accuracy: 0.6667 - val_auc: 0.4600 - val_loss: 0.6553 - learning_rate: 5.0000e-05
Epoch 15/100
2/2 - 0s - 249ms/step - accuracy: 0.7262 - auc: 0.8690 - loss: 0.5524 - val_accuracy: 0.6667 - val_auc: 0.4600 - val_loss: 0.6565 - learning_rate: 5.0000e-05
Epoch 16/100
2/2 - 0s - 246ms/step - accuracy: 0.8095 - auc: 0.8860 - loss: 0.5334 - val_accuracy: 0.6667 - val_auc: 0.4500 - val_loss: 0.6580 - learning_rate: 5.0000e-05
Epoch 17/100
2/2 - 0s - 246ms/step - accuracy: 0.7500 - auc: 0.8304 - loss: 0.5578 - val_accuracy: 0.6667 - val_auc: 0.4300 - val_loss: 0.6613 - learning_rate: 5.0000e-05
Epoch 18/100
2/2 - 0s - 247ms/step - accuracy: 0.7738 - auc: 0.8860 - loss: 0.5132 - val_accuracy: 0.6667 - val_auc: 0.4300 - val_loss: 0.6659 - learning_rate: 5.0000e-05
Epoch 19/100
2/2 - 0s - 248ms/step - accuracy: 0.7857 - auc: 0.8659 - loss: 0.5061 - val_accuracy: 0.6667 - val_auc: 0.4500 - val_loss: 0.6717 - learning_rate: 5.0000e-05
Epoch 20/100
2/2 - 0s - 246ms/step - accuracy: 0.8333 - auc: 0.8769 - loss: 0.5094 - val_accuracy: 0.6667 - val_auc: 0.4400 - val_loss: 0.6780 - learning_rate: 5.0000e-05
Epoch 21/100
2/2 - 0s - 248ms/step - accuracy: 0.7857 - auc: 0.8786 - loss: 0.4946 - val_accuracy: 0.6667 - val_auc: 0.4400 - val_loss: 0.6850 - learning_rate: 5.0000e-05

Fold metrics (affect_valence):
  acc: 0.3636
  bal_acc: 0.3816
  precision: 0.4167
  recall: 0.2632
  f1: 0.3226
  mcc: -0.2433
  auc: 0.4098
Confusion matrix:
 [[ 7  7]
 [14  5]]
Classification report:
              precision    recall  f1-score   support

           0     0.3333    0.5000    0.4000        14
           1     0.4167    0.2632    0.3226        19

    accuracy                         0.3636        33
   macro avg     0.3750    0.3816    0.3613        33
weighted avg     0.3813    0.3636    0.3554        33


--- Target: affect_arousal ---
Train label counts:
affect_arousal
4.0    26641
2.0    17420
Name: count, dtype: int64
Test label counts:
affect_arousal
4.0    10728
2.0     3839
Name: count, dtype: int64
Epoch 1/100
2/2 - 2s - 1s/step - accuracy: 0.4405 - auc: 0.4418 - loss: 0.7187 - val_accuracy: 0.9333 - val_auc: 0.6786 - val_loss: 0.5711 - learning_rate: 1.0000e-04
Epoch 2/100
2/2 - 0s - 250ms/step - accuracy: 0.6310 - auc: 0.5396 - loss: 0.6871 - val_accuracy: 0.9333 - val_auc: 0.6786 - val_loss: 0.5197 - learning_rate: 1.0000e-04
Epoch 3/100
2/2 - 0s - 249ms/step - accuracy: 0.5833 - auc: 0.6455 - loss: 0.6569 - val_accuracy: 0.9333 - val_auc: 0.5357 - val_loss: 0.5121 - learning_rate: 1.0000e-04
Epoch 4/100
2/2 - 0s - 248ms/step - accuracy: 0.5952 - auc: 0.7112 - loss: 0.6427 - val_accuracy: 0.9333 - val_auc: 0.4286 - val_loss: 0.5226 - learning_rate: 1.0000e-04
Epoch 5/100
2/2 - 0s - 244ms/step - accuracy: 0.6905 - auc: 0.7245 - loss: 0.6317 - val_accuracy: 0.9333 - val_auc: 0.3571 - val_loss: 0.5412 - learning_rate: 1.0000e-04
Epoch 6/100
2/2 - 0s - 246ms/step - accuracy: 0.6905 - auc: 0.7459 - loss: 0.6241 - val_accuracy: 0.8667 - val_auc: 0.3571 - val_loss: 0.5613 - learning_rate: 1.0000e-04
Epoch 7/100
2/2 - 0s - 250ms/step - accuracy: 0.7500 - auc: 0.8003 - loss: 0.6115 - val_accuracy: 0.8667 - val_auc: 0.2857 - val_loss: 0.5788 - learning_rate: 1.0000e-04
Epoch 8/100
2/2 - 0s - 247ms/step - accuracy: 0.7738 - auc: 0.7963 - loss: 0.6042 - val_accuracy: 0.6667 - val_auc: 0.2857 - val_loss: 0.5911 - learning_rate: 1.0000e-04
Epoch 9/100
2/2 - 0s - 249ms/step - accuracy: 0.7738 - auc: 0.8076 - loss: 0.5809 - val_accuracy: 0.6667 - val_auc: 0.2857 - val_loss: 0.6002 - learning_rate: 1.0000e-04
Epoch 10/100
2/2 - 0s - 242ms/step - accuracy: 0.7500 - auc: 0.7839 - loss: 0.5945 - val_accuracy: 0.6667 - val_auc: 0.2857 - val_loss: 0.6028 - learning_rate: 1.0000e-04
Epoch 11/100
2/2 - 0s - 242ms/step - accuracy: 0.7857 - auc: 0.8377 - loss: 0.5739 - val_accuracy: 0.6667 - val_auc: 0.3571 - val_loss: 0.5981 - learning_rate: 1.0000e-04
Epoch 12/100
2/2 - 0s - 244ms/step - accuracy: 0.7381 - auc: 0.8119 - loss: 0.5613 - val_accuracy: 0.6667 - val_auc: 0.3571 - val_loss: 0.5895 - learning_rate: 5.0000e-05
Epoch 13/100
2/2 - 0s - 247ms/step - accuracy: 0.7381 - auc: 0.8218 - loss: 0.5591 - val_accuracy: 0.6667 - val_auc: 0.3571 - val_loss: 0.5807 - learning_rate: 5.0000e-05
Epoch 14/100
2/2 - 0s - 244ms/step - accuracy: 0.7738 - auc: 0.8079 - loss: 0.5708 - val_accuracy: 0.6667 - val_auc: 0.3571 - val_loss: 0.5701 - learning_rate: 5.0000e-05
Epoch 15/100
2/2 - 0s - 243ms/step - accuracy: 0.7857 - auc: 0.8617 - loss: 0.5330 - val_accuracy: 0.6667 - val_auc: 0.3929 - val_loss: 0.5587 - learning_rate: 5.0000e-05
Epoch 16/100
2/2 - 0s - 248ms/step - accuracy: 0.7619 - auc: 0.8394 - loss: 0.5432 - val_accuracy: 0.7333 - val_auc: 0.4643 - val_loss: 0.5491 - learning_rate: 5.0000e-05
Epoch 17/100
2/2 - 1s - 253ms/step - accuracy: 0.7976 - auc: 0.8605 - loss: 0.5257 - val_accuracy: 0.7333 - val_auc: 0.4643 - val_loss: 0.5410 - learning_rate: 5.0000e-05
Epoch 18/100
2/2 - 0s - 245ms/step - accuracy: 0.7976 - auc: 0.8171 - loss: 0.5492 - val_accuracy: 0.7333 - val_auc: 0.4643 - val_loss: 0.5416 - learning_rate: 5.0000e-05
Epoch 19/100
2/2 - 0s - 242ms/step - accuracy: 0.7262 - auc: 0.7810 - loss: 0.5662 - val_accuracy: 0.6667 - val_auc: 0.5000 - val_loss: 0.5492 - learning_rate: 5.0000e-05
Epoch 20/100
2/2 - 1s - 250ms/step - accuracy: 0.7500 - auc: 0.8284 - loss: 0.5406 - val_accuracy: 0.6667 - val_auc: 0.5000 - val_loss: 0.5614 - learning_rate: 5.0000e-05
Epoch 21/100
2/2 - 1s - 251ms/step - accuracy: 0.7500 - auc: 0.8163 - loss: 0.5421 - val_accuracy: 0.6667 - val_auc: 0.5000 - val_loss: 0.5747 - learning_rate: 5.0000e-05

Fold metrics (affect_arousal):
  acc: 0.6970
  bal_acc: 0.4600
  precision: 0.7419
  recall: 0.9200
  f1: 0.8214
  mcc: -0.1437
  auc: 0.6150
Confusion matrix:
 [[ 0  8]
 [ 2 23]]
Classification report:
              precision    recall  f1-score   support

           0     0.0000    0.0000    0.0000         8
           1     0.7419    0.9200    0.8214        25

    accuracy                         0.6970        33
   macro avg     0.3710    0.4600    0.4107        33
weighted avg     0.5621    0.6970    0.6223        33


==============================
Fold 2 | LEFT OUT SESSIONS: [np.str_('96f6a467-9ef5-4c1d-a1f2-e219137a7ac1'), np.str_('cd30d8fb-98e0-4379-954f-0bf9b2b76e76'), np.str_('fbaf41fe-0895-4dc9-988a-59eb3effa7be'), np.str_('cc79c8ee-48e4-4d7b-8dc0-54ed771a05c7'), np.str_('b8175a99-c266-447b-bffa-b0490a5c337f')]
==============================

--- Target: affect_valence ---
Train label counts:
affect_valence
4.0    27900
2.0    15935
Name: count, dtype: int64
Test label counts:
affect_valence
2.0    8651
4.0    6142
Name: count, dtype: int64
Epoch 1/100
2/2 - 2s - 1s/step - accuracy: 0.5476 - auc: 0.5761 - loss: 0.6915 - val_accuracy: 0.7333 - val_auc: 0.7115 - val_loss: 0.6411 - learning_rate: 1.0000e-04
Epoch 2/100
2/2 - 0s - 246ms/step - accuracy: 0.6429 - auc: 0.6602 - loss: 0.6641 - val_accuracy: 0.8667 - val_auc: 0.6538 - val_loss: 0.5454 - learning_rate: 1.0000e-04
Epoch 3/100
2/2 - 0s - 242ms/step - accuracy: 0.5952 - auc: 0.6244 - loss: 0.6701 - val_accuracy: 0.8667 - val_auc: 0.6731 - val_loss: 0.4874 - learning_rate: 1.0000e-04
Epoch 4/100
2/2 - 0s - 243ms/step - accuracy: 0.5714 - auc: 0.6882 - loss: 0.6628 - val_accuracy: 0.8667 - val_auc: 0.6346 - val_loss: 0.4565 - learning_rate: 1.0000e-04
Epoch 5/100
2/2 - 0s - 241ms/step - accuracy: 0.5952 - auc: 0.7271 - loss: 0.6490 - val_accuracy: 0.8667 - val_auc: 0.7115 - val_loss: 0.4402 - learning_rate: 1.0000e-04
Epoch 6/100
2/2 - 0s - 245ms/step - accuracy: 0.5833 - auc: 0.7142 - loss: 0.6667 - val_accuracy: 0.8667 - val_auc: 0.6346 - val_loss: 0.4347 - learning_rate: 1.0000e-04
Epoch 7/100
2/2 - 0s - 248ms/step - accuracy: 0.5476 - auc: 0.7637 - loss: 0.6420 - val_accuracy: 0.8667 - val_auc: 0.5769 - val_loss: 0.4367 - learning_rate: 1.0000e-04
Epoch 8/100
2/2 - 0s - 248ms/step - accuracy: 0.6190 - auc: 0.7626 - loss: 0.6325 - val_accuracy: 0.8667 - val_auc: 0.6154 - val_loss: 0.4430 - learning_rate: 1.0000e-04
Epoch 9/100
2/2 - 0s - 249ms/step - accuracy: 0.6905 - auc: 0.7606 - loss: 0.6169 - val_accuracy: 0.8667 - val_auc: 0.6538 - val_loss: 0.4508 - learning_rate: 1.0000e-04
Epoch 10/100
2/2 - 0s - 250ms/step - accuracy: 0.7024 - auc: 0.7652 - loss: 0.6070 - val_accuracy: 0.8667 - val_auc: 0.6538 - val_loss: 0.4607 - learning_rate: 1.0000e-04
Epoch 11/100
2/2 - 1s - 252ms/step - accuracy: 0.6786 - auc: 0.7603 - loss: 0.6014 - val_accuracy: 0.8667 - val_auc: 0.6154 - val_loss: 0.4683 - learning_rate: 1.0000e-04
Epoch 12/100
2/2 - 0s - 247ms/step - accuracy: 0.7381 - auc: 0.7946 - loss: 0.5759 - val_accuracy: 0.8667 - val_auc: 0.5577 - val_loss: 0.4728 - learning_rate: 1.0000e-04
Epoch 13/100
2/2 - 0s - 248ms/step - accuracy: 0.7262 - auc: 0.7620 - loss: 0.5858 - val_accuracy: 0.8667 - val_auc: 0.5577 - val_loss: 0.4712 - learning_rate: 5.0000e-05
Epoch 14/100
2/2 - 0s - 242ms/step - accuracy: 0.7381 - auc: 0.7838 - loss: 0.5715 - val_accuracy: 0.8667 - val_auc: 0.5577 - val_loss: 0.4655 - learning_rate: 5.0000e-05
Epoch 15/100
2/2 - 0s - 244ms/step - accuracy: 0.7500 - auc: 0.7949 - loss: 0.5631 - val_accuracy: 0.8667 - val_auc: 0.5962 - val_loss: 0.4579 - learning_rate: 5.0000e-05
Epoch 16/100
2/2 - 0s - 244ms/step - accuracy: 0.6786 - auc: 0.7254 - loss: 0.6023 - val_accuracy: 0.8667 - val_auc: 0.5769 - val_loss: 0.4481 - learning_rate: 5.0000e-05
Epoch 17/100
2/2 - 0s - 243ms/step - accuracy: 0.7262 - auc: 0.8241 - loss: 0.5474 - val_accuracy: 0.8667 - val_auc: 0.5769 - val_loss: 0.4388 - learning_rate: 5.0000e-05
Epoch 18/100
2/2 - 0s - 244ms/step - accuracy: 0.7619 - auc: 0.8229 - loss: 0.5492 - val_accuracy: 0.8667 - val_auc: 0.6154 - val_loss: 0.4312 - learning_rate: 5.0000e-05
Epoch 19/100
2/2 - 1s - 250ms/step - accuracy: 0.7381 - auc: 0.7838 - loss: 0.5657 - val_accuracy: 0.8667 - val_auc: 0.6154 - val_loss: 0.4253 - learning_rate: 5.0000e-05
Epoch 20/100
2/2 - 0s - 244ms/step - accuracy: 0.7619 - auc: 0.8298 - loss: 0.5261 - val_accuracy: 0.8667 - val_auc: 0.6154 - val_loss: 0.4209 - learning_rate: 5.0000e-05
Epoch 21/100
2/2 - 0s - 243ms/step - accuracy: 0.7262 - auc: 0.8186 - loss: 0.5456 - val_accuracy: 0.8667 - val_auc: 0.6154 - val_loss: 0.4167 - learning_rate: 5.0000e-05
Epoch 22/100
2/2 - 1s - 251ms/step - accuracy: 0.7500 - auc: 0.7815 - loss: 0.5533 - val_accuracy: 0.8667 - val_auc: 0.5962 - val_loss: 0.4149 - learning_rate: 5.0000e-05

Fold metrics (affect_valence):
  acc: 0.3636
  bal_acc: 0.4615
  precision: 0.3750
  recall: 0.9231
  f1: 0.5333
  mcc: -0.2193
  auc: 0.5808
Confusion matrix:
 [[ 0 20]
 [ 1 12]]
Classification report:
              precision    recall  f1-score   support

           0     0.0000    0.0000    0.0000        20
           1     0.3750    0.9231    0.5333        13

    accuracy                         0.3636        33
   macro avg     0.1875    0.4615    0.2667        33
weighted avg     0.1477    0.3636    0.2101        33


--- Target: affect_arousal ---
Train label counts:
affect_arousal
4.0    26606
2.0    17229
Name: count, dtype: int64
Test label counts:
affect_arousal
4.0    10763
2.0     4030
Name: count, dtype: int64
Epoch 1/100
2/2 - 2s - 1s/step - accuracy: 0.4524 - auc: 0.4064 - loss: 0.7234 - val_accuracy: 0.9333 - val_auc: 0.1429 - val_loss: 0.5736 - learning_rate: 1.0000e-04
Epoch 2/100
2/2 - 0s - 246ms/step - accuracy: 0.5952 - auc: 0.6184 - loss: 0.6702 - val_accuracy: 0.9333 - val_auc: 0.1429 - val_loss: 0.5194 - learning_rate: 1.0000e-04
Epoch 3/100
2/2 - 0s - 244ms/step - accuracy: 0.6190 - auc: 0.6676 - loss: 0.6496 - val_accuracy: 0.9333 - val_auc: 0.1071 - val_loss: 0.5159 - learning_rate: 1.0000e-04
Epoch 4/100
2/2 - 0s - 244ms/step - accuracy: 0.5714 - auc: 0.6522 - loss: 0.6578 - val_accuracy: 0.9333 - val_auc: 0.1429 - val_loss: 0.5315 - learning_rate: 1.0000e-04
Epoch 5/100
2/2 - 0s - 243ms/step - accuracy: 0.6786 - auc: 0.7487 - loss: 0.6197 - val_accuracy: 0.9333 - val_auc: 0.1429 - val_loss: 0.5524 - learning_rate: 1.0000e-04
Epoch 6/100
2/2 - 0s - 242ms/step - accuracy: 0.6548 - auc: 0.7128 - loss: 0.6283 - val_accuracy: 0.8667 - val_auc: 0.1786 - val_loss: 0.5720 - learning_rate: 1.0000e-04
Epoch 7/100
2/2 - 0s - 247ms/step - accuracy: 0.7143 - auc: 0.7662 - loss: 0.6063 - val_accuracy: 0.8000 - val_auc: 0.2143 - val_loss: 0.5899 - learning_rate: 1.0000e-04
Epoch 8/100
2/2 - 0s - 245ms/step - accuracy: 0.6667 - auc: 0.6959 - loss: 0.6245 - val_accuracy: 0.7333 - val_auc: 0.2143 - val_loss: 0.6043 - learning_rate: 1.0000e-04
Epoch 9/100
2/2 - 0s - 245ms/step - accuracy: 0.7143 - auc: 0.7924 - loss: 0.5813 - val_accuracy: 0.7333 - val_auc: 0.2143 - val_loss: 0.6165 - learning_rate: 1.0000e-04
Epoch 10/100
2/2 - 0s - 244ms/step - accuracy: 0.7738 - auc: 0.7991 - loss: 0.5751 - val_accuracy: 0.6667 - val_auc: 0.2143 - val_loss: 0.6256 - learning_rate: 1.0000e-04
Epoch 11/100
2/2 - 0s - 243ms/step - accuracy: 0.7738 - auc: 0.8093 - loss: 0.5629 - val_accuracy: 0.6667 - val_auc: 0.2143 - val_loss: 0.6249 - learning_rate: 1.0000e-04
Epoch 12/100
2/2 - 0s - 245ms/step - accuracy: 0.7143 - auc: 0.8061 - loss: 0.5564 - val_accuracy: 0.6667 - val_auc: 0.2143 - val_loss: 0.6252 - learning_rate: 5.0000e-05
Epoch 13/100
2/2 - 0s - 246ms/step - accuracy: 0.7381 - auc: 0.8668 - loss: 0.5236 - val_accuracy: 0.6667 - val_auc: 0.2143 - val_loss: 0.6258 - learning_rate: 5.0000e-05
Epoch 14/100
2/2 - 0s - 246ms/step - accuracy: 0.7262 - auc: 0.8414 - loss: 0.5318 - val_accuracy: 0.6667 - val_auc: 0.2500 - val_loss: 0.6281 - learning_rate: 5.0000e-05
Epoch 15/100
2/2 - 0s - 248ms/step - accuracy: 0.7381 - auc: 0.8015 - loss: 0.5529 - val_accuracy: 0.6667 - val_auc: 0.2857 - val_loss: 0.6290 - learning_rate: 5.0000e-05
Epoch 16/100
2/2 - 0s - 245ms/step - accuracy: 0.7381 - auc: 0.8466 - loss: 0.5120 - val_accuracy: 0.6667 - val_auc: 0.2857 - val_loss: 0.6304 - learning_rate: 5.0000e-05
Epoch 17/100
2/2 - 0s - 243ms/step - accuracy: 0.7500 - auc: 0.8248 - loss: 0.5329 - val_accuracy: 0.6667 - val_auc: 0.2857 - val_loss: 0.6337 - learning_rate: 5.0000e-05
Epoch 18/100
2/2 - 0s - 242ms/step - accuracy: 0.7619 - auc: 0.8501 - loss: 0.5206 - val_accuracy: 0.6667 - val_auc: 0.2857 - val_loss: 0.6371 - learning_rate: 5.0000e-05
Epoch 19/100
2/2 - 0s - 242ms/step - accuracy: 0.7143 - auc: 0.8230 - loss: 0.5239 - val_accuracy: 0.6667 - val_auc: 0.2857 - val_loss: 0.6443 - learning_rate: 5.0000e-05
Epoch 20/100
2/2 - 0s - 242ms/step - accuracy: 0.7857 - auc: 0.8464 - loss: 0.5007 - val_accuracy: 0.6667 - val_auc: 0.2857 - val_loss: 0.6559 - learning_rate: 5.0000e-05
Epoch 21/100
2/2 - 0s - 244ms/step - accuracy: 0.7619 - auc: 0.8370 - loss: 0.5120 - val_accuracy: 0.6667 - val_auc: 0.2857 - val_loss: 0.6705 - learning_rate: 5.0000e-05

Fold metrics (affect_arousal):
  acc: 0.6970
  bal_acc: 0.4792
  precision: 0.7188
  recall: 0.9583
  f1: 0.8214
  mcc: -0.1083
  auc: 0.7222
Confusion matrix:
 [[ 0  9]
 [ 1 23]]
Classification report:
              precision    recall  f1-score   support

           0     0.0000    0.0000    0.0000         9
           1     0.7188    0.9583    0.8214        24

    accuracy                         0.6970        33
   macro avg     0.3594    0.4792    0.4107        33
weighted avg     0.5227    0.6970    0.5974        33


==============================
Fold 3 | LEFT OUT SESSIONS: [np.str_('ca488455-71e2-4298-ac54-abb022fdd720'), np.str_('9f0f8a7a-edd9-4d35-bba4-72029cd2ec56'), np.str_('47dc2ddb-2356-4f11-9143-6a42e93ed3ca'), np.str_('4c9623ea-ce9b-455d-97c8-e8d87ef7eaad'), np.str_('9ad396af-4129-4092-a06d-e4080ca1df0b')]
==============================

--- Target: affect_valence ---
Train label counts:
affect_valence
4.0    26367
2.0    17801
Name: count, dtype: int64
Test label counts:
affect_valence
4.0    7675
2.0    6785
Name: count, dtype: int64
Epoch 1/100
2/2 - 4s - 2s/step - accuracy: 0.4643 - auc: 0.4809 - loss: 0.7072 - val_accuracy: 0.7333 - val_auc: 0.4432 - val_loss: 0.6688 - learning_rate: 1.0000e-04
Epoch 2/100
2/2 - 0s - 248ms/step - accuracy: 0.5595 - auc: 0.5530 - loss: 0.6855 - val_accuracy: 0.7333 - val_auc: 0.3409 - val_loss: 0.6214 - learning_rate: 1.0000e-04
Epoch 3/100
2/2 - 0s - 249ms/step - accuracy: 0.5476 - auc: 0.6510 - loss: 0.6768 - val_accuracy: 0.7333 - val_auc: 0.3295 - val_loss: 0.6026 - learning_rate: 1.0000e-04
Epoch 4/100
2/2 - 1s - 250ms/step - accuracy: 0.5833 - auc: 0.7499 - loss: 0.6595 - val_accuracy: 0.7333 - val_auc: 0.3068 - val_loss: 0.5989 - learning_rate: 1.0000e-04
Epoch 5/100
2/2 - 1s - 253ms/step - accuracy: 0.5714 - auc: 0.6202 - loss: 0.6890 - val_accuracy: 0.7333 - val_auc: 0.2045 - val_loss: 0.6020 - learning_rate: 1.0000e-04
Epoch 6/100
2/2 - 1s - 251ms/step - accuracy: 0.5357 - auc: 0.7114 - loss: 0.6775 - val_accuracy: 0.7333 - val_auc: 0.2159 - val_loss: 0.6070 - learning_rate: 1.0000e-04
Epoch 7/100
2/2 - 0s - 247ms/step - accuracy: 0.5595 - auc: 0.7043 - loss: 0.6797 - val_accuracy: 0.7333 - val_auc: 0.2386 - val_loss: 0.6116 - learning_rate: 1.0000e-04
Epoch 8/100
2/2 - 0s - 243ms/step - accuracy: 0.5595 - auc: 0.7026 - loss: 0.6732 - val_accuracy: 0.7333 - val_auc: 0.2159 - val_loss: 0.6151 - learning_rate: 1.0000e-04
Epoch 9/100
2/2 - 0s - 246ms/step - accuracy: 0.5714 - auc: 0.7781 - loss: 0.6460 - val_accuracy: 0.7333 - val_auc: 0.2045 - val_loss: 0.6191 - learning_rate: 1.0000e-04
Epoch 10/100
2/2 - 0s - 243ms/step - accuracy: 0.6310 - auc: 0.7689 - loss: 0.6333 - val_accuracy: 0.7333 - val_auc: 0.2045 - val_loss: 0.6224 - learning_rate: 1.0000e-04
Epoch 11/100
2/2 - 1s - 251ms/step - accuracy: 0.6310 - auc: 0.7510 - loss: 0.6313 - val_accuracy: 0.7333 - val_auc: 0.2045 - val_loss: 0.6255 - learning_rate: 1.0000e-04
Epoch 12/100
2/2 - 1s - 252ms/step - accuracy: 0.6786 - auc: 0.7838 - loss: 0.6089 - val_accuracy: 0.7333 - val_auc: 0.2045 - val_loss: 0.6267 - learning_rate: 5.0000e-05
Epoch 13/100
2/2 - 0s - 249ms/step - accuracy: 0.6786 - auc: 0.7783 - loss: 0.5952 - val_accuracy: 0.7333 - val_auc: 0.2045 - val_loss: 0.6279 - learning_rate: 5.0000e-05
Epoch 14/100
2/2 - 0s - 249ms/step - accuracy: 0.5833 - auc: 0.7359 - loss: 0.6198 - val_accuracy: 0.7333 - val_auc: 0.2045 - val_loss: 0.6287 - learning_rate: 5.0000e-05
Epoch 15/100
2/2 - 0s - 244ms/step - accuracy: 0.6548 - auc: 0.7453 - loss: 0.6092 - val_accuracy: 0.7333 - val_auc: 0.2045 - val_loss: 0.6294 - learning_rate: 5.0000e-05
Epoch 16/100
2/2 - 1s - 251ms/step - accuracy: 0.6786 - auc: 0.7915 - loss: 0.5816 - val_accuracy: 0.7333 - val_auc: 0.2045 - val_loss: 0.6305 - learning_rate: 5.0000e-05
Epoch 17/100
2/2 - 0s - 250ms/step - accuracy: 0.6905 - auc: 0.7832 - loss: 0.5858 - val_accuracy: 0.7333 - val_auc: 0.2159 - val_loss: 0.6321 - learning_rate: 5.0000e-05
Epoch 18/100
2/2 - 1s - 251ms/step - accuracy: 0.6667 - auc: 0.7991 - loss: 0.5770 - val_accuracy: 0.7333 - val_auc: 0.2159 - val_loss: 0.6345 - learning_rate: 5.0000e-05
Epoch 19/100
2/2 - 0s - 245ms/step - accuracy: 0.6786 - auc: 0.7852 - loss: 0.5775 - val_accuracy: 0.7333 - val_auc: 0.2159 - val_loss: 0.6380 - learning_rate: 5.0000e-05
Epoch 20/100
2/2 - 0s - 248ms/step - accuracy: 0.7381 - auc: 0.8291 - loss: 0.5565 - val_accuracy: 0.7333 - val_auc: 0.2159 - val_loss: 0.6423 - learning_rate: 5.0000e-05
Epoch 21/100
2/2 - 0s - 248ms/step - accuracy: 0.6905 - auc: 0.8123 - loss: 0.5613 - val_accuracy: 0.7333 - val_auc: 0.2159 - val_loss: 0.6472 - learning_rate: 5.0000e-05

Fold metrics (affect_valence):
  acc: 0.5758
  bal_acc: 0.5790
  precision: 0.5500
  recall: 0.6875
  f1: 0.6111
  mcc: 0.1617
  auc: 0.6838
Confusion matrix:
 [[ 8  9]
 [ 5 11]]
Classification report:
              precision    recall  f1-score   support

           0     0.6154    0.4706    0.5333        17
           1     0.5500    0.6875    0.6111        16

    accuracy                         0.5758        33
   macro avg     0.5827    0.5790    0.5722        33
weighted avg     0.5837    0.5758    0.5710        33


--- Target: affect_arousal ---
Train label counts:
affect_arousal
4.0    29630
2.0    14538
Name: count, dtype: int64
Test label counts:
affect_arousal
4.0    7739
2.0    6721
Name: count, dtype: int64
Epoch 1/100
2/2 - 3s - 1s/step - accuracy: 0.4405 - auc: 0.4525 - loss: 0.7178 - val_accuracy: 0.9333 - val_auc: 0.4286 - val_loss: 0.5561 - learning_rate: 1.0000e-04
Epoch 2/100
2/2 - 1s - 250ms/step - accuracy: 0.6190 - auc: 0.5006 - loss: 0.6684 - val_accuracy: 0.9333 - val_auc: 0.2857 - val_loss: 0.4984 - learning_rate: 1.0000e-04
Epoch 3/100
2/2 - 0s - 247ms/step - accuracy: 0.6429 - auc: 0.6451 - loss: 0.6312 - val_accuracy: 0.9333 - val_auc: 0.2143 - val_loss: 0.4870 - learning_rate: 1.0000e-04
Epoch 4/100
2/2 - 0s - 246ms/step - accuracy: 0.6310 - auc: 0.7290 - loss: 0.6158 - val_accuracy: 0.9333 - val_auc: 0.1071 - val_loss: 0.4993 - learning_rate: 1.0000e-04
Epoch 5/100
2/2 - 0s - 243ms/step - accuracy: 0.6786 - auc: 0.6667 - loss: 0.6206 - val_accuracy: 0.9333 - val_auc: 0.1071 - val_loss: 0.5262 - learning_rate: 1.0000e-04
Epoch 6/100
2/2 - 0s - 250ms/step - accuracy: 0.6667 - auc: 0.6852 - loss: 0.6157 - val_accuracy: 0.9333 - val_auc: 0.1429 - val_loss: 0.5607 - learning_rate: 1.0000e-04
Epoch 7/100
2/2 - 0s - 248ms/step - accuracy: 0.7262 - auc: 0.7481 - loss: 0.5972 - val_accuracy: 0.8667 - val_auc: 0.1071 - val_loss: 0.5973 - learning_rate: 1.0000e-04
Epoch 8/100
2/2 - 0s - 245ms/step - accuracy: 0.7143 - auc: 0.7398 - loss: 0.6026 - val_accuracy: 0.6667 - val_auc: 0.0714 - val_loss: 0.6309 - learning_rate: 1.0000e-04
Epoch 9/100
2/2 - 0s - 250ms/step - accuracy: 0.7143 - auc: 0.8065 - loss: 0.5707 - val_accuracy: 0.6000 - val_auc: 0.1071 - val_loss: 0.6577 - learning_rate: 1.0000e-04
Epoch 10/100
2/2 - 1s - 251ms/step - accuracy: 0.7262 - auc: 0.7636 - loss: 0.5848 - val_accuracy: 0.5333 - val_auc: 0.1429 - val_loss: 0.6747 - learning_rate: 1.0000e-04
Epoch 11/100
2/2 - 1s - 251ms/step - accuracy: 0.7381 - auc: 0.7673 - loss: 0.5854 - val_accuracy: 0.5333 - val_auc: 0.1786 - val_loss: 0.6795 - learning_rate: 1.0000e-04
Epoch 12/100
2/2 - 0s - 246ms/step - accuracy: 0.7381 - auc: 0.7778 - loss: 0.5705 - val_accuracy: 0.5333 - val_auc: 0.1786 - val_loss: 0.6763 - learning_rate: 5.0000e-05
Epoch 13/100
2/2 - 0s - 249ms/step - accuracy: 0.7857 - auc: 0.8235 - loss: 0.5506 - val_accuracy: 0.5333 - val_auc: 0.2143 - val_loss: 0.6709 - learning_rate: 5.0000e-05
Epoch 14/100
2/2 - 0s - 248ms/step - accuracy: 0.7381 - auc: 0.7948 - loss: 0.5682 - val_accuracy: 0.5333 - val_auc: 0.2143 - val_loss: 0.6631 - learning_rate: 5.0000e-05
Epoch 15/100
2/2 - 0s - 242ms/step - accuracy: 0.7619 - auc: 0.7728 - loss: 0.5632 - val_accuracy: 0.5333 - val_auc: 0.2143 - val_loss: 0.6568 - learning_rate: 5.0000e-05
Epoch 16/100
2/2 - 0s - 241ms/step - accuracy: 0.7500 - auc: 0.8071 - loss: 0.5406 - val_accuracy: 0.5333 - val_auc: 0.2143 - val_loss: 0.6522 - learning_rate: 5.0000e-05
Epoch 17/100
2/2 - 0s - 243ms/step - accuracy: 0.7143 - auc: 0.7883 - loss: 0.5541 - val_accuracy: 0.5333 - val_auc: 0.2143 - val_loss: 0.6508 - learning_rate: 5.0000e-05
Epoch 18/100
2/2 - 0s - 243ms/step - accuracy: 0.8214 - auc: 0.8367 - loss: 0.5265 - val_accuracy: 0.5333 - val_auc: 0.2143 - val_loss: 0.6544 - learning_rate: 5.0000e-05
Epoch 19/100
2/2 - 0s - 243ms/step - accuracy: 0.7619 - auc: 0.8083 - loss: 0.5421 - val_accuracy: 0.5333 - val_auc: 0.2143 - val_loss: 0.6628 - learning_rate: 5.0000e-05
Epoch 20/100
2/2 - 0s - 243ms/step - accuracy: 0.7262 - auc: 0.7623 - loss: 0.5649 - val_accuracy: 0.5333 - val_auc: 0.2143 - val_loss: 0.6753 - learning_rate: 5.0000e-05
Epoch 21/100
2/2 - 0s - 245ms/step - accuracy: 0.7381 - auc: 0.7565 - loss: 0.5591 - val_accuracy: 0.5333 - val_auc: 0.2143 - val_loss: 0.6885 - learning_rate: 5.0000e-05

Fold metrics (affect_arousal):
  acc: 0.5152
  bal_acc: 0.4568
  precision: 0.5517
  recall: 0.8421
  f1: 0.6667
  mcc: -0.1309
  auc: 0.7406
Confusion matrix:
 [[ 1 13]
 [ 3 16]]
Classification report:
              precision    recall  f1-score   support

           0     0.2500    0.0714    0.1111        14
           1     0.5517    0.8421    0.6667        19

    accuracy                         0.5152        33
   macro avg     0.4009    0.4568    0.3889        33
weighted avg     0.4237    0.5152    0.4310        33


=============================================
HP SUMMARY: lr=0.0001, epochs=100, units=512, batch=64, patience=20, fixed_T=2500
Optimizing combined mean of metric: acc
Combo runtime: 1.8 minutes
  Valence (mean/std):
    acc: 0.5000 (std=0.1429)
    bal_acc: 0.4753 (std=0.0703)
    precision: 0.5151 (std=0.1342)
    recall: 0.7080 (std=0.2771)
    f1: 0.5721 (std=0.1785)
    mcc: -0.1023 (std=0.1607)
    auc: 0.5459 (std=0.1001)
  Arousal (mean/std):
    acc: 0.6136 (std=0.0840)
    bal_acc: 0.4674 (std=0.0093)
    precision: 0.6437 (std=0.0871)
    recall: 0.9170 (std=0.0454)
    f1: 0.7539 (std=0.0690)
    mcc: -0.1337 (std=0.0164)
    auc: 0.6313 (std=0.1165)
  Combined mean acc score = 0.5568
=============================================


#############################################
HP COMBO: lr=0.0001, epochs=100, units=512, batch=256, patience=20, fixed_T=1200
#############################################

==============================
Fold 0 | LEFT OUT SESSIONS: [np.str_('902f0696-60e6-48b2-a23d-c64d8116eb2a'), np.str_('cb55e9c5-de1f-4b23-891e-1fab91ecde5d'), np.str_('67ea0706-a879-4f3e-9ccb-eee88e55dc4d'), np.str_('1ac3973c-c080-42f8-a702-2842bfacdcee'), np.str_('133132cd-3fbf-47ba-9aae-904dd09ae86b')]
==============================

--- Target: affect_valence ---
Train label counts:
affect_valence
4.0    22575
2.0    21245
Name: count, dtype: int64
Test label counts:
affect_valence
4.0    11467
2.0     3341
Name: count, dtype: int64
Epoch 1/100
1/1 - 2s - 2s/step - accuracy: 0.5595 - auc: 0.5389 - loss: 0.6877 - val_accuracy: 0.3333 - val_auc: 0.6800 - val_loss: 0.7077 - learning_rate: 1.0000e-04
Epoch 2/100
1/1 - 0s - 210ms/step - accuracy: 0.5952 - auc: 0.6619 - loss: 0.6689 - val_accuracy: 0.3333 - val_auc: 0.6800 - val_loss: 0.7070 - learning_rate: 1.0000e-04
Epoch 3/100
1/1 - 0s - 208ms/step - accuracy: 0.5833 - auc: 0.6393 - loss: 0.6739 - val_accuracy: 0.4667 - val_auc: 0.6800 - val_loss: 0.6994 - learning_rate: 1.0000e-04
Epoch 4/100
1/1 - 0s - 209ms/step - accuracy: 0.6190 - auc: 0.6928 - loss: 0.6563 - val_accuracy: 0.6000 - val_auc: 0.6800 - val_loss: 0.6931 - learning_rate: 1.0000e-04
Epoch 5/100
1/1 - 0s - 205ms/step - accuracy: 0.6190 - auc: 0.6779 - loss: 0.6578 - val_accuracy: 0.6000 - val_auc: 0.6700 - val_loss: 0.6855 - learning_rate: 1.0000e-04
Epoch 6/100
1/1 - 0s - 204ms/step - accuracy: 0.5952 - auc: 0.6782 - loss: 0.6507 - val_accuracy: 0.6000 - val_auc: 0.6600 - val_loss: 0.6788 - learning_rate: 1.0000e-04
Epoch 7/100
1/1 - 0s - 211ms/step - accuracy: 0.6548 - auc: 0.7503 - loss: 0.6289 - val_accuracy: 0.6667 - val_auc: 0.6400 - val_loss: 0.6713 - learning_rate: 1.0000e-04
Epoch 8/100
1/1 - 0s - 210ms/step - accuracy: 0.7143 - auc: 0.7966 - loss: 0.6108 - val_accuracy: 0.7333 - val_auc: 0.6300 - val_loss: 0.6646 - learning_rate: 1.0000e-04
Epoch 9/100
1/1 - 0s - 211ms/step - accuracy: 0.6905 - auc: 0.7623 - loss: 0.6209 - val_accuracy: 0.6667 - val_auc: 0.6200 - val_loss: 0.6592 - learning_rate: 1.0000e-04
Epoch 10/100
1/1 - 0s - 209ms/step - accuracy: 0.7381 - auc: 0.7677 - loss: 0.6086 - val_accuracy: 0.6667 - val_auc: 0.6400 - val_loss: 0.6555 - learning_rate: 1.0000e-04
Epoch 11/100
1/1 - 0s - 217ms/step - accuracy: 0.7262 - auc: 0.7880 - loss: 0.6037 - val_accuracy: 0.6667 - val_auc: 0.6200 - val_loss: 0.6524 - learning_rate: 1.0000e-04
Epoch 12/100
1/1 - 0s - 218ms/step - accuracy: 0.6429 - auc: 0.7311 - loss: 0.6214 - val_accuracy: 0.6667 - val_auc: 0.5600 - val_loss: 0.6492 - learning_rate: 1.0000e-04
Epoch 13/100
1/1 - 0s - 203ms/step - accuracy: 0.7738 - auc: 0.8101 - loss: 0.5951 - val_accuracy: 0.6667 - val_auc: 0.5900 - val_loss: 0.6482 - learning_rate: 1.0000e-04
Epoch 14/100
1/1 - 0s - 209ms/step - accuracy: 0.7262 - auc: 0.7995 - loss: 0.5815 - val_accuracy: 0.6000 - val_auc: 0.5800 - val_loss: 0.6474 - learning_rate: 1.0000e-04
Epoch 15/100
1/1 - 0s - 210ms/step - accuracy: 0.7619 - auc: 0.8470 - loss: 0.5560 - val_accuracy: 0.6000 - val_auc: 0.5800 - val_loss: 0.6469 - learning_rate: 1.0000e-04
Epoch 16/100
1/1 - 0s - 212ms/step - accuracy: 0.7143 - auc: 0.8115 - loss: 0.5714 - val_accuracy: 0.6000 - val_auc: 0.5800 - val_loss: 0.6466 - learning_rate: 1.0000e-04
Epoch 17/100
1/1 - 0s - 213ms/step - accuracy: 0.7024 - auc: 0.8330 - loss: 0.5554 - val_accuracy: 0.6000 - val_auc: 0.5900 - val_loss: 0.6461 - learning_rate: 1.0000e-04
Epoch 18/100
1/1 - 0s - 218ms/step - accuracy: 0.7619 - auc: 0.8332 - loss: 0.5523 - val_accuracy: 0.6000 - val_auc: 0.5700 - val_loss: 0.6468 - learning_rate: 1.0000e-04
Epoch 19/100
1/1 - 0s - 216ms/step - accuracy: 0.7857 - auc: 0.8504 - loss: 0.5431 - val_accuracy: 0.6000 - val_auc: 0.5700 - val_loss: 0.6475 - learning_rate: 5.0000e-05
Epoch 20/100
1/1 - 0s - 222ms/step - accuracy: 0.7857 - auc: 0.8799 - loss: 0.5125 - val_accuracy: 0.6000 - val_auc: 0.5400 - val_loss: 0.6484 - learning_rate: 5.0000e-05
Epoch 21/100
1/1 - 0s - 213ms/step - accuracy: 0.7500 - auc: 0.8169 - loss: 0.5575 - val_accuracy: 0.6000 - val_auc: 0.5400 - val_loss: 0.6497 - learning_rate: 5.0000e-05
Epoch 22/100
1/1 - 0s - 219ms/step - accuracy: 0.7024 - auc: 0.8169 - loss: 0.5551 - val_accuracy: 0.6000 - val_auc: 0.5300 - val_loss: 0.6513 - learning_rate: 5.0000e-05
Epoch 23/100
1/1 - 0s - 213ms/step - accuracy: 0.7619 - auc: 0.8347 - loss: 0.5379 - val_accuracy: 0.6000 - val_auc: 0.5400 - val_loss: 0.6533 - learning_rate: 5.0000e-05
Epoch 24/100
1/1 - 0s - 206ms/step - accuracy: 0.7619 - auc: 0.8295 - loss: 0.5407 - val_accuracy: 0.6000 - val_auc: 0.5300 - val_loss: 0.6552 - learning_rate: 5.0000e-05
Epoch 25/100
1/1 - 0s - 205ms/step - accuracy: 0.7976 - auc: 0.8756 - loss: 0.4961 - val_accuracy: 0.6000 - val_auc: 0.5100 - val_loss: 0.6571 - learning_rate: 5.0000e-05
Epoch 26/100
1/1 - 0s - 204ms/step - accuracy: 0.8214 - auc: 0.8965 - loss: 0.4857 - val_accuracy: 0.6000 - val_auc: 0.5000 - val_loss: 0.6593 - learning_rate: 5.0000e-05
Epoch 27/100
1/1 - 0s - 202ms/step - accuracy: 0.7381 - auc: 0.8641 - loss: 0.5114 - val_accuracy: 0.6000 - val_auc: 0.5000 - val_loss: 0.6617 - learning_rate: 5.0000e-05
Epoch 28/100
1/1 - 0s - 203ms/step - accuracy: 0.7738 - auc: 0.8996 - loss: 0.4889 - val_accuracy: 0.6000 - val_auc: 0.5000 - val_loss: 0.6640 - learning_rate: 5.0000e-05

Fold metrics (affect_valence):
  acc: 0.5455
  bal_acc: 0.4097
  precision: 0.6800
  recall: 0.7083
  f1: 0.6939
  mcc: -0.1876
  auc: 0.4583
Confusion matrix:
 [[ 1  8]
 [ 7 17]]
Classification report:
              precision    recall  f1-score   support

           0     0.1250    0.1111    0.1176         9
           1     0.6800    0.7083    0.6939        24

    accuracy                         0.5455        33
   macro avg     0.4025    0.4097    0.4058        33
weighted avg     0.5286    0.5455    0.5367        33


--- Target: affect_arousal ---
Train label counts:
affect_arousal
4.0    29230
2.0    14590
Name: count, dtype: int64
Test label counts:
affect_arousal
4.0    8139
2.0    6669
Name: count, dtype: int64
Epoch 1/100
1/1 - 2s - 2s/step - accuracy: 0.4524 - auc: 0.4881 - loss: 0.7190 - val_accuracy: 1.0000 - val_auc: 0.0000e+00 - val_loss: 0.5805 - learning_rate: 1.0000e-04
Epoch 2/100
1/1 - 0s - 206ms/step - accuracy: 0.6071 - auc: 0.6047 - loss: 0.6680 - val_accuracy: 1.0000 - val_auc: 0.0000e+00 - val_loss: 0.4650 - learning_rate: 1.0000e-04
Epoch 3/100
1/1 - 0s - 204ms/step - accuracy: 0.6310 - auc: 0.6211 - loss: 0.6422 - val_accuracy: 1.0000 - val_auc: 0.0000e+00 - val_loss: 0.3763 - learning_rate: 1.0000e-04
Epoch 4/100
1/1 - 0s - 203ms/step - accuracy: 0.6310 - auc: 0.6902 - loss: 0.6294 - val_accuracy: 1.0000 - val_auc: 0.0000e+00 - val_loss: 0.3166 - learning_rate: 1.0000e-04
Epoch 5/100
1/1 - 0s - 211ms/step - accuracy: 0.6548 - auc: 0.6963 - loss: 0.6163 - val_accuracy: 1.0000 - val_auc: 0.0000e+00 - val_loss: 0.2773 - learning_rate: 1.0000e-04
Epoch 6/100
1/1 - 0s - 203ms/step - accuracy: 0.6548 - auc: 0.7839 - loss: 0.5964 - val_accuracy: 1.0000 - val_auc: 0.0000e+00 - val_loss: 0.2523 - learning_rate: 1.0000e-04
Epoch 7/100
1/1 - 0s - 203ms/step - accuracy: 0.6310 - auc: 0.7377 - loss: 0.6074 - val_accuracy: 1.0000 - val_auc: 0.0000e+00 - val_loss: 0.2364 - learning_rate: 1.0000e-04
Epoch 8/100
1/1 - 0s - 202ms/step - accuracy: 0.6429 - auc: 0.7562 - loss: 0.5990 - val_accuracy: 1.0000 - val_auc: 0.0000e+00 - val_loss: 0.2289 - learning_rate: 1.0000e-04
Epoch 9/100
1/1 - 0s - 203ms/step - accuracy: 0.6548 - auc: 0.7921 - loss: 0.5748 - val_accuracy: 1.0000 - val_auc: 0.0000e+00 - val_loss: 0.2268 - learning_rate: 1.0000e-04
Epoch 10/100
1/1 - 0s - 206ms/step - accuracy: 0.6667 - auc: 0.7696 - loss: 0.5808 - val_accuracy: 1.0000 - val_auc: 0.0000e+00 - val_loss: 0.2294 - learning_rate: 1.0000e-04
Epoch 11/100
1/1 - 0s - 210ms/step - accuracy: 0.6667 - auc: 0.8128 - loss: 0.5506 - val_accuracy: 1.0000 - val_auc: 0.0000e+00 - val_loss: 0.2342 - learning_rate: 1.0000e-04
Epoch 12/100
1/1 - 0s - 206ms/step - accuracy: 0.6905 - auc: 0.7976 - loss: 0.5484 - val_accuracy: 1.0000 - val_auc: 0.0000e+00 - val_loss: 0.2372 - learning_rate: 5.0000e-05
Epoch 13/100
1/1 - 0s - 208ms/step - accuracy: 0.7024 - auc: 0.7891 - loss: 0.5544 - val_accuracy: 1.0000 - val_auc: 0.0000e+00 - val_loss: 0.2415 - learning_rate: 5.0000e-05
Epoch 14/100
1/1 - 0s - 203ms/step - accuracy: 0.7143 - auc: 0.8058 - loss: 0.5401 - val_accuracy: 1.0000 - val_auc: 0.0000e+00 - val_loss: 0.2456 - learning_rate: 5.0000e-05
Epoch 15/100
1/1 - 0s - 205ms/step - accuracy: 0.7262 - auc: 0.8122 - loss: 0.5392 - val_accuracy: 1.0000 - val_auc: 0.0000e+00 - val_loss: 0.2494 - learning_rate: 5.0000e-05
Epoch 16/100
1/1 - 0s - 207ms/step - accuracy: 0.7262 - auc: 0.8430 - loss: 0.5209 - val_accuracy: 1.0000 - val_auc: 0.0000e+00 - val_loss: 0.2517 - learning_rate: 5.0000e-05
Epoch 17/100
1/1 - 0s - 204ms/step - accuracy: 0.7738 - auc: 0.8080 - loss: 0.5388 - val_accuracy: 1.0000 - val_auc: 0.0000e+00 - val_loss: 0.2527 - learning_rate: 5.0000e-05
Epoch 18/100
1/1 - 0s - 204ms/step - accuracy: 0.8095 - auc: 0.8564 - loss: 0.4992 - val_accuracy: 1.0000 - val_auc: 0.0000e+00 - val_loss: 0.2524 - learning_rate: 5.0000e-05
Epoch 19/100
1/1 - 0s - 211ms/step - accuracy: 0.7500 - auc: 0.8010 - loss: 0.5395 - val_accuracy: 1.0000 - val_auc: 0.0000e+00 - val_loss: 0.2497 - learning_rate: 5.0000e-05
Epoch 20/100
1/1 - 0s - 216ms/step - accuracy: 0.7619 - auc: 0.8287 - loss: 0.5149 - val_accuracy: 1.0000 - val_auc: 0.0000e+00 - val_loss: 0.2452 - learning_rate: 5.0000e-05
Epoch 21/100
1/1 - 0s - 215ms/step - accuracy: 0.7619 - auc: 0.8314 - loss: 0.5081 - val_accuracy: 1.0000 - val_auc: 0.0000e+00 - val_loss: 0.2401 - learning_rate: 5.0000e-05

Fold metrics (affect_arousal):
  acc: 0.5455
  bal_acc: 0.4737
  precision: 0.5625
  recall: 0.9474
  f1: 0.7059
  mcc: -0.1517
  auc: 0.3647
Confusion matrix:
 [[ 0 14]
 [ 1 18]]
Classification report:
              precision    recall  f1-score   support

           0     0.0000    0.0000    0.0000        14
           1     0.5625    0.9474    0.7059        19

    accuracy                         0.5455        33
   macro avg     0.2812    0.4737    0.3529        33
weighted avg     0.3239    0.5455    0.4064        33


==============================
Fold 1 | LEFT OUT SESSIONS: [np.str_('d8d72365-c7fe-494a-8504-0b268331e66e'), np.str_('e58ee8e6-b15d-43a3-ac58-56c4fb11d86e'), np.str_('ed5a3e23-9e05-4bbc-a998-7d1403a54191'), np.str_('c1d73b99-82e6-47ff-b4a8-20ea634f7ca4'), np.str_('0deaeb12-dc13-4d16-878e-ec134b330bf6')]
==============================

--- Target: affect_valence ---
Train label counts:
affect_valence
4.0    25284
2.0    18777
Name: count, dtype: int64
Test label counts:
affect_valence
4.0    8758
2.0    5809
Name: count, dtype: int64
Epoch 1/100
1/1 - 2s - 2s/step - accuracy: 0.5119 - auc: 0.5108 - loss: 0.6961 - val_accuracy: 0.6667 - val_auc: 0.5400 - val_loss: 0.6752 - learning_rate: 1.0000e-04
Epoch 2/100
1/1 - 0s - 211ms/step - accuracy: 0.6190 - auc: 0.6764 - loss: 0.6665 - val_accuracy: 0.6667 - val_auc: 0.5000 - val_loss: 0.6600 - learning_rate: 1.0000e-04
Epoch 3/100
1/1 - 0s - 206ms/step - accuracy: 0.6548 - auc: 0.6716 - loss: 0.6605 - val_accuracy: 0.6667 - val_auc: 0.4700 - val_loss: 0.6521 - learning_rate: 1.0000e-04
Epoch 4/100
1/1 - 0s - 206ms/step - accuracy: 0.6548 - auc: 0.7249 - loss: 0.6519 - val_accuracy: 0.6667 - val_auc: 0.4800 - val_loss: 0.6487 - learning_rate: 1.0000e-04
Epoch 5/100
1/1 - 0s - 208ms/step - accuracy: 0.7143 - auc: 0.7791 - loss: 0.6339 - val_accuracy: 0.6667 - val_auc: 0.4700 - val_loss: 0.6471 - learning_rate: 1.0000e-04
Epoch 6/100
1/1 - 0s - 207ms/step - accuracy: 0.7143 - auc: 0.8551 - loss: 0.6095 - val_accuracy: 0.6667 - val_auc: 0.4600 - val_loss: 0.6473 - learning_rate: 1.0000e-04
Epoch 7/100
1/1 - 0s - 208ms/step - accuracy: 0.6548 - auc: 0.7484 - loss: 0.6319 - val_accuracy: 0.6667 - val_auc: 0.4400 - val_loss: 0.6474 - learning_rate: 1.0000e-04
Epoch 8/100
1/1 - 0s - 211ms/step - accuracy: 0.7500 - auc: 0.8029 - loss: 0.6134 - val_accuracy: 0.6667 - val_auc: 0.4200 - val_loss: 0.6482 - learning_rate: 1.0000e-04
Epoch 9/100
1/1 - 0s - 206ms/step - accuracy: 0.7143 - auc: 0.8097 - loss: 0.6090 - val_accuracy: 0.6667 - val_auc: 0.4200 - val_loss: 0.6491 - learning_rate: 1.0000e-04
Epoch 10/100
1/1 - 0s - 210ms/step - accuracy: 0.7619 - auc: 0.8313 - loss: 0.5860 - val_accuracy: 0.6667 - val_auc: 0.4200 - val_loss: 0.6489 - learning_rate: 1.0000e-04
Epoch 11/100
1/1 - 0s - 205ms/step - accuracy: 0.7619 - auc: 0.8162 - loss: 0.5871 - val_accuracy: 0.6667 - val_auc: 0.4300 - val_loss: 0.6479 - learning_rate: 1.0000e-04
Epoch 12/100
1/1 - 0s - 205ms/step - accuracy: 0.7619 - auc: 0.8347 - loss: 0.5770 - val_accuracy: 0.6667 - val_auc: 0.4300 - val_loss: 0.6474 - learning_rate: 5.0000e-05
Epoch 13/100
1/1 - 0s - 210ms/step - accuracy: 0.7381 - auc: 0.8298 - loss: 0.5693 - val_accuracy: 0.6667 - val_auc: 0.4400 - val_loss: 0.6469 - learning_rate: 5.0000e-05
Epoch 14/100
1/1 - 0s - 217ms/step - accuracy: 0.7738 - auc: 0.8607 - loss: 0.5593 - val_accuracy: 0.6667 - val_auc: 0.4500 - val_loss: 0.6466 - learning_rate: 5.0000e-05
Epoch 15/100
1/1 - 0s - 214ms/step - accuracy: 0.7976 - auc: 0.8729 - loss: 0.5474 - val_accuracy: 0.6667 - val_auc: 0.4500 - val_loss: 0.6464 - learning_rate: 5.0000e-05
Epoch 16/100
1/1 - 0s - 209ms/step - accuracy: 0.7976 - auc: 0.8741 - loss: 0.5359 - val_accuracy: 0.6667 - val_auc: 0.4600 - val_loss: 0.6464 - learning_rate: 5.0000e-05
Epoch 17/100
1/1 - 0s - 213ms/step - accuracy: 0.7738 - auc: 0.8642 - loss: 0.5323 - val_accuracy: 0.6667 - val_auc: 0.4400 - val_loss: 0.6468 - learning_rate: 5.0000e-05
Epoch 18/100
1/1 - 0s - 214ms/step - accuracy: 0.7738 - auc: 0.8846 - loss: 0.5247 - val_accuracy: 0.6667 - val_auc: 0.4500 - val_loss: 0.6478 - learning_rate: 5.0000e-05
Epoch 19/100
1/1 - 0s - 206ms/step - accuracy: 0.8095 - auc: 0.8871 - loss: 0.5124 - val_accuracy: 0.6667 - val_auc: 0.4400 - val_loss: 0.6495 - learning_rate: 5.0000e-05
Epoch 20/100
1/1 - 0s - 220ms/step - accuracy: 0.7857 - auc: 0.8880 - loss: 0.5059 - val_accuracy: 0.6667 - val_auc: 0.4400 - val_loss: 0.6521 - learning_rate: 5.0000e-05
Epoch 21/100
1/1 - 0s - 221ms/step - accuracy: 0.7619 - auc: 0.8749 - loss: 0.5094 - val_accuracy: 0.6667 - val_auc: 0.4400 - val_loss: 0.6553 - learning_rate: 5.0000e-05

Fold metrics (affect_valence):
  acc: 0.3636
  bal_acc: 0.3534
  precision: 0.4444
  recall: 0.4211
  f1: 0.4324
  mcc: -0.2911
  auc: 0.4286
Confusion matrix:
 [[ 4 10]
 [11  8]]
Classification report:
              precision    recall  f1-score   support

           0     0.2667    0.2857    0.2759        14
           1     0.4444    0.4211    0.4324        19

    accuracy                         0.3636        33
   macro avg     0.3556    0.3534    0.3541        33
weighted avg     0.3690    0.3636    0.3660        33


--- Target: affect_arousal ---
Train label counts:
affect_arousal
4.0    26641
2.0    17420
Name: count, dtype: int64
Test label counts:
affect_arousal
4.0    10728
2.0     3839
Name: count, dtype: int64
Epoch 1/100
1/1 - 2s - 2s/step - accuracy: 0.4524 - auc: 0.4774 - loss: 0.7171 - val_accuracy: 0.9333 - val_auc: 0.5714 - val_loss: 0.6103 - learning_rate: 1.0000e-04
Epoch 2/100
1/1 - 0s - 219ms/step - accuracy: 0.5476 - auc: 0.4931 - loss: 0.7039 - val_accuracy: 0.9333 - val_auc: 0.6786 - val_loss: 0.5258 - learning_rate: 1.0000e-04
Epoch 3/100
1/1 - 0s - 210ms/step - accuracy: 0.5952 - auc: 0.6267 - loss: 0.6691 - val_accuracy: 0.9333 - val_auc: 0.5000 - val_loss: 0.4708 - learning_rate: 1.0000e-04
Epoch 4/100
1/1 - 0s - 211ms/step - accuracy: 0.5952 - auc: 0.6832 - loss: 0.6488 - val_accuracy: 0.9333 - val_auc: 0.4643 - val_loss: 0.4409 - learning_rate: 1.0000e-04
Epoch 5/100
1/1 - 0s - 213ms/step - accuracy: 0.5833 - auc: 0.6722 - loss: 0.6597 - val_accuracy: 0.9333 - val_auc: 0.4643 - val_loss: 0.4280 - learning_rate: 1.0000e-04
Epoch 6/100
1/1 - 0s - 207ms/step - accuracy: 0.5833 - auc: 0.5961 - loss: 0.6752 - val_accuracy: 0.9333 - val_auc: 0.3929 - val_loss: 0.4274 - learning_rate: 1.0000e-04
Epoch 7/100
1/1 - 0s - 209ms/step - accuracy: 0.6190 - auc: 0.7717 - loss: 0.6193 - val_accuracy: 0.9333 - val_auc: 0.3214 - val_loss: 0.4321 - learning_rate: 1.0000e-04
Epoch 8/100
1/1 - 0s - 208ms/step - accuracy: 0.6548 - auc: 0.7873 - loss: 0.6042 - val_accuracy: 0.9333 - val_auc: 0.2857 - val_loss: 0.4444 - learning_rate: 1.0000e-04
Epoch 9/100
1/1 - 0s - 210ms/step - accuracy: 0.6548 - auc: 0.7627 - loss: 0.6131 - val_accuracy: 0.9333 - val_auc: 0.2500 - val_loss: 0.4599 - learning_rate: 1.0000e-04
Epoch 10/100
1/1 - 0s - 208ms/step - accuracy: 0.7381 - auc: 0.8255 - loss: 0.5795 - val_accuracy: 0.9333 - val_auc: 0.2500 - val_loss: 0.4753 - learning_rate: 1.0000e-04
Epoch 11/100
1/1 - 0s - 218ms/step - accuracy: 0.7024 - auc: 0.7645 - loss: 0.6083 - val_accuracy: 0.9333 - val_auc: 0.2857 - val_loss: 0.4928 - learning_rate: 1.0000e-04
Epoch 12/100
1/1 - 0s - 220ms/step - accuracy: 0.6786 - auc: 0.7691 - loss: 0.5971 - val_accuracy: 0.9333 - val_auc: 0.2500 - val_loss: 0.4992 - learning_rate: 5.0000e-05
Epoch 13/100
1/1 - 0s - 218ms/step - accuracy: 0.7500 - auc: 0.8220 - loss: 0.5656 - val_accuracy: 0.9333 - val_auc: 0.2857 - val_loss: 0.5057 - learning_rate: 5.0000e-05
Epoch 14/100
1/1 - 0s - 216ms/step - accuracy: 0.7143 - auc: 0.8247 - loss: 0.5697 - val_accuracy: 0.9333 - val_auc: 0.2857 - val_loss: 0.5106 - learning_rate: 5.0000e-05
Epoch 15/100
1/1 - 0s - 220ms/step - accuracy: 0.7619 - auc: 0.7798 - loss: 0.5876 - val_accuracy: 0.9333 - val_auc: 0.2857 - val_loss: 0.5144 - learning_rate: 5.0000e-05
Epoch 16/100
1/1 - 0s - 213ms/step - accuracy: 0.7024 - auc: 0.7847 - loss: 0.5753 - val_accuracy: 0.9333 - val_auc: 0.2500 - val_loss: 0.5148 - learning_rate: 5.0000e-05
Epoch 17/100
1/1 - 0s - 211ms/step - accuracy: 0.7381 - auc: 0.7957 - loss: 0.5701 - val_accuracy: 0.9333 - val_auc: 0.2857 - val_loss: 0.5138 - learning_rate: 5.0000e-05
Epoch 18/100
1/1 - 0s - 207ms/step - accuracy: 0.7262 - auc: 0.7951 - loss: 0.5726 - val_accuracy: 0.9333 - val_auc: 0.2500 - val_loss: 0.5097 - learning_rate: 5.0000e-05
Epoch 19/100
1/1 - 0s - 218ms/step - accuracy: 0.7381 - auc: 0.8197 - loss: 0.5457 - val_accuracy: 0.9333 - val_auc: 0.2857 - val_loss: 0.5034 - learning_rate: 5.0000e-05
Epoch 20/100
1/1 - 0s - 218ms/step - accuracy: 0.7619 - auc: 0.8319 - loss: 0.5357 - val_accuracy: 0.9333 - val_auc: 0.3214 - val_loss: 0.4952 - learning_rate: 5.0000e-05
Epoch 21/100
1/1 - 0s - 208ms/step - accuracy: 0.7619 - auc: 0.8163 - loss: 0.5478 - val_accuracy: 0.9333 - val_auc: 0.3571 - val_loss: 0.4863 - learning_rate: 5.0000e-05

Fold metrics (affect_arousal):
  acc: 0.6970
  bal_acc: 0.5875
  precision: 0.8000
  recall: 0.8000
  f1: 0.8000
  mcc: 0.1750
  auc: 0.6100
Confusion matrix:
 [[ 3  5]
 [ 5 20]]
Classification report:
              precision    recall  f1-score   support

           0     0.3750    0.3750    0.3750         8
           1     0.8000    0.8000    0.8000        25

    accuracy                         0.6970        33
   macro avg     0.5875    0.5875    0.5875        33
weighted avg     0.6970    0.6970    0.6970        33


==============================
Fold 2 | LEFT OUT SESSIONS: [np.str_('96f6a467-9ef5-4c1d-a1f2-e219137a7ac1'), np.str_('cd30d8fb-98e0-4379-954f-0bf9b2b76e76'), np.str_('fbaf41fe-0895-4dc9-988a-59eb3effa7be'), np.str_('cc79c8ee-48e4-4d7b-8dc0-54ed771a05c7'), np.str_('b8175a99-c266-447b-bffa-b0490a5c337f')]
==============================

--- Target: affect_valence ---
Train label counts:
affect_valence
4.0    27900
2.0    15935
Name: count, dtype: int64
Test label counts:
affect_valence
2.0    8651
4.0    6142
Name: count, dtype: int64
Epoch 1/100
1/1 - 2s - 2s/step - accuracy: 0.5476 - auc: 0.5855 - loss: 0.6896 - val_accuracy: 0.7333 - val_auc: 0.6923 - val_loss: 0.6424 - learning_rate: 1.0000e-04
Epoch 2/100
1/1 - 0s - 212ms/step - accuracy: 0.6071 - auc: 0.5712 - loss: 0.6836 - val_accuracy: 0.8667 - val_auc: 0.7308 - val_loss: 0.5918 - learning_rate: 1.0000e-04
Epoch 3/100
1/1 - 0s - 204ms/step - accuracy: 0.5952 - auc: 0.5841 - loss: 0.6812 - val_accuracy: 0.8667 - val_auc: 0.7115 - val_loss: 0.5549 - learning_rate: 1.0000e-04
Epoch 4/100
1/1 - 0s - 207ms/step - accuracy: 0.5952 - auc: 0.6430 - loss: 0.6632 - val_accuracy: 0.8667 - val_auc: 0.7692 - val_loss: 0.5332 - learning_rate: 1.0000e-04
Epoch 5/100
1/1 - 0s - 208ms/step - accuracy: 0.5476 - auc: 0.7005 - loss: 0.6586 - val_accuracy: 0.8667 - val_auc: 0.7692 - val_loss: 0.5224 - learning_rate: 1.0000e-04
Epoch 6/100
1/1 - 0s - 207ms/step - accuracy: 0.6310 - auc: 0.7992 - loss: 0.6230 - val_accuracy: 0.8667 - val_auc: 0.7500 - val_loss: 0.5192 - learning_rate: 1.0000e-04
Epoch 7/100
1/1 - 0s - 209ms/step - accuracy: 0.6310 - auc: 0.7549 - loss: 0.6273 - val_accuracy: 0.8667 - val_auc: 0.7115 - val_loss: 0.5191 - learning_rate: 1.0000e-04
Epoch 8/100
1/1 - 0s - 207ms/step - accuracy: 0.6548 - auc: 0.7114 - loss: 0.6370 - val_accuracy: 0.8667 - val_auc: 0.6923 - val_loss: 0.5231 - learning_rate: 1.0000e-04
Epoch 9/100
1/1 - 0s - 206ms/step - accuracy: 0.6786 - auc: 0.7697 - loss: 0.6137 - val_accuracy: 0.8667 - val_auc: 0.6923 - val_loss: 0.5275 - learning_rate: 1.0000e-04
Epoch 10/100
1/1 - 0s - 204ms/step - accuracy: 0.7262 - auc: 0.7812 - loss: 0.6009 - val_accuracy: 0.8667 - val_auc: 0.6731 - val_loss: 0.5306 - learning_rate: 1.0000e-04
Epoch 11/100
1/1 - 0s - 209ms/step - accuracy: 0.7500 - auc: 0.7829 - loss: 0.6013 - val_accuracy: 0.8667 - val_auc: 0.6731 - val_loss: 0.5315 - learning_rate: 1.0000e-04
Epoch 12/100
1/1 - 0s - 205ms/step - accuracy: 0.6905 - auc: 0.7509 - loss: 0.6058 - val_accuracy: 0.8667 - val_auc: 0.6538 - val_loss: 0.5268 - learning_rate: 1.0000e-04
Epoch 13/100
1/1 - 0s - 212ms/step - accuracy: 0.7024 - auc: 0.8001 - loss: 0.5879 - val_accuracy: 0.8667 - val_auc: 0.6538 - val_loss: 0.5228 - learning_rate: 5.0000e-05
Epoch 14/100
1/1 - 0s - 222ms/step - accuracy: 0.7262 - auc: 0.7537 - loss: 0.6011 - val_accuracy: 0.8667 - val_auc: 0.6538 - val_loss: 0.5191 - learning_rate: 5.0000e-05
Epoch 15/100
1/1 - 0s - 222ms/step - accuracy: 0.7619 - auc: 0.8390 - loss: 0.5576 - val_accuracy: 0.8667 - val_auc: 0.6538 - val_loss: 0.5128 - learning_rate: 5.0000e-05
Epoch 16/100
1/1 - 0s - 209ms/step - accuracy: 0.7619 - auc: 0.8106 - loss: 0.5742 - val_accuracy: 0.8667 - val_auc: 0.6538 - val_loss: 0.5055 - learning_rate: 5.0000e-05
Epoch 17/100
1/1 - 0s - 207ms/step - accuracy: 0.7143 - auc: 0.7978 - loss: 0.5790 - val_accuracy: 0.8667 - val_auc: 0.6538 - val_loss: 0.4969 - learning_rate: 5.0000e-05
Epoch 18/100
1/1 - 0s - 216ms/step - accuracy: 0.7381 - auc: 0.8249 - loss: 0.5634 - val_accuracy: 0.8667 - val_auc: 0.6538 - val_loss: 0.4887 - learning_rate: 5.0000e-05
Epoch 19/100
1/1 - 0s - 216ms/step - accuracy: 0.7262 - auc: 0.7846 - loss: 0.5705 - val_accuracy: 0.8667 - val_auc: 0.6538 - val_loss: 0.4811 - learning_rate: 5.0000e-05
Epoch 20/100
1/1 - 0s - 216ms/step - accuracy: 0.7500 - auc: 0.8381 - loss: 0.5473 - val_accuracy: 0.8667 - val_auc: 0.6538 - val_loss: 0.4759 - learning_rate: 5.0000e-05
Epoch 21/100
1/1 - 0s - 217ms/step - accuracy: 0.7143 - auc: 0.8069 - loss: 0.5586 - val_accuracy: 0.8667 - val_auc: 0.6538 - val_loss: 0.4716 - learning_rate: 5.0000e-05
Epoch 22/100
1/1 - 0s - 228ms/step - accuracy: 0.7500 - auc: 0.7780 - loss: 0.5720 - val_accuracy: 0.8667 - val_auc: 0.6538 - val_loss: 0.4684 - learning_rate: 5.0000e-05

Fold metrics (affect_valence):
  acc: 0.3333
  bal_acc: 0.4231
  precision: 0.3548
  recall: 0.8462
  f1: 0.5000
  mcc: -0.3150
  auc: 0.5846
Confusion matrix:
 [[ 0 20]
 [ 2 11]]
Classification report:
              precision    recall  f1-score   support

           0     0.0000    0.0000    0.0000        20
           1     0.3548    0.8462    0.5000        13

    accuracy                         0.3333        33
   macro avg     0.1774    0.4231    0.2500        33
weighted avg     0.1398    0.3333    0.1970        33


--- Target: affect_arousal ---
Train label counts:
affect_arousal
4.0    26606
2.0    17229
Name: count, dtype: int64
Test label counts:
affect_arousal
4.0    10763
2.0     4030
Name: count, dtype: int64
Epoch 1/100
1/1 - 2s - 2s/step - accuracy: 0.4405 - auc: 0.4516 - loss: 0.7126 - val_accuracy: 0.9333 - val_auc: 0.1429 - val_loss: 0.6139 - learning_rate: 1.0000e-04
Epoch 2/100
1/1 - 0s - 218ms/step - accuracy: 0.5595 - auc: 0.5886 - loss: 0.6761 - val_accuracy: 0.9333 - val_auc: 0.1786 - val_loss: 0.5321 - learning_rate: 1.0000e-04
Epoch 3/100
1/1 - 0s - 211ms/step - accuracy: 0.5833 - auc: 0.5679 - loss: 0.6705 - val_accuracy: 0.9333 - val_auc: 0.2143 - val_loss: 0.4792 - learning_rate: 1.0000e-04
Epoch 4/100
1/1 - 0s - 209ms/step - accuracy: 0.6310 - auc: 0.6662 - loss: 0.6489 - val_accuracy: 0.9333 - val_auc: 0.1786 - val_loss: 0.4502 - learning_rate: 1.0000e-04
Epoch 5/100
1/1 - 0s - 213ms/step - accuracy: 0.6190 - auc: 0.6137 - loss: 0.6644 - val_accuracy: 0.9333 - val_auc: 0.1786 - val_loss: 0.4381 - learning_rate: 1.0000e-04
Epoch 6/100
1/1 - 0s - 212ms/step - accuracy: 0.6310 - auc: 0.6980 - loss: 0.6436 - val_accuracy: 0.9333 - val_auc: 0.0714 - val_loss: 0.4370 - learning_rate: 1.0000e-04
Epoch 7/100
1/1 - 0s - 215ms/step - accuracy: 0.6190 - auc: 0.6691 - loss: 0.6508 - val_accuracy: 0.9333 - val_auc: 0.0714 - val_loss: 0.4431 - learning_rate: 1.0000e-04
Epoch 8/100
1/1 - 0s - 212ms/step - accuracy: 0.6429 - auc: 0.7312 - loss: 0.6267 - val_accuracy: 0.9333 - val_auc: 0.1786 - val_loss: 0.4567 - learning_rate: 1.0000e-04
Epoch 9/100
1/1 - 0s - 207ms/step - accuracy: 0.6190 - auc: 0.7233 - loss: 0.6255 - val_accuracy: 0.9333 - val_auc: 0.1786 - val_loss: 0.4763 - learning_rate: 1.0000e-04
Epoch 10/100
1/1 - 0s - 214ms/step - accuracy: 0.6429 - auc: 0.7385 - loss: 0.6134 - val_accuracy: 0.9333 - val_auc: 0.1429 - val_loss: 0.4977 - learning_rate: 1.0000e-04
Epoch 11/100
1/1 - 0s - 223ms/step - accuracy: 0.6429 - auc: 0.7857 - loss: 0.5919 - val_accuracy: 0.9333 - val_auc: 0.1786 - val_loss: 0.5210 - learning_rate: 1.0000e-04
Epoch 12/100
1/1 - 0s - 219ms/step - accuracy: 0.6786 - auc: 0.7557 - loss: 0.5981 - val_accuracy: 0.8667 - val_auc: 0.1786 - val_loss: 0.5323 - learning_rate: 5.0000e-05
Epoch 13/100
1/1 - 0s - 209ms/step - accuracy: 0.6667 - auc: 0.7886 - loss: 0.5863 - val_accuracy: 0.8667 - val_auc: 0.1786 - val_loss: 0.5428 - learning_rate: 5.0000e-05
Epoch 14/100
1/1 - 0s - 205ms/step - accuracy: 0.6786 - auc: 0.7883 - loss: 0.5814 - val_accuracy: 0.8667 - val_auc: 0.1786 - val_loss: 0.5513 - learning_rate: 5.0000e-05
Epoch 15/100
1/1 - 0s - 211ms/step - accuracy: 0.6667 - auc: 0.7382 - loss: 0.5985 - val_accuracy: 0.8667 - val_auc: 0.1429 - val_loss: 0.5575 - learning_rate: 5.0000e-05
Epoch 16/100
1/1 - 0s - 220ms/step - accuracy: 0.7262 - auc: 0.8134 - loss: 0.5695 - val_accuracy: 0.8667 - val_auc: 0.1429 - val_loss: 0.5608 - learning_rate: 5.0000e-05
Epoch 17/100
1/1 - 0s - 217ms/step - accuracy: 0.6548 - auc: 0.7918 - loss: 0.5860 - val_accuracy: 0.8667 - val_auc: 0.1786 - val_loss: 0.5616 - learning_rate: 5.0000e-05
Epoch 18/100
1/1 - 0s - 218ms/step - accuracy: 0.7381 - auc: 0.8224 - loss: 0.5538 - val_accuracy: 0.8667 - val_auc: 0.1786 - val_loss: 0.5609 - learning_rate: 5.0000e-05
Epoch 19/100
1/1 - 0s - 214ms/step - accuracy: 0.7500 - auc: 0.8026 - loss: 0.5713 - val_accuracy: 0.8667 - val_auc: 0.1786 - val_loss: 0.5576 - learning_rate: 5.0000e-05
Epoch 20/100
1/1 - 0s - 216ms/step - accuracy: 0.7262 - auc: 0.8216 - loss: 0.5691 - val_accuracy: 0.8667 - val_auc: 0.1429 - val_loss: 0.5523 - learning_rate: 5.0000e-05
Epoch 21/100
1/1 - 0s - 216ms/step - accuracy: 0.6786 - auc: 0.7828 - loss: 0.5775 - val_accuracy: 0.8667 - val_auc: 0.1786 - val_loss: 0.5470 - learning_rate: 5.0000e-05

Fold metrics (affect_arousal):
  acc: 0.7273
  bal_acc: 0.5694
  precision: 0.7586
  recall: 0.9167
  f1: 0.8302
  mcc: 0.1895
  auc: 0.7361
Confusion matrix:
 [[ 2  7]
 [ 2 22]]
Classification report:
              precision    recall  f1-score   support

           0     0.5000    0.2222    0.3077         9
           1     0.7586    0.9167    0.8302        24

    accuracy                         0.7273        33
   macro avg     0.6293    0.5694    0.5689        33
weighted avg     0.6881    0.7273    0.6877        33


==============================
Fold 3 | LEFT OUT SESSIONS: [np.str_('ca488455-71e2-4298-ac54-abb022fdd720'), np.str_('9f0f8a7a-edd9-4d35-bba4-72029cd2ec56'), np.str_('47dc2ddb-2356-4f11-9143-6a42e93ed3ca'), np.str_('4c9623ea-ce9b-455d-97c8-e8d87ef7eaad'), np.str_('9ad396af-4129-4092-a06d-e4080ca1df0b')]
==============================

--- Target: affect_valence ---
Train label counts:
affect_valence
4.0    26367
2.0    17801
Name: count, dtype: int64
Test label counts:
affect_valence
4.0    7675
2.0    6785
Name: count, dtype: int64
Epoch 1/100
1/1 - 2s - 2s/step - accuracy: 0.5357 - auc: 0.5521 - loss: 0.6928 - val_accuracy: 0.7333 - val_auc: 0.3864 - val_loss: 0.6674 - learning_rate: 1.0000e-04
Epoch 2/100
1/1 - 0s - 218ms/step - accuracy: 0.5595 - auc: 0.6464 - loss: 0.6711 - val_accuracy: 0.7333 - val_auc: 0.3068 - val_loss: 0.6431 - learning_rate: 1.0000e-04
Epoch 3/100
1/1 - 0s - 206ms/step - accuracy: 0.5357 - auc: 0.4775 - loss: 0.7004 - val_accuracy: 0.7333 - val_auc: 0.2727 - val_loss: 0.6303 - learning_rate: 1.0000e-04
Epoch 4/100
1/1 - 0s - 211ms/step - accuracy: 0.5714 - auc: 0.6316 - loss: 0.6688 - val_accuracy: 0.7333 - val_auc: 0.2841 - val_loss: 0.6254 - learning_rate: 1.0000e-04
Epoch 5/100
1/1 - 0s - 211ms/step - accuracy: 0.6190 - auc: 0.7085 - loss: 0.6568 - val_accuracy: 0.7333 - val_auc: 0.2955 - val_loss: 0.6236 - learning_rate: 1.0000e-04
Epoch 6/100
1/1 - 0s - 203ms/step - accuracy: 0.6310 - auc: 0.7499 - loss: 0.6440 - val_accuracy: 0.7333 - val_auc: 0.3182 - val_loss: 0.6251 - learning_rate: 1.0000e-04
Epoch 7/100
1/1 - 0s - 204ms/step - accuracy: 0.6548 - auc: 0.7157 - loss: 0.6423 - val_accuracy: 0.7333 - val_auc: 0.3182 - val_loss: 0.6272 - learning_rate: 1.0000e-04
Epoch 8/100
1/1 - 0s - 208ms/step - accuracy: 0.6429 - auc: 0.6832 - loss: 0.6503 - val_accuracy: 0.7333 - val_auc: 0.3182 - val_loss: 0.6296 - learning_rate: 1.0000e-04
Epoch 9/100
1/1 - 0s - 212ms/step - accuracy: 0.6190 - auc: 0.7419 - loss: 0.6282 - val_accuracy: 0.7333 - val_auc: 0.3068 - val_loss: 0.6322 - learning_rate: 1.0000e-04
Epoch 10/100
1/1 - 0s - 207ms/step - accuracy: 0.7024 - auc: 0.7587 - loss: 0.6237 - val_accuracy: 0.7333 - val_auc: 0.2955 - val_loss: 0.6353 - learning_rate: 1.0000e-04
Epoch 11/100
1/1 - 0s - 218ms/step - accuracy: 0.7143 - auc: 0.7934 - loss: 0.5998 - val_accuracy: 0.7333 - val_auc: 0.2614 - val_loss: 0.6370 - learning_rate: 1.0000e-04
Epoch 12/100
1/1 - 0s - 213ms/step - accuracy: 0.7143 - auc: 0.7425 - loss: 0.6263 - val_accuracy: 0.7333 - val_auc: 0.2727 - val_loss: 0.6377 - learning_rate: 5.0000e-05
Epoch 13/100
1/1 - 0s - 205ms/step - accuracy: 0.7024 - auc: 0.7900 - loss: 0.6020 - val_accuracy: 0.7333 - val_auc: 0.2500 - val_loss: 0.6383 - learning_rate: 5.0000e-05
Epoch 14/100
1/1 - 0s - 205ms/step - accuracy: 0.6667 - auc: 0.7433 - loss: 0.6172 - val_accuracy: 0.7333 - val_auc: 0.2386 - val_loss: 0.6386 - learning_rate: 5.0000e-05
Epoch 15/100
1/1 - 0s - 202ms/step - accuracy: 0.6786 - auc: 0.7772 - loss: 0.5954 - val_accuracy: 0.7333 - val_auc: 0.2273 - val_loss: 0.6386 - learning_rate: 5.0000e-05
Epoch 16/100
1/1 - 0s - 206ms/step - accuracy: 0.6905 - auc: 0.7789 - loss: 0.5964 - val_accuracy: 0.7333 - val_auc: 0.2273 - val_loss: 0.6381 - learning_rate: 5.0000e-05
Epoch 17/100
1/1 - 0s - 202ms/step - accuracy: 0.7143 - auc: 0.7889 - loss: 0.5954 - val_accuracy: 0.7333 - val_auc: 0.2273 - val_loss: 0.6373 - learning_rate: 5.0000e-05
Epoch 18/100
1/1 - 0s - 202ms/step - accuracy: 0.7738 - auc: 0.8108 - loss: 0.5851 - val_accuracy: 0.7333 - val_auc: 0.2386 - val_loss: 0.6366 - learning_rate: 5.0000e-05
Epoch 19/100
1/1 - 0s - 202ms/step - accuracy: 0.6786 - auc: 0.8020 - loss: 0.5924 - val_accuracy: 0.7333 - val_auc: 0.2273 - val_loss: 0.6360 - learning_rate: 5.0000e-05
Epoch 20/100
1/1 - 0s - 203ms/step - accuracy: 0.7381 - auc: 0.8134 - loss: 0.5774 - val_accuracy: 0.7333 - val_auc: 0.2273 - val_loss: 0.6352 - learning_rate: 5.0000e-05
Epoch 21/100
1/1 - 0s - 203ms/step - accuracy: 0.7143 - auc: 0.7803 - loss: 0.5906 - val_accuracy: 0.7333 - val_auc: 0.2273 - val_loss: 0.6347 - learning_rate: 5.0000e-05

Fold metrics (affect_valence):
  acc: 0.5758
  bal_acc: 0.5790
  precision: 0.5500
  recall: 0.6875
  f1: 0.6111
  mcc: 0.1617
  auc: 0.6875
Confusion matrix:
 [[ 8  9]
 [ 5 11]]
Classification report:
              precision    recall  f1-score   support

           0     0.6154    0.4706    0.5333        17
           1     0.5500    0.6875    0.6111        16

    accuracy                         0.5758        33
   macro avg     0.5827    0.5790    0.5722        33
weighted avg     0.5837    0.5758    0.5710        33


--- Target: affect_arousal ---
Train label counts:
affect_arousal
4.0    29630
2.0    14538
Name: count, dtype: int64
Test label counts:
affect_arousal
4.0    7739
2.0    6721
Name: count, dtype: int64
Epoch 1/100
1/1 - 2s - 2s/step - accuracy: 0.4524 - auc: 0.5259 - loss: 0.7124 - val_accuracy: 0.9333 - val_auc: 0.5000 - val_loss: 0.5979 - learning_rate: 1.0000e-04
Epoch 2/100
1/1 - 0s - 209ms/step - accuracy: 0.6071 - auc: 0.5694 - loss: 0.6738 - val_accuracy: 0.9333 - val_auc: 0.3571 - val_loss: 0.5070 - learning_rate: 1.0000e-04
Epoch 3/100
1/1 - 0s - 204ms/step - accuracy: 0.6667 - auc: 0.5867 - loss: 0.6470 - val_accuracy: 0.9333 - val_auc: 0.2500 - val_loss: 0.4457 - learning_rate: 1.0000e-04
Epoch 4/100
1/1 - 0s - 208ms/step - accuracy: 0.6429 - auc: 0.5861 - loss: 0.6402 - val_accuracy: 0.9333 - val_auc: 0.2143 - val_loss: 0.4087 - learning_rate: 1.0000e-04
Epoch 5/100
1/1 - 0s - 211ms/step - accuracy: 0.6548 - auc: 0.6694 - loss: 0.6257 - val_accuracy: 0.9333 - val_auc: 0.2143 - val_loss: 0.3905 - learning_rate: 1.0000e-04
Epoch 6/100
1/1 - 0s - 210ms/step - accuracy: 0.6429 - auc: 0.5627 - loss: 0.6568 - val_accuracy: 0.9333 - val_auc: 0.1786 - val_loss: 0.3869 - learning_rate: 1.0000e-04
Epoch 7/100
1/1 - 0s - 210ms/step - accuracy: 0.6429 - auc: 0.6938 - loss: 0.6199 - val_accuracy: 0.9333 - val_auc: 0.1071 - val_loss: 0.3912 - learning_rate: 1.0000e-04
Epoch 8/100
1/1 - 0s - 206ms/step - accuracy: 0.6310 - auc: 0.6336 - loss: 0.6399 - val_accuracy: 0.9333 - val_auc: 0.0714 - val_loss: 0.4031 - learning_rate: 1.0000e-04
Epoch 9/100
1/1 - 0s - 215ms/step - accuracy: 0.6310 - auc: 0.7225 - loss: 0.6175 - val_accuracy: 0.9333 - val_auc: 0.0714 - val_loss: 0.4207 - learning_rate: 1.0000e-04
Epoch 10/100
1/1 - 0s - 213ms/step - accuracy: 0.6548 - auc: 0.7515 - loss: 0.5915 - val_accuracy: 0.9333 - val_auc: 0.0714 - val_loss: 0.4420 - learning_rate: 1.0000e-04
Epoch 11/100
1/1 - 0s - 215ms/step - accuracy: 0.6667 - auc: 0.7269 - loss: 0.6028 - val_accuracy: 0.9333 - val_auc: 0.0714 - val_loss: 0.4668 - learning_rate: 1.0000e-04
Epoch 12/100
1/1 - 0s - 217ms/step - accuracy: 0.6548 - auc: 0.7769 - loss: 0.5887 - val_accuracy: 0.9333 - val_auc: 0.0714 - val_loss: 0.4799 - learning_rate: 5.0000e-05
Epoch 13/100
1/1 - 0s - 220ms/step - accuracy: 0.6905 - auc: 0.7815 - loss: 0.5704 - val_accuracy: 0.9333 - val_auc: 0.0714 - val_loss: 0.4937 - learning_rate: 5.0000e-05
Epoch 14/100
1/1 - 0s - 214ms/step - accuracy: 0.6310 - auc: 0.7676 - loss: 0.5881 - val_accuracy: 0.9333 - val_auc: 0.0714 - val_loss: 0.5075 - learning_rate: 5.0000e-05
Epoch 15/100
1/1 - 0s - 221ms/step - accuracy: 0.7143 - auc: 0.7957 - loss: 0.5661 - val_accuracy: 0.9333 - val_auc: 0.0714 - val_loss: 0.5199 - learning_rate: 5.0000e-05
Epoch 16/100
1/1 - 0s - 220ms/step - accuracy: 0.7024 - auc: 0.7346 - loss: 0.5920 - val_accuracy: 0.9333 - val_auc: 0.0714 - val_loss: 0.5313 - learning_rate: 5.0000e-05
Epoch 17/100
1/1 - 0s - 208ms/step - accuracy: 0.6667 - auc: 0.7670 - loss: 0.5826 - val_accuracy: 0.9333 - val_auc: 0.0714 - val_loss: 0.5409 - learning_rate: 5.0000e-05
Epoch 18/100
1/1 - 0s - 221ms/step - accuracy: 0.7024 - auc: 0.8046 - loss: 0.5589 - val_accuracy: 0.9333 - val_auc: 0.0714 - val_loss: 0.5491 - learning_rate: 5.0000e-05
Epoch 19/100
1/1 - 0s - 226ms/step - accuracy: 0.7262 - auc: 0.8370 - loss: 0.5464 - val_accuracy: 0.9333 - val_auc: 0.0714 - val_loss: 0.5553 - learning_rate: 5.0000e-05
Epoch 20/100
1/1 - 0s - 217ms/step - accuracy: 0.7143 - auc: 0.7898 - loss: 0.5639 - val_accuracy: 0.9333 - val_auc: 0.0714 - val_loss: 0.5590 - learning_rate: 5.0000e-05
Epoch 21/100
1/1 - 0s - 222ms/step - accuracy: 0.7381 - auc: 0.7858 - loss: 0.5650 - val_accuracy: 0.8667 - val_auc: 0.0714 - val_loss: 0.5605 - learning_rate: 5.0000e-05

Fold metrics (affect_arousal):
  acc: 0.5455
  bal_acc: 0.4925
  precision: 0.5714
  recall: 0.8421
  f1: 0.6809
  mcc: -0.0207
  auc: 0.7105
Confusion matrix:
 [[ 2 12]
 [ 3 16]]
Classification report:
              precision    recall  f1-score   support

           0     0.4000    0.1429    0.2105        14
           1     0.5714    0.8421    0.6809        19

    accuracy                         0.5455        33
   macro avg     0.4857    0.4925    0.4457        33
weighted avg     0.4987    0.5455    0.4813        33


=============================================
HP SUMMARY: lr=0.0001, epochs=100, units=512, batch=256, patience=20, fixed_T=1200
Optimizing combined mean of metric: acc
Combo runtime: 1.0 minutes
  Valence (mean/std):
    acc: 0.4545 (std=0.1071)
    bal_acc: 0.4413 (std=0.0837)
    precision: 0.5073 (std=0.1213)
    recall: 0.6658 (std=0.1539)
    f1: 0.5594 (std=0.1005)
    mcc: -0.1580 (std=0.1907)
    auc: 0.5398 (std=0.1035)
  Arousal (mean/std):
    acc: 0.6288 (std=0.0840)
    bal_acc: 0.5308 (std=0.0486)
    precision: 0.6731 (std=0.1072)
    recall: 0.8765 (std=0.0585)
    f1: 0.7542 (std=0.0624)
    mcc: 0.0480 (std=0.1421)
    auc: 0.6053 (std=0.1467)
  Combined mean acc score = 0.5417
=============================================


#############################################
HP COMBO: lr=0.0001, epochs=100, units=512, batch=256, patience=20, fixed_T=2500
#############################################

==============================
Fold 0 | LEFT OUT SESSIONS: [np.str_('902f0696-60e6-48b2-a23d-c64d8116eb2a'), np.str_('cb55e9c5-de1f-4b23-891e-1fab91ecde5d'), np.str_('67ea0706-a879-4f3e-9ccb-eee88e55dc4d'), np.str_('1ac3973c-c080-42f8-a702-2842bfacdcee'), np.str_('133132cd-3fbf-47ba-9aae-904dd09ae86b')]
==============================

--- Target: affect_valence ---
Train label counts:
affect_valence
4.0    22575
2.0    21245
Name: count, dtype: int64
Test label counts:
affect_valence
4.0    11467
2.0     3341
Name: count, dtype: int64
Epoch 1/100
1/1 - 2s - 2s/step - accuracy: 0.5595 - auc: 0.5389 - loss: 0.6877 - val_accuracy: 0.3333 - val_auc: 0.6800 - val_loss: 0.7077 - learning_rate: 1.0000e-04
Epoch 2/100
1/1 - 0s - 352ms/step - accuracy: 0.5952 - auc: 0.6619 - loss: 0.6689 - val_accuracy: 0.3333 - val_auc: 0.6800 - val_loss: 0.7070 - learning_rate: 1.0000e-04
Epoch 3/100
1/1 - 0s - 346ms/step - accuracy: 0.5833 - auc: 0.6393 - loss: 0.6739 - val_accuracy: 0.4667 - val_auc: 0.6800 - val_loss: 0.6994 - learning_rate: 1.0000e-04
Epoch 4/100
1/1 - 0s - 342ms/step - accuracy: 0.6190 - auc: 0.6928 - loss: 0.6563 - val_accuracy: 0.6000 - val_auc: 0.6800 - val_loss: 0.6931 - learning_rate: 1.0000e-04
Epoch 5/100
1/1 - 0s - 341ms/step - accuracy: 0.6190 - auc: 0.6779 - loss: 0.6578 - val_accuracy: 0.6000 - val_auc: 0.6700 - val_loss: 0.6855 - learning_rate: 1.0000e-04
Epoch 6/100
1/1 - 0s - 340ms/step - accuracy: 0.5952 - auc: 0.6782 - loss: 0.6507 - val_accuracy: 0.6000 - val_auc: 0.6700 - val_loss: 0.6787 - learning_rate: 1.0000e-04
Epoch 7/100
1/1 - 0s - 342ms/step - accuracy: 0.6548 - auc: 0.7503 - loss: 0.6289 - val_accuracy: 0.6667 - val_auc: 0.6400 - val_loss: 0.6713 - learning_rate: 1.0000e-04
Epoch 8/100
1/1 - 0s - 343ms/step - accuracy: 0.7143 - auc: 0.7966 - loss: 0.6108 - val_accuracy: 0.7333 - val_auc: 0.6300 - val_loss: 0.6646 - learning_rate: 1.0000e-04
Epoch 9/100
1/1 - 0s - 348ms/step - accuracy: 0.6905 - auc: 0.7634 - loss: 0.6209 - val_accuracy: 0.6667 - val_auc: 0.6200 - val_loss: 0.6592 - learning_rate: 1.0000e-04
Epoch 10/100
1/1 - 0s - 345ms/step - accuracy: 0.7381 - auc: 0.7689 - loss: 0.6086 - val_accuracy: 0.6667 - val_auc: 0.6400 - val_loss: 0.6555 - learning_rate: 1.0000e-04
Epoch 11/100
1/1 - 0s - 340ms/step - accuracy: 0.7262 - auc: 0.7880 - loss: 0.6037 - val_accuracy: 0.6667 - val_auc: 0.6200 - val_loss: 0.6524 - learning_rate: 1.0000e-04
Epoch 12/100
1/1 - 0s - 344ms/step - accuracy: 0.6429 - auc: 0.7326 - loss: 0.6214 - val_accuracy: 0.6667 - val_auc: 0.5600 - val_loss: 0.6492 - learning_rate: 1.0000e-04
Epoch 13/100
1/1 - 0s - 347ms/step - accuracy: 0.7738 - auc: 0.8101 - loss: 0.5951 - val_accuracy: 0.6667 - val_auc: 0.5800 - val_loss: 0.6482 - learning_rate: 1.0000e-04
Epoch 14/100
1/1 - 0s - 350ms/step - accuracy: 0.7262 - auc: 0.7995 - loss: 0.5815 - val_accuracy: 0.6000 - val_auc: 0.5800 - val_loss: 0.6474 - learning_rate: 1.0000e-04
Epoch 15/100
1/1 - 0s - 349ms/step - accuracy: 0.7619 - auc: 0.8470 - loss: 0.5561 - val_accuracy: 0.6000 - val_auc: 0.5800 - val_loss: 0.6469 - learning_rate: 1.0000e-04
Epoch 16/100
1/1 - 0s - 352ms/step - accuracy: 0.7143 - auc: 0.8112 - loss: 0.5714 - val_accuracy: 0.6000 - val_auc: 0.5800 - val_loss: 0.6466 - learning_rate: 1.0000e-04
Epoch 17/100
1/1 - 0s - 339ms/step - accuracy: 0.7024 - auc: 0.8335 - loss: 0.5554 - val_accuracy: 0.6000 - val_auc: 0.5900 - val_loss: 0.6461 - learning_rate: 1.0000e-04
Epoch 18/100
1/1 - 0s - 348ms/step - accuracy: 0.7619 - auc: 0.8332 - loss: 0.5523 - val_accuracy: 0.6000 - val_auc: 0.5700 - val_loss: 0.6468 - learning_rate: 1.0000e-04
Epoch 19/100
1/1 - 0s - 354ms/step - accuracy: 0.7857 - auc: 0.8507 - loss: 0.5431 - val_accuracy: 0.6000 - val_auc: 0.5800 - val_loss: 0.6475 - learning_rate: 5.0000e-05
Epoch 20/100
1/1 - 0s - 337ms/step - accuracy: 0.7857 - auc: 0.8810 - loss: 0.5126 - val_accuracy: 0.6000 - val_auc: 0.5400 - val_loss: 0.6485 - learning_rate: 5.0000e-05
Epoch 21/100
1/1 - 0s - 342ms/step - accuracy: 0.7500 - auc: 0.8192 - loss: 0.5575 - val_accuracy: 0.6000 - val_auc: 0.5400 - val_loss: 0.6497 - learning_rate: 5.0000e-05
Epoch 22/100
1/1 - 0s - 357ms/step - accuracy: 0.7024 - auc: 0.8166 - loss: 0.5552 - val_accuracy: 0.6000 - val_auc: 0.5300 - val_loss: 0.6514 - learning_rate: 5.0000e-05
Epoch 23/100
1/1 - 0s - 343ms/step - accuracy: 0.7619 - auc: 0.8347 - loss: 0.5379 - val_accuracy: 0.6000 - val_auc: 0.5300 - val_loss: 0.6533 - learning_rate: 5.0000e-05
Epoch 24/100
1/1 - 0s - 343ms/step - accuracy: 0.7619 - auc: 0.8298 - loss: 0.5407 - val_accuracy: 0.6000 - val_auc: 0.5300 - val_loss: 0.6551 - learning_rate: 5.0000e-05
Epoch 25/100
1/1 - 0s - 343ms/step - accuracy: 0.7976 - auc: 0.8759 - loss: 0.4961 - val_accuracy: 0.6000 - val_auc: 0.5100 - val_loss: 0.6571 - learning_rate: 5.0000e-05
Epoch 26/100
1/1 - 0s - 355ms/step - accuracy: 0.8214 - auc: 0.8965 - loss: 0.4858 - val_accuracy: 0.6000 - val_auc: 0.5000 - val_loss: 0.6593 - learning_rate: 5.0000e-05
Epoch 27/100
1/1 - 0s - 343ms/step - accuracy: 0.7381 - auc: 0.8644 - loss: 0.5114 - val_accuracy: 0.6000 - val_auc: 0.5000 - val_loss: 0.6616 - learning_rate: 5.0000e-05
Epoch 28/100
1/1 - 0s - 358ms/step - accuracy: 0.7738 - auc: 0.8996 - loss: 0.4890 - val_accuracy: 0.6000 - val_auc: 0.5000 - val_loss: 0.6639 - learning_rate: 5.0000e-05

Fold metrics (affect_valence):
  acc: 0.5455
  bal_acc: 0.4097
  precision: 0.6800
  recall: 0.7083
  f1: 0.6939
  mcc: -0.1876
  auc: 0.4583
Confusion matrix:
 [[ 1  8]
 [ 7 17]]
Classification report:
              precision    recall  f1-score   support

           0     0.1250    0.1111    0.1176         9
           1     0.6800    0.7083    0.6939        24

    accuracy                         0.5455        33
   macro avg     0.4025    0.4097    0.4058        33
weighted avg     0.5286    0.5455    0.5367        33


--- Target: affect_arousal ---
Train label counts:
affect_arousal
4.0    29230
2.0    14590
Name: count, dtype: int64
Test label counts:
affect_arousal
4.0    8139
2.0    6669
Name: count, dtype: int64
Epoch 1/100
1/1 - 4s - 4s/step - accuracy: 0.4524 - auc: 0.4881 - loss: 0.7190 - val_accuracy: 1.0000 - val_auc: 0.0000e+00 - val_loss: 0.5805 - learning_rate: 1.0000e-04
Epoch 2/100
1/1 - 0s - 362ms/step - accuracy: 0.6071 - auc: 0.6047 - loss: 0.6680 - val_accuracy: 1.0000 - val_auc: 0.0000e+00 - val_loss: 0.4650 - learning_rate: 1.0000e-04
Epoch 3/100
1/1 - 0s - 353ms/step - accuracy: 0.6310 - auc: 0.6211 - loss: 0.6422 - val_accuracy: 1.0000 - val_auc: 0.0000e+00 - val_loss: 0.3763 - learning_rate: 1.0000e-04
Epoch 4/100
1/1 - 0s - 344ms/step - accuracy: 0.6310 - auc: 0.6902 - loss: 0.6294 - val_accuracy: 1.0000 - val_auc: 0.0000e+00 - val_loss: 0.3166 - learning_rate: 1.0000e-04
Epoch 5/100
1/1 - 1s - 614ms/step - accuracy: 0.6548 - auc: 0.6963 - loss: 0.6163 - val_accuracy: 1.0000 - val_auc: 0.0000e+00 - val_loss: 0.2773 - learning_rate: 1.0000e-04
Epoch 6/100
1/1 - 0s - 339ms/step - accuracy: 0.6548 - auc: 0.7839 - loss: 0.5964 - val_accuracy: 1.0000 - val_auc: 0.0000e+00 - val_loss: 0.2523 - learning_rate: 1.0000e-04
Epoch 7/100
1/1 - 0s - 345ms/step - accuracy: 0.6310 - auc: 0.7377 - loss: 0.6074 - val_accuracy: 1.0000 - val_auc: 0.0000e+00 - val_loss: 0.2364 - learning_rate: 1.0000e-04
Epoch 8/100
1/1 - 0s - 354ms/step - accuracy: 0.6429 - auc: 0.7562 - loss: 0.5990 - val_accuracy: 1.0000 - val_auc: 0.0000e+00 - val_loss: 0.2289 - learning_rate: 1.0000e-04
Epoch 9/100
1/1 - 0s - 358ms/step - accuracy: 0.6548 - auc: 0.7921 - loss: 0.5748 - val_accuracy: 1.0000 - val_auc: 0.0000e+00 - val_loss: 0.2268 - learning_rate: 1.0000e-04
Epoch 10/100
1/1 - 0s - 343ms/step - accuracy: 0.6667 - auc: 0.7696 - loss: 0.5808 - val_accuracy: 1.0000 - val_auc: 0.0000e+00 - val_loss: 0.2294 - learning_rate: 1.0000e-04
Epoch 11/100
1/1 - 0s - 354ms/step - accuracy: 0.6667 - auc: 0.8128 - loss: 0.5506 - val_accuracy: 1.0000 - val_auc: 0.0000e+00 - val_loss: 0.2342 - learning_rate: 1.0000e-04
Epoch 12/100
1/1 - 0s - 354ms/step - accuracy: 0.6905 - auc: 0.7976 - loss: 0.5484 - val_accuracy: 1.0000 - val_auc: 0.0000e+00 - val_loss: 0.2372 - learning_rate: 5.0000e-05
Epoch 13/100
1/1 - 0s - 358ms/step - accuracy: 0.7024 - auc: 0.7891 - loss: 0.5544 - val_accuracy: 1.0000 - val_auc: 0.0000e+00 - val_loss: 0.2415 - learning_rate: 5.0000e-05
Epoch 14/100
1/1 - 0s - 359ms/step - accuracy: 0.7143 - auc: 0.8058 - loss: 0.5401 - val_accuracy: 1.0000 - val_auc: 0.0000e+00 - val_loss: 0.2456 - learning_rate: 5.0000e-05
Epoch 15/100
1/1 - 0s - 353ms/step - accuracy: 0.7262 - auc: 0.8116 - loss: 0.5392 - val_accuracy: 1.0000 - val_auc: 0.0000e+00 - val_loss: 0.2495 - learning_rate: 5.0000e-05
Epoch 16/100
1/1 - 0s - 351ms/step - accuracy: 0.7262 - auc: 0.8430 - loss: 0.5209 - val_accuracy: 1.0000 - val_auc: 0.0000e+00 - val_loss: 0.2517 - learning_rate: 5.0000e-05
Epoch 17/100
1/1 - 0s - 360ms/step - accuracy: 0.7738 - auc: 0.8080 - loss: 0.5388 - val_accuracy: 1.0000 - val_auc: 0.0000e+00 - val_loss: 0.2527 - learning_rate: 5.0000e-05
Epoch 18/100
1/1 - 0s - 350ms/step - accuracy: 0.8095 - auc: 0.8564 - loss: 0.4992 - val_accuracy: 1.0000 - val_auc: 0.0000e+00 - val_loss: 0.2524 - learning_rate: 5.0000e-05
Epoch 19/100
1/1 - 0s - 361ms/step - accuracy: 0.7500 - auc: 0.8010 - loss: 0.5395 - val_accuracy: 1.0000 - val_auc: 0.0000e+00 - val_loss: 0.2497 - learning_rate: 5.0000e-05
Epoch 20/100
1/1 - 0s - 357ms/step - accuracy: 0.7619 - auc: 0.8287 - loss: 0.5148 - val_accuracy: 1.0000 - val_auc: 0.0000e+00 - val_loss: 0.2452 - learning_rate: 5.0000e-05
Epoch 21/100
1/1 - 0s - 346ms/step - accuracy: 0.7619 - auc: 0.8317 - loss: 0.5081 - val_accuracy: 1.0000 - val_auc: 0.0000e+00 - val_loss: 0.2401 - learning_rate: 5.0000e-05

Fold metrics (affect_arousal):
  acc: 0.5455
  bal_acc: 0.4737
  precision: 0.5625
  recall: 0.9474
  f1: 0.7059
  mcc: -0.1517
  auc: 0.3647
Confusion matrix:
 [[ 0 14]
 [ 1 18]]
Classification report:
              precision    recall  f1-score   support

           0     0.0000    0.0000    0.0000        14
           1     0.5625    0.9474    0.7059        19

    accuracy                         0.5455        33
   macro avg     0.2812    0.4737    0.3529        33
weighted avg     0.3239    0.5455    0.4064        33


==============================
Fold 1 | LEFT OUT SESSIONS: [np.str_('d8d72365-c7fe-494a-8504-0b268331e66e'), np.str_('e58ee8e6-b15d-43a3-ac58-56c4fb11d86e'), np.str_('ed5a3e23-9e05-4bbc-a998-7d1403a54191'), np.str_('c1d73b99-82e6-47ff-b4a8-20ea634f7ca4'), np.str_('0deaeb12-dc13-4d16-878e-ec134b330bf6')]
==============================

--- Target: affect_valence ---
Train label counts:
affect_valence
4.0    25284
2.0    18777
Name: count, dtype: int64
Test label counts:
affect_valence
4.0    8758
2.0    5809
Name: count, dtype: int64
Epoch 1/100
1/1 - 2s - 2s/step - accuracy: 0.5119 - auc: 0.5108 - loss: 0.6961 - val_accuracy: 0.6667 - val_auc: 0.5400 - val_loss: 0.6752 - learning_rate: 1.0000e-04
Epoch 2/100
1/1 - 0s - 355ms/step - accuracy: 0.6190 - auc: 0.6764 - loss: 0.6665 - val_accuracy: 0.6667 - val_auc: 0.5000 - val_loss: 0.6600 - learning_rate: 1.0000e-04
Epoch 3/100
1/1 - 0s - 351ms/step - accuracy: 0.6548 - auc: 0.6716 - loss: 0.6605 - val_accuracy: 0.6667 - val_auc: 0.4700 - val_loss: 0.6521 - learning_rate: 1.0000e-04
Epoch 4/100
1/1 - 0s - 352ms/step - accuracy: 0.6548 - auc: 0.7249 - loss: 0.6519 - val_accuracy: 0.6667 - val_auc: 0.4800 - val_loss: 0.6486 - learning_rate: 1.0000e-04
Epoch 5/100
1/1 - 0s - 355ms/step - accuracy: 0.7143 - auc: 0.7794 - loss: 0.6339 - val_accuracy: 0.6667 - val_auc: 0.4500 - val_loss: 0.6471 - learning_rate: 1.0000e-04
Epoch 6/100
1/1 - 0s - 351ms/step - accuracy: 0.7143 - auc: 0.8554 - loss: 0.6095 - val_accuracy: 0.6667 - val_auc: 0.4600 - val_loss: 0.6473 - learning_rate: 1.0000e-04
Epoch 7/100
1/1 - 0s - 337ms/step - accuracy: 0.6548 - auc: 0.7484 - loss: 0.6319 - val_accuracy: 0.6667 - val_auc: 0.4400 - val_loss: 0.6474 - learning_rate: 1.0000e-04
Epoch 8/100
1/1 - 0s - 336ms/step - accuracy: 0.7500 - auc: 0.8015 - loss: 0.6134 - val_accuracy: 0.6667 - val_auc: 0.4200 - val_loss: 0.6482 - learning_rate: 1.0000e-04
Epoch 9/100
1/1 - 0s - 338ms/step - accuracy: 0.7143 - auc: 0.8097 - loss: 0.6090 - val_accuracy: 0.6667 - val_auc: 0.4200 - val_loss: 0.6491 - learning_rate: 1.0000e-04
Epoch 10/100
1/1 - 0s - 345ms/step - accuracy: 0.7619 - auc: 0.8307 - loss: 0.5861 - val_accuracy: 0.6667 - val_auc: 0.4200 - val_loss: 0.6489 - learning_rate: 1.0000e-04
Epoch 11/100
1/1 - 0s - 351ms/step - accuracy: 0.7619 - auc: 0.8168 - loss: 0.5871 - val_accuracy: 0.6667 - val_auc: 0.4300 - val_loss: 0.6479 - learning_rate: 1.0000e-04
Epoch 12/100
1/1 - 0s - 351ms/step - accuracy: 0.7619 - auc: 0.8349 - loss: 0.5770 - val_accuracy: 0.6667 - val_auc: 0.4300 - val_loss: 0.6474 - learning_rate: 5.0000e-05
Epoch 13/100
1/1 - 0s - 349ms/step - accuracy: 0.7381 - auc: 0.8298 - loss: 0.5694 - val_accuracy: 0.6667 - val_auc: 0.4400 - val_loss: 0.6469 - learning_rate: 5.0000e-05
Epoch 14/100
1/1 - 0s - 347ms/step - accuracy: 0.7738 - auc: 0.8605 - loss: 0.5593 - val_accuracy: 0.6667 - val_auc: 0.4500 - val_loss: 0.6466 - learning_rate: 5.0000e-05
Epoch 15/100
1/1 - 0s - 336ms/step - accuracy: 0.7976 - auc: 0.8727 - loss: 0.5474 - val_accuracy: 0.6667 - val_auc: 0.4500 - val_loss: 0.6464 - learning_rate: 5.0000e-05
Epoch 16/100
1/1 - 0s - 336ms/step - accuracy: 0.7976 - auc: 0.8741 - loss: 0.5359 - val_accuracy: 0.6667 - val_auc: 0.4600 - val_loss: 0.6463 - learning_rate: 5.0000e-05
Epoch 17/100
1/1 - 0s - 338ms/step - accuracy: 0.7738 - auc: 0.8644 - loss: 0.5323 - val_accuracy: 0.6667 - val_auc: 0.4400 - val_loss: 0.6468 - learning_rate: 5.0000e-05
Epoch 18/100
1/1 - 0s - 338ms/step - accuracy: 0.7738 - auc: 0.8846 - loss: 0.5247 - val_accuracy: 0.6667 - val_auc: 0.4500 - val_loss: 0.6478 - learning_rate: 5.0000e-05
Epoch 19/100
1/1 - 0s - 337ms/step - accuracy: 0.8095 - auc: 0.8871 - loss: 0.5124 - val_accuracy: 0.6667 - val_auc: 0.4400 - val_loss: 0.6495 - learning_rate: 5.0000e-05
Epoch 20/100
1/1 - 0s - 344ms/step - accuracy: 0.7857 - auc: 0.8877 - loss: 0.5060 - val_accuracy: 0.6667 - val_auc: 0.4400 - val_loss: 0.6521 - learning_rate: 5.0000e-05
Epoch 21/100
1/1 - 0s - 344ms/step - accuracy: 0.7619 - auc: 0.8749 - loss: 0.5095 - val_accuracy: 0.6667 - val_auc: 0.4400 - val_loss: 0.6553 - learning_rate: 5.0000e-05

Fold metrics (affect_valence):
  acc: 0.3636
  bal_acc: 0.3534
  precision: 0.4444
  recall: 0.4211
  f1: 0.4324
  mcc: -0.2911
  auc: 0.4286
Confusion matrix:
 [[ 4 10]
 [11  8]]
Classification report:
              precision    recall  f1-score   support

           0     0.2667    0.2857    0.2759        14
           1     0.4444    0.4211    0.4324        19

    accuracy                         0.3636        33
   macro avg     0.3556    0.3534    0.3541        33
weighted avg     0.3690    0.3636    0.3660        33


--- Target: affect_arousal ---
Train label counts:
affect_arousal
4.0    26641
2.0    17420
Name: count, dtype: int64
Test label counts:
affect_arousal
4.0    10728
2.0     3839
Name: count, dtype: int64
Epoch 1/100
1/1 - 2s - 2s/step - accuracy: 0.4524 - auc: 0.4774 - loss: 0.7171 - val_accuracy: 0.9333 - val_auc: 0.5714 - val_loss: 0.6103 - learning_rate: 1.0000e-04
Epoch 2/100
1/1 - 0s - 356ms/step - accuracy: 0.5476 - auc: 0.4931 - loss: 0.7039 - val_accuracy: 0.9333 - val_auc: 0.6786 - val_loss: 0.5258 - learning_rate: 1.0000e-04
Epoch 3/100
1/1 - 0s - 345ms/step - accuracy: 0.5952 - auc: 0.6267 - loss: 0.6691 - val_accuracy: 0.9333 - val_auc: 0.5000 - val_loss: 0.4708 - learning_rate: 1.0000e-04
Epoch 4/100
1/1 - 0s - 337ms/step - accuracy: 0.5952 - auc: 0.6832 - loss: 0.6488 - val_accuracy: 0.9333 - val_auc: 0.4643 - val_loss: 0.4409 - learning_rate: 1.0000e-04
Epoch 5/100
1/1 - 0s - 346ms/step - accuracy: 0.5833 - auc: 0.6722 - loss: 0.6597 - val_accuracy: 0.9333 - val_auc: 0.4643 - val_loss: 0.4281 - learning_rate: 1.0000e-04
Epoch 6/100
1/1 - 0s - 339ms/step - accuracy: 0.5833 - auc: 0.5961 - loss: 0.6752 - val_accuracy: 0.9333 - val_auc: 0.3929 - val_loss: 0.4275 - learning_rate: 1.0000e-04
Epoch 7/100
1/1 - 0s - 339ms/step - accuracy: 0.6190 - auc: 0.7711 - loss: 0.6193 - val_accuracy: 0.9333 - val_auc: 0.3214 - val_loss: 0.4322 - learning_rate: 1.0000e-04
Epoch 8/100
1/1 - 0s - 342ms/step - accuracy: 0.6548 - auc: 0.7867 - loss: 0.6042 - val_accuracy: 0.9333 - val_auc: 0.2857 - val_loss: 0.4444 - learning_rate: 1.0000e-04
Epoch 9/100
1/1 - 0s - 339ms/step - accuracy: 0.6548 - auc: 0.7627 - loss: 0.6131 - val_accuracy: 0.9333 - val_auc: 0.2500 - val_loss: 0.4600 - learning_rate: 1.0000e-04
Epoch 10/100
1/1 - 0s - 338ms/step - accuracy: 0.7381 - auc: 0.8255 - loss: 0.5795 - val_accuracy: 0.9333 - val_auc: 0.2500 - val_loss: 0.4753 - learning_rate: 1.0000e-04
Epoch 11/100
1/1 - 0s - 339ms/step - accuracy: 0.7024 - auc: 0.7653 - loss: 0.6083 - val_accuracy: 0.9333 - val_auc: 0.2857 - val_loss: 0.4928 - learning_rate: 1.0000e-04
Epoch 12/100
1/1 - 0s - 339ms/step - accuracy: 0.6786 - auc: 0.7691 - loss: 0.5971 - val_accuracy: 0.9333 - val_auc: 0.2500 - val_loss: 0.4992 - learning_rate: 5.0000e-05
Epoch 13/100
1/1 - 0s - 339ms/step - accuracy: 0.7500 - auc: 0.8226 - loss: 0.5656 - val_accuracy: 0.9333 - val_auc: 0.2857 - val_loss: 0.5058 - learning_rate: 5.0000e-05
Epoch 14/100
1/1 - 0s - 336ms/step - accuracy: 0.7143 - auc: 0.8241 - loss: 0.5698 - val_accuracy: 0.9333 - val_auc: 0.2500 - val_loss: 0.5106 - learning_rate: 5.0000e-05
Epoch 15/100
1/1 - 0s - 352ms/step - accuracy: 0.7619 - auc: 0.7798 - loss: 0.5876 - val_accuracy: 0.9333 - val_auc: 0.2857 - val_loss: 0.5143 - learning_rate: 5.0000e-05
Epoch 16/100
1/1 - 0s - 355ms/step - accuracy: 0.7024 - auc: 0.7853 - loss: 0.5753 - val_accuracy: 0.9333 - val_auc: 0.2500 - val_loss: 0.5147 - learning_rate: 5.0000e-05
Epoch 17/100
1/1 - 0s - 356ms/step - accuracy: 0.7381 - auc: 0.7957 - loss: 0.5702 - val_accuracy: 0.9333 - val_auc: 0.2857 - val_loss: 0.5138 - learning_rate: 5.0000e-05
Epoch 18/100
1/1 - 0s - 357ms/step - accuracy: 0.7262 - auc: 0.7946 - loss: 0.5726 - val_accuracy: 0.9333 - val_auc: 0.2500 - val_loss: 0.5097 - learning_rate: 5.0000e-05
Epoch 19/100
1/1 - 0s - 355ms/step - accuracy: 0.7381 - auc: 0.8197 - loss: 0.5457 - val_accuracy: 0.9333 - val_auc: 0.2857 - val_loss: 0.5034 - learning_rate: 5.0000e-05
Epoch 20/100
1/1 - 0s - 351ms/step - accuracy: 0.7619 - auc: 0.8325 - loss: 0.5357 - val_accuracy: 0.9333 - val_auc: 0.3214 - val_loss: 0.4952 - learning_rate: 5.0000e-05
Epoch 21/100
1/1 - 0s - 349ms/step - accuracy: 0.7619 - auc: 0.8171 - loss: 0.5477 - val_accuracy: 0.9333 - val_auc: 0.3571 - val_loss: 0.4863 - learning_rate: 5.0000e-05

Fold metrics (affect_arousal):
  acc: 0.6970
  bal_acc: 0.5875
  precision: 0.8000
  recall: 0.8000
  f1: 0.8000
  mcc: 0.1750
  auc: 0.6100
Confusion matrix:
 [[ 3  5]
 [ 5 20]]
Classification report:
              precision    recall  f1-score   support

           0     0.3750    0.3750    0.3750         8
           1     0.8000    0.8000    0.8000        25

    accuracy                         0.6970        33
   macro avg     0.5875    0.5875    0.5875        33
weighted avg     0.6970    0.6970    0.6970        33


==============================
Fold 2 | LEFT OUT SESSIONS: [np.str_('96f6a467-9ef5-4c1d-a1f2-e219137a7ac1'), np.str_('cd30d8fb-98e0-4379-954f-0bf9b2b76e76'), np.str_('fbaf41fe-0895-4dc9-988a-59eb3effa7be'), np.str_('cc79c8ee-48e4-4d7b-8dc0-54ed771a05c7'), np.str_('b8175a99-c266-447b-bffa-b0490a5c337f')]
==============================

--- Target: affect_valence ---
Train label counts:
affect_valence
4.0    27900
2.0    15935
Name: count, dtype: int64
Test label counts:
affect_valence
2.0    8651
4.0    6142
Name: count, dtype: int64
Epoch 1/100
1/1 - 2s - 2s/step - accuracy: 0.5476 - auc: 0.5855 - loss: 0.6896 - val_accuracy: 0.7333 - val_auc: 0.6923 - val_loss: 0.6424 - learning_rate: 1.0000e-04
Epoch 2/100
1/1 - 0s - 353ms/step - accuracy: 0.6071 - auc: 0.5712 - loss: 0.6836 - val_accuracy: 0.8667 - val_auc: 0.7308 - val_loss: 0.5918 - learning_rate: 1.0000e-04
Epoch 3/100
1/1 - 0s - 340ms/step - accuracy: 0.5952 - auc: 0.5841 - loss: 0.6812 - val_accuracy: 0.8667 - val_auc: 0.7115 - val_loss: 0.5548 - learning_rate: 1.0000e-04
Epoch 4/100
1/1 - 0s - 344ms/step - accuracy: 0.5952 - auc: 0.6427 - loss: 0.6632 - val_accuracy: 0.8667 - val_auc: 0.7692 - val_loss: 0.5332 - learning_rate: 1.0000e-04
Epoch 5/100
1/1 - 0s - 347ms/step - accuracy: 0.5476 - auc: 0.7002 - loss: 0.6585 - val_accuracy: 0.8667 - val_auc: 0.7692 - val_loss: 0.5223 - learning_rate: 1.0000e-04
Epoch 6/100
1/1 - 0s - 339ms/step - accuracy: 0.6310 - auc: 0.7992 - loss: 0.6231 - val_accuracy: 0.8667 - val_auc: 0.7500 - val_loss: 0.5191 - learning_rate: 1.0000e-04
Epoch 7/100
1/1 - 0s - 341ms/step - accuracy: 0.6310 - auc: 0.7554 - loss: 0.6273 - val_accuracy: 0.8667 - val_auc: 0.7115 - val_loss: 0.5190 - learning_rate: 1.0000e-04
Epoch 8/100
1/1 - 0s - 339ms/step - accuracy: 0.6548 - auc: 0.7114 - loss: 0.6369 - val_accuracy: 0.8667 - val_auc: 0.6923 - val_loss: 0.5229 - learning_rate: 1.0000e-04
Epoch 9/100
1/1 - 0s - 339ms/step - accuracy: 0.6786 - auc: 0.7689 - loss: 0.6137 - val_accuracy: 0.8667 - val_auc: 0.6923 - val_loss: 0.5274 - learning_rate: 1.0000e-04
Epoch 10/100
1/1 - 0s - 340ms/step - accuracy: 0.7262 - auc: 0.7812 - loss: 0.6008 - val_accuracy: 0.8667 - val_auc: 0.6731 - val_loss: 0.5306 - learning_rate: 1.0000e-04
Epoch 11/100
1/1 - 0s - 340ms/step - accuracy: 0.7500 - auc: 0.7829 - loss: 0.6012 - val_accuracy: 0.8667 - val_auc: 0.6731 - val_loss: 0.5317 - learning_rate: 1.0000e-04
Epoch 12/100
1/1 - 0s - 341ms/step - accuracy: 0.6905 - auc: 0.7514 - loss: 0.6058 - val_accuracy: 0.8667 - val_auc: 0.6538 - val_loss: 0.5271 - learning_rate: 1.0000e-04
Epoch 13/100
1/1 - 0s - 340ms/step - accuracy: 0.7024 - auc: 0.8021 - loss: 0.5879 - val_accuracy: 0.8667 - val_auc: 0.6538 - val_loss: 0.5231 - learning_rate: 5.0000e-05
Epoch 14/100
1/1 - 0s - 336ms/step - accuracy: 0.7262 - auc: 0.7537 - loss: 0.6011 - val_accuracy: 0.8667 - val_auc: 0.6538 - val_loss: 0.5194 - learning_rate: 5.0000e-05
Epoch 15/100
1/1 - 0s - 338ms/step - accuracy: 0.7619 - auc: 0.8390 - loss: 0.5578 - val_accuracy: 0.8667 - val_auc: 0.6538 - val_loss: 0.5130 - learning_rate: 5.0000e-05
Epoch 16/100
1/1 - 0s - 341ms/step - accuracy: 0.7619 - auc: 0.8124 - loss: 0.5741 - val_accuracy: 0.8667 - val_auc: 0.6538 - val_loss: 0.5057 - learning_rate: 5.0000e-05
Epoch 17/100
1/1 - 0s - 339ms/step - accuracy: 0.7143 - auc: 0.7975 - loss: 0.5790 - val_accuracy: 0.8667 - val_auc: 0.6538 - val_loss: 0.4970 - learning_rate: 5.0000e-05
Epoch 18/100
1/1 - 0s - 338ms/step - accuracy: 0.7381 - auc: 0.8249 - loss: 0.5634 - val_accuracy: 0.8667 - val_auc: 0.6538 - val_loss: 0.4888 - learning_rate: 5.0000e-05
Epoch 19/100
1/1 - 0s - 343ms/step - accuracy: 0.7262 - auc: 0.7852 - loss: 0.5707 - val_accuracy: 0.8667 - val_auc: 0.6538 - val_loss: 0.4812 - learning_rate: 5.0000e-05
Epoch 20/100
1/1 - 0s - 342ms/step - accuracy: 0.7500 - auc: 0.8378 - loss: 0.5473 - val_accuracy: 0.8667 - val_auc: 0.6538 - val_loss: 0.4760 - learning_rate: 5.0000e-05
Epoch 21/100
1/1 - 0s - 343ms/step - accuracy: 0.7143 - auc: 0.8078 - loss: 0.5585 - val_accuracy: 0.8667 - val_auc: 0.6538 - val_loss: 0.4715 - learning_rate: 5.0000e-05
Epoch 22/100
1/1 - 0s - 354ms/step - accuracy: 0.7500 - auc: 0.7766 - loss: 0.5720 - val_accuracy: 0.8667 - val_auc: 0.6538 - val_loss: 0.4683 - learning_rate: 5.0000e-05

Fold metrics (affect_valence):
  acc: 0.3333
  bal_acc: 0.4231
  precision: 0.3548
  recall: 0.8462
  f1: 0.5000
  mcc: -0.3150
  auc: 0.5846
Confusion matrix:
 [[ 0 20]
 [ 2 11]]
Classification report:
              precision    recall  f1-score   support

           0     0.0000    0.0000    0.0000        20
           1     0.3548    0.8462    0.5000        13

    accuracy                         0.3333        33
   macro avg     0.1774    0.4231    0.2500        33
weighted avg     0.1398    0.3333    0.1970        33


--- Target: affect_arousal ---
Train label counts:
affect_arousal
4.0    26606
2.0    17229
Name: count, dtype: int64
Test label counts:
affect_arousal
4.0    10763
2.0     4030
Name: count, dtype: int64
Epoch 1/100
1/1 - 2s - 2s/step - accuracy: 0.4405 - auc: 0.4516 - loss: 0.7126 - val_accuracy: 0.9333 - val_auc: 0.1429 - val_loss: 0.6139 - learning_rate: 1.0000e-04
Epoch 2/100
1/1 - 0s - 342ms/step - accuracy: 0.5595 - auc: 0.5886 - loss: 0.6761 - val_accuracy: 0.9333 - val_auc: 0.1786 - val_loss: 0.5321 - learning_rate: 1.0000e-04
Epoch 3/100
1/1 - 0s - 341ms/step - accuracy: 0.5833 - auc: 0.5679 - loss: 0.6705 - val_accuracy: 0.9333 - val_auc: 0.2143 - val_loss: 0.4792 - learning_rate: 1.0000e-04
Epoch 4/100
1/1 - 0s - 338ms/step - accuracy: 0.6310 - auc: 0.6662 - loss: 0.6489 - val_accuracy: 0.9333 - val_auc: 0.1786 - val_loss: 0.4502 - learning_rate: 1.0000e-04
Epoch 5/100
1/1 - 0s - 342ms/step - accuracy: 0.6190 - auc: 0.6137 - loss: 0.6644 - val_accuracy: 0.9333 - val_auc: 0.1786 - val_loss: 0.4381 - learning_rate: 1.0000e-04
Epoch 6/100
1/1 - 0s - 339ms/step - accuracy: 0.6310 - auc: 0.6980 - loss: 0.6436 - val_accuracy: 0.9333 - val_auc: 0.0714 - val_loss: 0.4370 - learning_rate: 1.0000e-04
Epoch 7/100
1/1 - 0s - 349ms/step - accuracy: 0.6190 - auc: 0.6691 - loss: 0.6508 - val_accuracy: 0.9333 - val_auc: 0.0714 - val_loss: 0.4431 - learning_rate: 1.0000e-04
Epoch 8/100
1/1 - 0s - 341ms/step - accuracy: 0.6429 - auc: 0.7312 - loss: 0.6267 - val_accuracy: 0.9333 - val_auc: 0.1786 - val_loss: 0.4567 - learning_rate: 1.0000e-04
Epoch 9/100
1/1 - 0s - 337ms/step - accuracy: 0.6190 - auc: 0.7233 - loss: 0.6255 - val_accuracy: 0.9333 - val_auc: 0.1786 - val_loss: 0.4763 - learning_rate: 1.0000e-04
Epoch 10/100
1/1 - 0s - 340ms/step - accuracy: 0.6429 - auc: 0.7385 - loss: 0.6134 - val_accuracy: 0.9333 - val_auc: 0.1429 - val_loss: 0.4977 - learning_rate: 1.0000e-04
Epoch 11/100
1/1 - 0s - 338ms/step - accuracy: 0.6429 - auc: 0.7857 - loss: 0.5919 - val_accuracy: 0.9333 - val_auc: 0.1786 - val_loss: 0.5210 - learning_rate: 1.0000e-04
Epoch 12/100
1/1 - 0s - 340ms/step - accuracy: 0.6786 - auc: 0.7557 - loss: 0.5981 - val_accuracy: 0.8667 - val_auc: 0.1786 - val_loss: 0.5323 - learning_rate: 5.0000e-05
Epoch 13/100
1/1 - 0s - 338ms/step - accuracy: 0.6667 - auc: 0.7886 - loss: 0.5864 - val_accuracy: 0.8667 - val_auc: 0.1786 - val_loss: 0.5428 - learning_rate: 5.0000e-05
Epoch 14/100
1/1 - 0s - 339ms/step - accuracy: 0.6786 - auc: 0.7883 - loss: 0.5814 - val_accuracy: 0.8667 - val_auc: 0.1786 - val_loss: 0.5513 - learning_rate: 5.0000e-05
Epoch 15/100
1/1 - 0s - 336ms/step - accuracy: 0.6667 - auc: 0.7382 - loss: 0.5985 - val_accuracy: 0.8667 - val_auc: 0.1429 - val_loss: 0.5575 - learning_rate: 5.0000e-05
Epoch 16/100
1/1 - 0s - 338ms/step - accuracy: 0.7262 - auc: 0.8134 - loss: 0.5695 - val_accuracy: 0.8667 - val_auc: 0.1429 - val_loss: 0.5608 - learning_rate: 5.0000e-05
Epoch 17/100
1/1 - 0s - 343ms/step - accuracy: 0.6548 - auc: 0.7918 - loss: 0.5860 - val_accuracy: 0.8667 - val_auc: 0.1786 - val_loss: 0.5617 - learning_rate: 5.0000e-05
Epoch 18/100
1/1 - 0s - 343ms/step - accuracy: 0.7381 - auc: 0.8224 - loss: 0.5538 - val_accuracy: 0.8667 - val_auc: 0.1786 - val_loss: 0.5609 - learning_rate: 5.0000e-05
Epoch 19/100
1/1 - 0s - 350ms/step - accuracy: 0.7500 - auc: 0.8026 - loss: 0.5713 - val_accuracy: 0.8667 - val_auc: 0.1786 - val_loss: 0.5576 - learning_rate: 5.0000e-05
Epoch 20/100
1/1 - 0s - 353ms/step - accuracy: 0.7262 - auc: 0.8216 - loss: 0.5691 - val_accuracy: 0.8667 - val_auc: 0.1429 - val_loss: 0.5523 - learning_rate: 5.0000e-05
Epoch 21/100
1/1 - 0s - 347ms/step - accuracy: 0.6786 - auc: 0.7828 - loss: 0.5775 - val_accuracy: 0.8667 - val_auc: 0.1786 - val_loss: 0.5470 - learning_rate: 5.0000e-05

Fold metrics (affect_arousal):
  acc: 0.7273
  bal_acc: 0.5694
  precision: 0.7586
  recall: 0.9167
  f1: 0.8302
  mcc: 0.1895
  auc: 0.7361
Confusion matrix:
 [[ 2  7]
 [ 2 22]]
Classification report:
              precision    recall  f1-score   support

           0     0.5000    0.2222    0.3077         9
           1     0.7586    0.9167    0.8302        24

    accuracy                         0.7273        33
   macro avg     0.6293    0.5694    0.5689        33
weighted avg     0.6881    0.7273    0.6877        33


==============================
Fold 3 | LEFT OUT SESSIONS: [np.str_('ca488455-71e2-4298-ac54-abb022fdd720'), np.str_('9f0f8a7a-edd9-4d35-bba4-72029cd2ec56'), np.str_('47dc2ddb-2356-4f11-9143-6a42e93ed3ca'), np.str_('4c9623ea-ce9b-455d-97c8-e8d87ef7eaad'), np.str_('9ad396af-4129-4092-a06d-e4080ca1df0b')]
==============================

--- Target: affect_valence ---
Train label counts:
affect_valence
4.0    26367
2.0    17801
Name: count, dtype: int64
Test label counts:
affect_valence
4.0    7675
2.0    6785
Name: count, dtype: int64
Epoch 1/100
1/1 - 2s - 2s/step - accuracy: 0.5357 - auc: 0.5521 - loss: 0.6928 - val_accuracy: 0.7333 - val_auc: 0.3864 - val_loss: 0.6674 - learning_rate: 1.0000e-04
Epoch 2/100
1/1 - 0s - 345ms/step - accuracy: 0.5595 - auc: 0.6464 - loss: 0.6711 - val_accuracy: 0.7333 - val_auc: 0.3068 - val_loss: 0.6431 - learning_rate: 1.0000e-04
Epoch 3/100
1/1 - 0s - 339ms/step - accuracy: 0.5357 - auc: 0.4775 - loss: 0.7004 - val_accuracy: 0.7333 - val_auc: 0.2727 - val_loss: 0.6303 - learning_rate: 1.0000e-04
Epoch 4/100
1/1 - 0s - 338ms/step - accuracy: 0.5714 - auc: 0.6316 - loss: 0.6688 - val_accuracy: 0.7333 - val_auc: 0.2841 - val_loss: 0.6254 - learning_rate: 1.0000e-04
Epoch 5/100
1/1 - 0s - 339ms/step - accuracy: 0.6190 - auc: 0.7085 - loss: 0.6568 - val_accuracy: 0.7333 - val_auc: 0.2955 - val_loss: 0.6236 - learning_rate: 1.0000e-04
Epoch 6/100
1/1 - 0s - 342ms/step - accuracy: 0.6310 - auc: 0.7499 - loss: 0.6440 - val_accuracy: 0.7333 - val_auc: 0.3182 - val_loss: 0.6251 - learning_rate: 1.0000e-04
Epoch 7/100
1/1 - 0s - 342ms/step - accuracy: 0.6548 - auc: 0.7157 - loss: 0.6423 - val_accuracy: 0.7333 - val_auc: 0.3182 - val_loss: 0.6272 - learning_rate: 1.0000e-04
Epoch 8/100
1/1 - 0s - 339ms/step - accuracy: 0.6429 - auc: 0.6832 - loss: 0.6503 - val_accuracy: 0.7333 - val_auc: 0.3182 - val_loss: 0.6296 - learning_rate: 1.0000e-04
Epoch 9/100
1/1 - 0s - 337ms/step - accuracy: 0.6190 - auc: 0.7419 - loss: 0.6282 - val_accuracy: 0.7333 - val_auc: 0.3068 - val_loss: 0.6322 - learning_rate: 1.0000e-04
Epoch 10/100
1/1 - 0s - 344ms/step - accuracy: 0.7024 - auc: 0.7578 - loss: 0.6237 - val_accuracy: 0.7333 - val_auc: 0.2955 - val_loss: 0.6352 - learning_rate: 1.0000e-04
Epoch 11/100
1/1 - 0s - 338ms/step - accuracy: 0.7143 - auc: 0.7934 - loss: 0.5998 - val_accuracy: 0.7333 - val_auc: 0.2614 - val_loss: 0.6370 - learning_rate: 1.0000e-04
Epoch 12/100
1/1 - 0s - 340ms/step - accuracy: 0.7143 - auc: 0.7425 - loss: 0.6264 - val_accuracy: 0.7333 - val_auc: 0.2727 - val_loss: 0.6376 - learning_rate: 5.0000e-05
Epoch 13/100
1/1 - 0s - 354ms/step - accuracy: 0.7024 - auc: 0.7892 - loss: 0.6020 - val_accuracy: 0.7333 - val_auc: 0.2500 - val_loss: 0.6382 - learning_rate: 5.0000e-05
Epoch 14/100
1/1 - 0s - 353ms/step - accuracy: 0.6667 - auc: 0.7436 - loss: 0.6172 - val_accuracy: 0.7333 - val_auc: 0.2386 - val_loss: 0.6386 - learning_rate: 5.0000e-05
Epoch 15/100
1/1 - 0s - 341ms/step - accuracy: 0.6786 - auc: 0.7775 - loss: 0.5954 - val_accuracy: 0.7333 - val_auc: 0.2273 - val_loss: 0.6386 - learning_rate: 5.0000e-05
Epoch 16/100
1/1 - 0s - 338ms/step - accuracy: 0.6905 - auc: 0.7789 - loss: 0.5964 - val_accuracy: 0.7333 - val_auc: 0.2273 - val_loss: 0.6381 - learning_rate: 5.0000e-05
Epoch 17/100
1/1 - 0s - 341ms/step - accuracy: 0.7143 - auc: 0.7889 - loss: 0.5954 - val_accuracy: 0.7333 - val_auc: 0.2273 - val_loss: 0.6373 - learning_rate: 5.0000e-05
Epoch 18/100
1/1 - 0s - 337ms/step - accuracy: 0.7738 - auc: 0.8108 - loss: 0.5851 - val_accuracy: 0.7333 - val_auc: 0.2386 - val_loss: 0.6366 - learning_rate: 5.0000e-05
Epoch 19/100
1/1 - 0s - 336ms/step - accuracy: 0.6786 - auc: 0.8020 - loss: 0.5924 - val_accuracy: 0.7333 - val_auc: 0.2273 - val_loss: 0.6360 - learning_rate: 5.0000e-05
Epoch 20/100
1/1 - 0s - 339ms/step - accuracy: 0.7381 - auc: 0.8134 - loss: 0.5774 - val_accuracy: 0.7333 - val_auc: 0.2273 - val_loss: 0.6352 - learning_rate: 5.0000e-05
Epoch 21/100
1/1 - 0s - 341ms/step - accuracy: 0.7143 - auc: 0.7806 - loss: 0.5906 - val_accuracy: 0.7333 - val_auc: 0.2273 - val_loss: 0.6347 - learning_rate: 5.0000e-05

Fold metrics (affect_valence):
  acc: 0.5758
  bal_acc: 0.5790
  precision: 0.5500
  recall: 0.6875
  f1: 0.6111
  mcc: 0.1617
  auc: 0.6875
Confusion matrix:
 [[ 8  9]
 [ 5 11]]
Classification report:
              precision    recall  f1-score   support

           0     0.6154    0.4706    0.5333        17
           1     0.5500    0.6875    0.6111        16

    accuracy                         0.5758        33
   macro avg     0.5827    0.5790    0.5722        33
weighted avg     0.5837    0.5758    0.5710        33


--- Target: affect_arousal ---
Train label counts:
affect_arousal
4.0    29630
2.0    14538
Name: count, dtype: int64
Test label counts:
affect_arousal
4.0    7739
2.0    6721
Name: count, dtype: int64
Epoch 1/100
1/1 - 2s - 2s/step - accuracy: 0.4524 - auc: 0.5259 - loss: 0.7124 - val_accuracy: 0.9333 - val_auc: 0.5000 - val_loss: 0.5979 - learning_rate: 1.0000e-04
Epoch 2/100
1/1 - 0s - 349ms/step - accuracy: 0.6071 - auc: 0.5691 - loss: 0.6738 - val_accuracy: 0.9333 - val_auc: 0.3571 - val_loss: 0.5070 - learning_rate: 1.0000e-04
Epoch 3/100
1/1 - 0s - 340ms/step - accuracy: 0.6667 - auc: 0.5867 - loss: 0.6470 - val_accuracy: 0.9333 - val_auc: 0.2500 - val_loss: 0.4457 - learning_rate: 1.0000e-04
Epoch 4/100
1/1 - 0s - 346ms/step - accuracy: 0.6429 - auc: 0.5861 - loss: 0.6402 - val_accuracy: 0.9333 - val_auc: 0.2143 - val_loss: 0.4087 - learning_rate: 1.0000e-04
Epoch 5/100
1/1 - 0s - 344ms/step - accuracy: 0.6548 - auc: 0.6694 - loss: 0.6257 - val_accuracy: 0.9333 - val_auc: 0.2143 - val_loss: 0.3905 - learning_rate: 1.0000e-04
Epoch 6/100
1/1 - 0s - 341ms/step - accuracy: 0.6429 - auc: 0.5627 - loss: 0.6568 - val_accuracy: 0.9333 - val_auc: 0.1786 - val_loss: 0.3869 - learning_rate: 1.0000e-04
Epoch 7/100
1/1 - 0s - 339ms/step - accuracy: 0.6429 - auc: 0.6938 - loss: 0.6199 - val_accuracy: 0.9333 - val_auc: 0.1071 - val_loss: 0.3912 - learning_rate: 1.0000e-04
Epoch 8/100
1/1 - 0s - 345ms/step - accuracy: 0.6310 - auc: 0.6336 - loss: 0.6399 - val_accuracy: 0.9333 - val_auc: 0.0714 - val_loss: 0.4031 - learning_rate: 1.0000e-04
Epoch 9/100
1/1 - 0s - 343ms/step - accuracy: 0.6310 - auc: 0.7225 - loss: 0.6175 - val_accuracy: 0.9333 - val_auc: 0.0714 - val_loss: 0.4207 - learning_rate: 1.0000e-04
Epoch 10/100
1/1 - 0s - 340ms/step - accuracy: 0.6548 - auc: 0.7515 - loss: 0.5915 - val_accuracy: 0.9333 - val_auc: 0.0714 - val_loss: 0.4420 - learning_rate: 1.0000e-04
Epoch 11/100
1/1 - 0s - 337ms/step - accuracy: 0.6667 - auc: 0.7269 - loss: 0.6028 - val_accuracy: 0.9333 - val_auc: 0.0714 - val_loss: 0.4668 - learning_rate: 1.0000e-04
Epoch 12/100
1/1 - 0s - 338ms/step - accuracy: 0.6548 - auc: 0.7769 - loss: 0.5887 - val_accuracy: 0.9333 - val_auc: 0.0714 - val_loss: 0.4799 - learning_rate: 5.0000e-05
Epoch 13/100
1/1 - 0s - 345ms/step - accuracy: 0.6905 - auc: 0.7809 - loss: 0.5704 - val_accuracy: 0.9333 - val_auc: 0.0714 - val_loss: 0.4937 - learning_rate: 5.0000e-05
Epoch 14/100
1/1 - 0s - 352ms/step - accuracy: 0.6310 - auc: 0.7676 - loss: 0.5881 - val_accuracy: 0.9333 - val_auc: 0.0714 - val_loss: 0.5074 - learning_rate: 5.0000e-05
Epoch 15/100
1/1 - 0s - 338ms/step - accuracy: 0.7143 - auc: 0.7957 - loss: 0.5661 - val_accuracy: 0.9333 - val_auc: 0.0714 - val_loss: 0.5199 - learning_rate: 5.0000e-05
Epoch 16/100
1/1 - 0s - 349ms/step - accuracy: 0.7024 - auc: 0.7349 - loss: 0.5920 - val_accuracy: 0.9333 - val_auc: 0.0714 - val_loss: 0.5313 - learning_rate: 5.0000e-05
Epoch 17/100
1/1 - 0s - 350ms/step - accuracy: 0.6667 - auc: 0.7670 - loss: 0.5826 - val_accuracy: 0.9333 - val_auc: 0.0714 - val_loss: 0.5408 - learning_rate: 5.0000e-05
Epoch 18/100
1/1 - 0s - 346ms/step - accuracy: 0.7024 - auc: 0.8046 - loss: 0.5589 - val_accuracy: 0.9333 - val_auc: 0.0714 - val_loss: 0.5491 - learning_rate: 5.0000e-05
Epoch 19/100
1/1 - 0s - 345ms/step - accuracy: 0.7262 - auc: 0.8370 - loss: 0.5464 - val_accuracy: 0.9333 - val_auc: 0.0714 - val_loss: 0.5553 - learning_rate: 5.0000e-05
Epoch 20/100
1/1 - 0s - 348ms/step - accuracy: 0.7143 - auc: 0.7898 - loss: 0.5639 - val_accuracy: 0.9333 - val_auc: 0.0714 - val_loss: 0.5590 - learning_rate: 5.0000e-05
Epoch 21/100
1/1 - 0s - 338ms/step - accuracy: 0.7381 - auc: 0.7858 - loss: 0.5650 - val_accuracy: 0.8667 - val_auc: 0.0714 - val_loss: 0.5605 - learning_rate: 5.0000e-05

Fold metrics (affect_arousal):
  acc: 0.5455
  bal_acc: 0.4925
  precision: 0.5714
  recall: 0.8421
  f1: 0.6809
  mcc: -0.0207
  auc: 0.7105
Confusion matrix:
 [[ 2 12]
 [ 3 16]]
Classification report:
              precision    recall  f1-score   support

           0     0.4000    0.1429    0.2105        14
           1     0.5714    0.8421    0.6809        19

    accuracy                         0.5455        33
   macro avg     0.4857    0.4925    0.4457        33
weighted avg     0.4987    0.5455    0.4813        33


=============================================
HP SUMMARY: lr=0.0001, epochs=100, units=512, batch=256, patience=20, fixed_T=2500
Optimizing combined mean of metric: acc
Combo runtime: 1.5 minutes
  Valence (mean/std):
    acc: 0.4545 (std=0.1071)
    bal_acc: 0.4413 (std=0.0837)
    precision: 0.5073 (std=0.1213)
    recall: 0.6658 (std=0.1539)
    f1: 0.5594 (std=0.1005)
    mcc: -0.1580 (std=0.1907)
    auc: 0.5398 (std=0.1035)
  Arousal (mean/std):
    acc: 0.6288 (std=0.0840)
    bal_acc: 0.5308 (std=0.0486)
    precision: 0.6731 (std=0.1072)
    recall: 0.8765 (std=0.0585)
    f1: 0.7542 (std=0.0624)
    mcc: 0.0480 (std=0.1421)
    auc: 0.6053 (std=0.1467)
  Combined mean acc score = 0.5417
=============================================


=============================================
Best EEGo leave-k-out combined score: 0.6023
Best params (with per-target summaries): {'lr': 0.0001, 'epochs': 100, 'units': 256, 'batch_size': 64, 'patience': 20, 'fixed_T': 1200, 'opt_metric': 'acc', 'mean_valence_metric': 0.5378787878787878, 'mean_arousal_metric': 0.6666666666666666, 'combined_mean_score': 0.6022727272727273, 'valence_summary': {'acc': {'mean': 0.5378787878787878, 'std': 0.06560798513518475}, 'bal_acc': {'mean': 0.4960851116762494, 'std': 0.07509810647701322}, 'precision': {'mean': 0.5450738916256158, 'std': 0.09630652110288393}, 'recall': {'mean': 0.8824013157894737, 'std': 0.07140412419855262}, 'f1': {'mean': 0.6673749692042374, 'std': 0.06917451495745536}, 'mcc': {'mean': -0.020314446811535148, 'std': 0.2112728786891296}, 'auc': {'mean': 0.5313901032747781, 'std': 0.17749534585928656}}, 'arousal_summary': {'acc': {'mean': 0.6666666666666666, 'std': 0.10713739108887085}, 'bal_acc': {'mean': 0.5489750417710944, 'std': 0.11046825408370407}, 'precision': {'mean': 0.684120583717358, 'std': 0.10280844140121377}, 'recall': {'mean': 0.9332675438596492, 'std': 0.048485979187255765}, 'f1': {'mean': 0.7850313971742543, 'std': 0.07290966522950343}, 'mcc': {'mean': 0.1179434309940493, 'std': 0.32012009209157394}, 'auc': {'mean': 0.5593159983291562, 'std': 0.1110552694762474}}}
=============================================


==============================
FINAL TRAIN | Target: affect_valence
==============================
Full label counts:
affect_valence
4.0    34042
2.0    24586
Name: count, dtype: int64
Epoch 1/100
2/2 - 2s - 1s/step - accuracy: 0.5536 - auc: 0.5252 - loss: 0.7015 - val_accuracy: 0.5500 - val_auc: 0.4533 - val_loss: 0.6763 - learning_rate: 1.0000e-04
Epoch 2/100
2/2 - 0s - 132ms/step - accuracy: 0.5268 - auc: 0.5359 - loss: 0.6901 - val_accuracy: 0.6500 - val_auc: 0.4667 - val_loss: 0.6691 - learning_rate: 1.0000e-04
Epoch 3/100
2/2 - 0s - 130ms/step - accuracy: 0.5357 - auc: 0.5759 - loss: 0.6802 - val_accuracy: 0.6500 - val_auc: 0.4400 - val_loss: 0.6587 - learning_rate: 1.0000e-04
Epoch 4/100
2/2 - 0s - 132ms/step - accuracy: 0.5446 - auc: 0.5573 - loss: 0.6945 - val_accuracy: 0.7000 - val_auc: 0.4200 - val_loss: 0.6490 - learning_rate: 1.0000e-04
Epoch 5/100
2/2 - 0s - 132ms/step - accuracy: 0.5625 - auc: 0.5935 - loss: 0.6823 - val_accuracy: 0.7500 - val_auc: 0.3800 - val_loss: 0.6387 - learning_rate: 1.0000e-04
Epoch 6/100
2/2 - 0s - 138ms/step - accuracy: 0.5804 - auc: 0.5930 - loss: 0.6778 - val_accuracy: 0.7500 - val_auc: 0.3667 - val_loss: 0.6295 - learning_rate: 1.0000e-04
Epoch 7/100
2/2 - 0s - 133ms/step - accuracy: 0.5893 - auc: 0.6442 - loss: 0.6678 - val_accuracy: 0.7500 - val_auc: 0.3600 - val_loss: 0.6233 - learning_rate: 1.0000e-04
Epoch 8/100
2/2 - 0s - 132ms/step - accuracy: 0.6161 - auc: 0.6925 - loss: 0.6579 - val_accuracy: 0.7500 - val_auc: 0.3533 - val_loss: 0.6190 - learning_rate: 1.0000e-04
Epoch 9/100
2/2 - 0s - 131ms/step - accuracy: 0.6161 - auc: 0.7271 - loss: 0.6463 - val_accuracy: 0.7500 - val_auc: 0.3333 - val_loss: 0.6166 - learning_rate: 1.0000e-04
Epoch 10/100
2/2 - 0s - 137ms/step - accuracy: 0.6786 - auc: 0.7419 - loss: 0.6302 - val_accuracy: 0.7500 - val_auc: 0.3333 - val_loss: 0.6145 - learning_rate: 1.0000e-04
Epoch 11/100
2/2 - 0s - 137ms/step - accuracy: 0.6161 - auc: 0.6652 - loss: 0.6545 - val_accuracy: 0.7500 - val_auc: 0.3267 - val_loss: 0.6119 - learning_rate: 1.0000e-04
Epoch 12/100
2/2 - 0s - 135ms/step - accuracy: 0.6429 - auc: 0.7423 - loss: 0.6215 - val_accuracy: 0.7500 - val_auc: 0.3333 - val_loss: 0.6113 - learning_rate: 1.0000e-04
Epoch 13/100
2/2 - 0s - 143ms/step - accuracy: 0.7054 - auc: 0.7399 - loss: 0.6198 - val_accuracy: 0.7500 - val_auc: 0.3267 - val_loss: 0.6109 - learning_rate: 1.0000e-04
Epoch 14/100
2/2 - 0s - 138ms/step - accuracy: 0.6875 - auc: 0.7359 - loss: 0.6276 - val_accuracy: 0.7500 - val_auc: 0.3400 - val_loss: 0.6112 - learning_rate: 1.0000e-04
Epoch 15/100
2/2 - 0s - 138ms/step - accuracy: 0.6875 - auc: 0.7372 - loss: 0.6251 - val_accuracy: 0.7500 - val_auc: 0.3467 - val_loss: 0.6109 - learning_rate: 1.0000e-04
Epoch 16/100
2/2 - 0s - 130ms/step - accuracy: 0.6786 - auc: 0.7579 - loss: 0.6133 - val_accuracy: 0.7500 - val_auc: 0.3267 - val_loss: 0.6102 - learning_rate: 5.0000e-05
Epoch 17/100
2/2 - 0s - 131ms/step - accuracy: 0.7054 - auc: 0.7863 - loss: 0.6039 - val_accuracy: 0.7500 - val_auc: 0.3400 - val_loss: 0.6096 - learning_rate: 5.0000e-05
Epoch 18/100
2/2 - 0s - 130ms/step - accuracy: 0.6875 - auc: 0.7616 - loss: 0.6122 - val_accuracy: 0.7500 - val_auc: 0.3267 - val_loss: 0.6086 - learning_rate: 5.0000e-05
Epoch 19/100
2/2 - 0s - 130ms/step - accuracy: 0.6339 - auc: 0.7348 - loss: 0.6203 - val_accuracy: 0.7500 - val_auc: 0.3267 - val_loss: 0.6074 - learning_rate: 5.0000e-05
Epoch 20/100
2/2 - 0s - 130ms/step - accuracy: 0.6696 - auc: 0.7155 - loss: 0.6258 - val_accuracy: 0.7500 - val_auc: 0.3200 - val_loss: 0.6065 - learning_rate: 5.0000e-05
Epoch 21/100
2/2 - 0s - 131ms/step - accuracy: 0.6875 - auc: 0.7654 - loss: 0.6026 - val_accuracy: 0.7500 - val_auc: 0.3267 - val_loss: 0.6058 - learning_rate: 5.0000e-05
Epoch 22/100
2/2 - 0s - 130ms/step - accuracy: 0.6875 - auc: 0.7313 - loss: 0.6111 - val_accuracy: 0.7500 - val_auc: 0.3133 - val_loss: 0.6052 - learning_rate: 5.0000e-05
Epoch 23/100
2/2 - 0s - 130ms/step - accuracy: 0.6696 - auc: 0.7633 - loss: 0.6019 - val_accuracy: 0.7500 - val_auc: 0.3133 - val_loss: 0.6044 - learning_rate: 5.0000e-05
Epoch 24/100
2/2 - 0s - 130ms/step - accuracy: 0.7411 - auc: 0.8429 - loss: 0.5767 - val_accuracy: 0.7500 - val_auc: 0.3133 - val_loss: 0.6037 - learning_rate: 5.0000e-05
Epoch 25/100
2/2 - 0s - 134ms/step - accuracy: 0.7232 - auc: 0.7799 - loss: 0.6048 - val_accuracy: 0.7500 - val_auc: 0.3200 - val_loss: 0.6032 - learning_rate: 5.0000e-05
Saved best final model -> models/best_affect_valence_lstm.keras

==============================
FINAL TRAIN | Target: affect_arousal
==============================
Full label counts:
affect_arousal
4.0    37369
2.0    21259
Name: count, dtype: int64
Epoch 1/100
2/2 - 2s - 1s/step - accuracy: 0.6071 - auc: 0.5526 - loss: 0.6703 - val_accuracy: 0.9500 - val_auc: 0.4474 - val_loss: 0.5440 - learning_rate: 1.0000e-04
Epoch 2/100
2/2 - 0s - 131ms/step - accuracy: 0.5893 - auc: 0.4980 - loss: 0.6760 - val_accuracy: 0.9500 - val_auc: 0.4474 - val_loss: 0.4877 - learning_rate: 1.0000e-04
Epoch 3/100
2/2 - 0s - 131ms/step - accuracy: 0.6161 - auc: 0.6178 - loss: 0.6486 - val_accuracy: 0.9500 - val_auc: 0.3947 - val_loss: 0.4508 - learning_rate: 1.0000e-04
Epoch 4/100
2/2 - 0s - 128ms/step - accuracy: 0.6429 - auc: 0.6342 - loss: 0.6419 - val_accuracy: 0.9500 - val_auc: 0.3947 - val_loss: 0.4259 - learning_rate: 1.0000e-04
Epoch 5/100
2/2 - 0s - 130ms/step - accuracy: 0.6518 - auc: 0.6230 - loss: 0.6413 - val_accuracy: 0.9500 - val_auc: 0.4474 - val_loss: 0.4140 - learning_rate: 1.0000e-04
Epoch 6/100
2/2 - 0s - 130ms/step - accuracy: 0.6607 - auc: 0.7166 - loss: 0.6152 - val_accuracy: 0.9500 - val_auc: 0.3947 - val_loss: 0.4142 - learning_rate: 1.0000e-04
Epoch 7/100
2/2 - 0s - 130ms/step - accuracy: 0.6518 - auc: 0.7315 - loss: 0.6105 - val_accuracy: 0.9500 - val_auc: 0.3421 - val_loss: 0.4223 - learning_rate: 1.0000e-04
Epoch 8/100
2/2 - 0s - 130ms/step - accuracy: 0.6607 - auc: 0.6634 - loss: 0.6351 - val_accuracy: 0.9500 - val_auc: 0.3158 - val_loss: 0.4354 - learning_rate: 1.0000e-04
Epoch 9/100
2/2 - 0s - 130ms/step - accuracy: 0.6786 - auc: 0.7074 - loss: 0.6152 - val_accuracy: 0.9500 - val_auc: 0.3158 - val_loss: 0.4515 - learning_rate: 1.0000e-04
Epoch 10/100
2/2 - 0s - 130ms/step - accuracy: 0.7411 - auc: 0.7772 - loss: 0.5809 - val_accuracy: 0.9500 - val_auc: 0.2895 - val_loss: 0.4679 - learning_rate: 1.0000e-04
Epoch 11/100
2/2 - 0s - 134ms/step - accuracy: 0.7411 - auc: 0.8056 - loss: 0.5745 - val_accuracy: 0.9500 - val_auc: 0.3421 - val_loss: 0.4790 - learning_rate: 1.0000e-04
Epoch 12/100
2/2 - 0s - 139ms/step - accuracy: 0.7411 - auc: 0.7786 - loss: 0.5769 - val_accuracy: 0.9500 - val_auc: 0.3421 - val_loss: 0.4820 - learning_rate: 5.0000e-05
Epoch 13/100
2/2 - 0s - 132ms/step - accuracy: 0.7143 - auc: 0.7823 - loss: 0.5745 - val_accuracy: 0.9500 - val_auc: 0.4211 - val_loss: 0.4821 - learning_rate: 5.0000e-05
Epoch 14/100
2/2 - 0s - 134ms/step - accuracy: 0.7054 - auc: 0.7766 - loss: 0.5787 - val_accuracy: 0.9500 - val_auc: 0.4211 - val_loss: 0.4808 - learning_rate: 5.0000e-05
Epoch 15/100
2/2 - 0s - 134ms/step - accuracy: 0.7054 - auc: 0.7582 - loss: 0.5892 - val_accuracy: 0.9500 - val_auc: 0.3947 - val_loss: 0.4778 - learning_rate: 5.0000e-05
Epoch 16/100
2/2 - 0s - 137ms/step - accuracy: 0.7143 - auc: 0.8157 - loss: 0.5613 - val_accuracy: 0.9500 - val_auc: 0.4211 - val_loss: 0.4743 - learning_rate: 5.0000e-05
Epoch 17/100
2/2 - 0s - 139ms/step - accuracy: 0.7411 - auc: 0.8093 - loss: 0.5619 - val_accuracy: 0.9500 - val_auc: 0.4211 - val_loss: 0.4707 - learning_rate: 5.0000e-05
Epoch 18/100
2/2 - 0s - 141ms/step - accuracy: 0.7500 - auc: 0.8399 - loss: 0.5430 - val_accuracy: 0.9500 - val_auc: 0.3947 - val_loss: 0.4656 - learning_rate: 5.0000e-05
Epoch 19/100
2/2 - 0s - 131ms/step - accuracy: 0.6964 - auc: 0.8035 - loss: 0.5645 - val_accuracy: 0.9500 - val_auc: 0.4211 - val_loss: 0.4604 - learning_rate: 5.0000e-05
Epoch 20/100
2/2 - 0s - 140ms/step - accuracy: 0.7054 - auc: 0.7921 - loss: 0.5614 - val_accuracy: 0.9500 - val_auc: 0.4211 - val_loss: 0.4561 - learning_rate: 5.0000e-05
Epoch 21/100
2/2 - 0s - 136ms/step - accuracy: 0.7143 - auc: 0.7796 - loss: 0.5710 - val_accuracy: 0.9500 - val_auc: 0.4211 - val_loss: 0.4533 - learning_rate: 5.0000e-05
Saved best final model -> models/best_affect_arousal_lstm.keras

Saved model paths: {'affect_valence': 'models/best_affect_valence_lstm.keras', 'affect_arousal': 'models/best_affect_arousal_lstm.keras'}
